Tarih,Hisse,open,high,low,close,volume,YuksekKapanis_Fark,AcilisKapanis_Fark,AcilisKapanisFark_Ort,AcilisKapanisFark_OrtalamayaGoreDegisim,AcilisKapanisFarkOrt_MaxSon10,HacimOrtalama,%Hacim_HacimOrtalama,Fark_Orani,Kosul,rsi,MACD_12_26_9,MACDs_12_26_9,MACDh_12_26_9,Tarih1,%Deg,isPivot,pointpos,destek,direnc,Tsinyal_Banker_Dip,Tsinyal_Banker_DipKarar
20-01-2026 09:00,YYLGD,11.97,13.17,11.96,13.17,31068869.0,0.0,1.2,0.29,321.05,1.2,15836095.3,96.19,0.0,True,82.48,0.55,0.23,0.32,2026-01-20,9.93,0,,9.47,ATH,False,False
20-01-2026 09:00,IHAAS,44.0,49.1,44.0,49.1,2501966.0,0.0,5.1,0.44,1064.38,5.1,1220057.9,105.07,0.0,True,76.27,1.14,0.63,0.51,2026-01-20,9.99,0,,39.94,ATH,False,False
20-01-2026 09:00,BRKSN,7.92,8.46,7.91,8.37,1904865.0,0.09,0.45,0.09,423.26,0.45,712774.6,167.25,0.2,True,70.69,0.09,0.01,0.09,2026-01-20,5.82,0,,6.85,8.68,False,False
20-01-2026 09:00,GLYHO,12.44,13.14,12.43,13.08,17645844.0,0.06,0.64,0.1,566.67,0.64,8704000.8,102.73,0.09,True,70.63,0.17,0.09,0.08,2026-01-20,5.23,0,,11.69,13.19,False,False
20-01-2026 09:00,OBASE,36.6,41.38,36.36,41.38,2595331.0,0.0,4.78,0.68,602.94,4.78,979268.5,165.03,0.0,True,76.74,1.1,0.19,0.91,2026-01-20,9.99,0,,30.4,42.48,False,False
20-01-2026 09:00,MEPET,21.58,22.76,20.7,22.76,1472646.0,0.0,1.18,0.42,184.34,1.18,845039.7,74.27,0.0,True,81.54,1.33,0.65,0.67,2026-01-20,9.95,0,,13.7,ATH,False,False
20-01-2026 09:00,DMRGD,3.3,3.57,3.28,3.5,71550864.0,0.07,0.2,0.02,900.0,0.2,25881484.1,176.46,0.35,True,58.47,0.02,0.01,0.01,2026-01-20,6.71,0,,2.98,3.58,False,False
20-01-2026 09:00,DOFRB,88.25,91.4,85.55,91.2,28040705.0,0.2,2.95,0.07,4114.29,2.95,15501202.5,80.89,0.07,True,61.47,1.89,1.16,0.73,2026-01-20,3.7,0,,74.1,128.7,False,False
20-01-2026 09:00,AKYHO,2.76,3.04,2.71,3.04,11147094.0,0.0,0.28,0.03,700.0,0.28,2762657.8,303.49,0.0,True,69.47,-0.02,-0.05,0.03,2026-01-20,9.75,0,,2.66,3.27,False,False
20-01-2026 09:00,VAKFA,12.4,13.16,12.4,13.16,66868729.0,0.0,0.76,0.07,927.03,0.76,33644117.5,98.75,0.0,True,61.27,-0.19,-0.41,0.21,2026-01-20,9.94,0,,11.11,ATH,True,False
20-01-2026 09:00,BSOKE,24.0,27.18,24.0,27.18,78504227.0,0.0,3.18,1.09,192.55,3.18,36610226.9,114.43,0.0,True,76.51,2.54,1.55,0.99,2026-01-20,9.95,0,,15.74,ATH,False,False
20-01-2026 09:00,GUBRF,384.5,405.0,378.75,403.75,5273798.0,1.25,19.25,2.33,727.96,19.25,2890212.6,82.47,0.06,True,73.25,13.67,11.74,1.93,2026-01-20,5.14,0,,288.5,ATH,False,False
20-01-2026 09:00,GRNYO,17.11,18.82,16.37,18.82,2017345.0,0.0,1.71,0.18,834.43,1.71,931389.5,116.6,0.0,True,68.59,0.73,0.41,0.32,2026-01-20,9.99,0,,13.9,ATH,False,False
20-01-2026 09:00,VSNMD,92.15,101.3,90.8,101.3,5163068.0,0.0,9.15,0.66,1286.36,9.15,1731386.8,198.2,0.0,True,61.55,-1.07,-2.43,1.36,2026-01-20,9.93,0,,87.65,101.4,False,False
19-01-2026 09:00,TKNSA,23.56,24.76,23.56,24.72,4391554.0,0.04,1.16,0.18,537.36,1.16,2826650.9,55.36,0.03,True,68.05,0.03,-0.26,0.29,2026-01-19,5.01,0,,21.76,28.28,False,False
19-01-2026 09:00,BVSAN,105.1,114.8,104.8,113.0,2501976.0,1.8,7.9,0.87,808.05,7.9,930324.3,168.94,0.23,True,65.82,0.68,-0.61,1.29,2026-01-19,8.24,0,,96.1,143.9,False,False
19-01-2026 09:00,BORSK,6.09,6.68,6.09,6.68,30835975.0,0.0,0.59,0.06,953.57,0.59,11449097.8,169.33,0.0,True,67.47,0.05,-0.0,0.05,2026-01-19,9.87,0,,5.7,7.17,False,False
19-01-2026 09:00,OYAYO,51.35,56.45,51.35,56.3,380239.0,0.15,4.95,0.48,931.25,4.95,166023.5,129.03,0.03,True,59.77,-0.27,-0.37,0.1,2026-01-19,9.64,0,,50.0,62.85,True,True
19-01-2026 09:00,OBAMS,8.6,9.21,8.59,9.15,126772552.0,0.06,0.55,0.08,570.73,0.55,50046288.2,153.31,0.11,True,72.09,0.39,0.32,0.08,2026-01-19,6.64,0,,6.7,ATH,False,False
19-01-2026 09:00,SAFKR,26.9,29.48,26.64,29.34,13745821.0,0.14,2.44,0.54,350.18,2.44,6586813.9,108.69,0.06,True,64.39,0.31,-0.12,0.43,2026-01-19,9.31,0,,21.68,30.42,False,False
19-01-2026 09:00,CRFSA,127.0,133.8,127.0,132.6,1450647.0,1.2,5.6,1.38,305.8,5.6,806112.9,79.96,0.21,True,68.77,1.83,0.36,1.47,2026-01-19,6.08,0,,111.7,133.1,False,False
19-01-2026 09:00,SEGMN,28.98,31.82,27.56,31.82,9133739.0,0.0,2.84,0.82,246.34,2.84,5999803.9,52.23,0.0,True,91.7,2.27,0.91,1.36,2026-01-19,9.95,0,,17.58,ATH,False,False
19-01-2026 09:00,SEYKM,5.27,5.72,5.21,5.72,4272579.0,0.0,0.45,0.07,516.44,0.45,1659510.0,157.46,0.0,True,63.2,-0.09,-0.17,0.08,2026-01-19,10.0,0,,4.51,6.7,True,True
19-01-2026 09:00,SKYLP,258.0,280.0,258.0,280.0,192208.0,0.0,22.0,4.18,425.69,22.0,115929.5,65.8,0.0,True,60.76,-0.92,-2.55,1.63,2026-01-19,9.91,0,,216.0,305.0,False,False
19-01-2026 09:00,ULUUN,6.9,7.18,6.88,7.12,6274390.0,0.06,0.22,0.04,423.81,0.22,3381263.0,85.56,0.27,True,65.38,0.02,-0.03,0.06,2026-01-19,3.49,0,,6.36,8.05,False,False
19-01-2026 09:00,MAKTK,14.15,15.48,14.15,15.48,13279062.0,0.0,1.33,0.05,2670.83,1.33,5711070.5,132.51,0.0,True,61.87,0.17,0.15,0.02,2026-01-19,9.94,0,,12.9,16.94,False,False
19-01-2026 09:00,ECOGR,23.08,24.58,23.06,24.46,25547181.0,0.12,1.38,0.12,1050.0,1.38,16621872.9,53.7,0.09,True,61.71,0.5,0.46,0.05,2026-01-19,5.98,0,,20.88,31.98,False,False
19-01-2026 09:00,TARKM,350.75,375.25,350.0,370.0,464392.0,5.25,19.25,3.6,434.72,19.25,256077.6,81.35,0.27,True,65.79,2.67,-1.65,4.32,2026-01-19,5.56,0,,322.0,379.75,False,False
19-01-2026 09:00,IZFAS,53.85,59.2,52.65,59.2,9816777.0,0.0,5.35,0.19,2715.79,5.35,4688930.1,109.36,0.0,True,74.97,2.16,2.14,0.02,2026-01-19,9.94,0,,33.31,ATH,False,False
19-01-2026 09:00,ENTRA,10.67,11.33,10.67,11.22,20898947.0,0.11,0.55,0.05,1022.45,0.55,10384446.0,101.25,0.2,True,67.07,0.1,0.02,0.08,2026-01-19,5.25,0,,10.01,12.1,False,False
16-01-2026 09:00,MGROS,617.0,651.0,617.0,649.5,5993173.0,1.5,32.5,10.6,206.6,32.5,3491057.2,71.67,0.05,True,84.49,27.03,18.68,8.35,2026-01-16,5.35,0,,509.5,ATH,False,False
16-01-2026 09:00,MPARK,410.0,435.75,407.5,429.75,1228069.0,6.0,19.75,4.55,334.07,19.75,749731.6,63.8,0.3,True,84.59,16.73,14.47,2.26,2026-01-16,4.82,0,,304.0,ATH,False,False
16-01-2026 09:00,RUBNS,31.02,34.1,30.6,34.1,15572591.0,0.0,3.08,0.88,250.8,3.08,8999028.0,73.05,0.0,True,85.59,3.16,2.35,0.81,2026-01-16,10.0,0,,19.1,ATH,False,False
16-01-2026 09:00,MZHLD,6.22,6.72,6.19,6.72,900108.0,0.0,0.5,0.08,549.35,0.5,379082.4,137.44,0.0,True,64.34,-0.02,-0.04,0.02,2026-01-16,8.04,0,,6.0,7.09,False,False
16-01-2026 09:00,MEKAG,3.83,4.21,3.77,4.21,42815255.0,0.0,0.38,0.03,1257.14,0.38,21083107.9,103.08,0.0,True,58.43,-0.03,-0.05,0.02,2026-01-16,9.92,0,,3.74,4.41,True,True
16-01-2026 09:00,PETUN,11.7,12.18,11.65,12.05,3400691.0,0.13,0.35,0.04,753.66,0.35,1856523.1,83.18,0.37,True,69.2,0.09,0.02,0.08,2026-01-16,3.79,0,,10.88,13.49,False,False
16-01-2026 09:00,ALTIN,74.07,81.85,74.07,81.85,162638549.0,0.0,7.78,0.55,1304.33,7.78,42949245.2,278.68,0.0,True,40.68,0.02,3.33,-3.3,2026-01-16,4.99,0,,65.0,116.65,False,False
16-01-2026 09:00,ENKAI,81.0,84.4,80.7,84.0,16497379.0,0.4,3.0,0.37,721.92,3.0,10911732.3,51.19,0.13,True,63.98,0.87,0.72,0.16,2026-01-16,3.77,0,,77.2,ATH,False,False
16-01-2026 09:00,AKFYE,18.0,18.46,17.86,18.46,7299227.0,0.0,0.46,0.12,289.83,0.46,3851930.9,89.5,0.0,True,73.19,0.25,0.07,0.18,2026-01-16,2.61,0,,16.23,18.6,False,False
16-01-2026 09:00,ALBRK,8.16,8.42,8.12,8.38,32986343.0,0.04,0.22,0.01,2344.44,0.22,19500767.4,69.15,0.18,True,59.72,0.04,0.02,0.02,2026-01-16,2.7,0,,7.7,8.44,False,False
16-01-2026 09:00,GENTS,10.97,12.0,10.97,12.0,26023710.0,0.0,1.03,0.18,462.84,1.03,10126919.8,156.98,0.0,True,69.05,0.08,-0.11,0.19,2026-01-16,9.99,0,,9.3,12.13,False,False
16-01-2026 09:00,KRPLS,9.62,10.51,9.5,10.5,12491529.0,0.01,0.88,0.24,269.75,0.88,6463770.3,93.25,0.01,True,84.97,0.4,0.14,0.26,2026-01-16,8.25,0,,7.6,10.55,False,False
15-01-2026 09:00,BFREN,154.0,166.3,153.5,163.2,1361351.0,3.1,9.2,0.56,1542.86,9.2,301506.3,351.52,0.34,True,60.94,-0.79,-1.45,0.66,2026-01-15,5.97,0,,151.0,165.1,True,False
15-01-2026 09:00,BESLR,12.54,13.24,12.51,13.21,6531976.0,0.03,0.67,0.07,843.66,0.67,3087215.0,111.58,0.04,True,64.26,0.05,-0.03,0.08,2026-01-15,5.34,0,,12.04,15.26,False,False
15-01-2026 09:00,ALVES,2.74,2.96,2.72,2.95,132406820.0,0.01,0.21,0.03,584.21,0.21,62965990.0,110.28,0.03,True,71.09,0.05,0.03,0.03,2026-01-15,7.66,0,,2.35,2.97,False,False
15-01-2026 09:00,ULUSE,164.5,176.3,163.8,173.6,322449.0,2.7,9.1,1.1,727.27,9.1,128114.0,151.69,0.3,True,64.58,1.76,0.63,1.14,2026-01-15,5.6,0,,148.7,209.0,False,False
15-01-2026 09:00,ULKER,126.0,132.4,124.9,131.1,12756663.0,1.3,5.1,2.03,151.23,5.1,7749849.3,64.61,0.25,True,77.5,3.38,1.47,1.91,2026-01-15,4.46,0,,106.3,ATH,False,False
15-01-2026 09:00,INTEM,277.25,304.75,275.5,304.75,209228.0,0.0,27.5,2.2,1150.0,27.5,78785.2,165.57,0.0,True,67.31,2.91,1.53,1.39,2026-01-15,9.92,0,,262.75,342.0,False,False
15-01-2026 09:00,BYDNR,28.68,31.68,27.58,31.68,729523.0,0.0,3.0,0.55,447.45,3.0,462508.4,57.73,0.0,True,66.32,1.27,0.97,0.3,2026-01-15,10.0,0,,23.82,ATH,False,False
15-01-2026 09:00,AKFIS,20.82,21.66,20.74,21.52,3491661.0,0.14,0.7,0.11,514.04,0.7,1900241.7,83.75,0.2,True,56.28,-0.18,-0.3,0.12,2026-01-15,3.46,0,,20.04,21.92,False,False
15-01-2026 09:00,OZYSR,40.14,43.88,40.08,42.94,2768356.0,0.94,2.8,0.08,3233.33,2.8,957980.3,188.98,0.34,True,55.18,-0.46,-0.43,-0.04,2026-01-15,6.71,0,,39.68,48.18,False,False
15-01-2026 09:00,PAPIL,16.36,17.55,16.34,17.46,29796454.0,0.09,1.1,0.11,918.52,1.1,16430761.0,81.35,0.08,True,57.17,0.09,0.06,0.03,2026-01-15,6.99,0,,15.89,19.24,False,False
15-01-2026 09:00,KOTON,16.7,17.35,16.7,17.28,6847818.0,0.07,0.58,0.16,271.79,0.58,3461574.1,97.82,0.12,True,71.95,0.31,0.13,0.18,2026-01-15,3.47,0,,14.59,18.14,False,False
15-01-2026 09:00,KARTN,78.45,86.25,78.45,86.25,1076028.0,0.0,7.8,0.64,1118.75,7.8,252960.5,325.37,0.0,True,69.95,-0.08,-0.66,0.59,2026-01-15,9.94,0,,76.85,89.75,False,False
15-01-2026 09:00,DGATE,72.4,75.25,71.5,74.9,800080.0,0.35,2.5,0.46,443.48,2.5,397742.7,101.16,0.14,True,66.24,1.69,0.74,0.95,2026-01-15,3.88,0,,58.3,84.95,False,False
15-01-2026 09:00,LIDFA,2.52,2.71,2.49,2.71,62708626.0,0.0,0.19,0.03,551.71,0.19,21833942.81,187.21,0.0,True,78.15,0.07,0.03,0.04,2026-01-15,9.72,0,,2.12,ATH,False,False
15-01-2026 09:00,ANHYT,97.0,102.0,97.0,101.6,3380148.0,0.4,4.6,0.27,1572.73,4.6,2115248.9,59.8,0.09,True,52.89,-0.5,-0.11,-0.4,2026-01-15,4.85,0,,94.5,112.3,False,False
15-01-2026 09:00,EGGUB,90.15,98.3,89.45,97.0,1588324.0,1.3,6.85,0.21,3161.9,6.85,563713.6,181.76,0.19,True,54.74,-1.27,-1.44,0.17,2026-01-15,7.66,0,,91.75,102.6,True,True
15-01-2026 09:00,EGEGY,28.36,31.18,27.98,30.92,4927684.0,0.26,2.56,0.39,553.06,2.56,3184712.5,54.73,0.1,True,77.26,1.03,0.51,0.52,2026-01-15,9.03,0,,22.2,ATH,False,False
15-01-2026 09:00,TMSN,104.2,108.6,103.5,107.4,1788311.0,1.2,3.2,0.56,471.43,3.2,864705.8,106.81,0.37,True,62.65,0.23,-0.41,0.64,2026-01-15,3.07,0,,97.6,122.3,False,False
15-01-2026 09:00,KZGYO,25.18,26.56,24.8,26.3,2391041.0,0.26,1.12,0.24,366.67,1.12,1197426.6,99.68,0.23,True,70.89,0.35,0.11,0.24,2026-01-15,5.12,0,,22.74,27.4,False,False
15-01-2026 09:00,ALTNY,16.94,18.05,16.86,17.82,59892510.0,0.23,0.88,0.25,254.84,0.88,35442038.5,68.99,0.26,True,73.58,0.56,0.3,0.26,2026-01-15,5.51,0,,14.55,19.0,False,False
15-01-2026 09:00,ATATP,147.4,159.0,146.3,159.0,3740126.0,0.0,11.6,1.83,533.88,11.6,1610906.7,132.18,0.0,True,69.33,-0.48,-2.89,2.41,2026-01-15,9.96,0,,129.5,177.9,True,False
15-01-2026 09:00,MEGMT,57.1,61.1,56.75,60.0,16188726.0,1.1,2.9,0.42,598.8,2.9,9598539.2,68.66,0.38,True,69.54,2.07,2.07,0.0,2026-01-15,5.08,0,,52.2,ATH,False,False
15-01-2026 09:00,BAKAB,37.62,40.3,37.42,39.62,672538.0,0.68,2.0,0.15,1198.7,2.0,259047.5,159.62,0.34,True,61.35,-0.0,-0.19,0.19,2026-01-15,5.15,0,,35.82,40.78,False,False
14-01-2026 09:00,BIOEN,17.1,18.81,17.1,18.81,10793828.0,0.0,1.71,0.17,894.19,1.71,3119308.6,246.03,0.0,True,55.6,-0.67,-0.87,0.2,2026-01-14,10.0,0,,15.89,22.42,True,False
14-01-2026 09:00,CCOLA,63.65,68.05,62.95,67.5,19212878.0,0.55,3.85,0.73,431.03,3.85,8362361.0,129.75,0.14,True,77.78,2.14,1.76,0.38,2026-01-14,6.8,0,,56.85,ATH,False,False
14-01-2026 09:00,AEFES,16.58,17.01,16.54,16.99,132011099.0,0.02,0.41,0.1,331.58,0.41,67333775.1,96.05,0.05,True,65.56,0.24,0.19,0.05,2026-01-14,2.91,0,,15.33,17.09,False,False
14-01-2026 09:00,AGHOL,31.56,32.94,31.56,32.94,8381371.0,0.0,1.38,0.35,289.83,1.38,5428687.7,54.39,0.0,True,78.78,0.9,0.61,0.28,2026-01-14,4.64,0,,27.76,ATH,False,False
14-01-2026 09:00,EPLAS,5.36,5.61,5.28,5.55,9601755.0,0.06,0.19,0.04,331.82,0.19,3984371.7,140.99,0.32,True,61.79,-0.01,-0.07,0.06,2026-01-14,3.74,0,,4.91,6.82,False,False
14-01-2026 09:00,ONCSM,265.0,289.5,258.0,289.5,859059.0,0.0,24.5,2.5,880.0,24.5,395748.4,117.07,0.0,True,65.17,5.02,5.42,-0.39,2026-01-14,9.97,0,,249.9,301.0,False,False
14-01-2026 09:00,ADGYO,55.2,60.7,54.0,60.7,4606205.0,0.0,5.5,1.56,251.44,5.5,2259454.3,103.86,0.0,True,80.69,2.63,1.14,1.49,2026-01-14,9.96,0,,43.84,ATH,False,False
14-01-2026 09:00,TUPRS,208.3,220.5,207.8,218.5,37328018.0,2.0,10.2,3.13,225.88,10.2,21959244.5,69.99,0.2,True,75.13,4.03,0.97,3.05,2026-01-14,4.85,0,,182.4,ATH,False,False
14-01-2026 09:00,DYOBY,13.07,13.64,13.03,13.49,3548016.0,0.15,0.42,0.06,577.42,0.42,1165343.9,204.46,0.36,True,57.81,-0.05,-0.1,0.05,2026-01-14,3.21,0,,12.76,14.38,True,False
14-01-2026 09:00,ATAKP,52.75,58.0,52.6,57.75,4967686.0,0.25,5.0,0.46,998.9,5.0,974202.3,409.92,0.05,True,73.62,0.24,-0.08,0.32,2026-01-14,9.48,0,,51.25,ATH,False,False
13-01-2026 09:00,BTCIM,3.93,4.15,3.85,4.12,375925840.0,0.03,0.19,0.03,512.9,0.19,155384850.2,141.93,0.16,True,61.87,-0.01,-0.03,0.02,2026-01-13,4.57,0,,3.6,4.34,False,False
13-01-2026 09:00,MEDTR,28.64,31.4,28.52,30.74,2349439.0,0.66,2.1,0.21,890.57,2.1,864577.3,171.74,0.31,True,71.02,0.3,0.12,0.18,2026-01-13,7.33,0,,27.02,31.48,False,False
13-01-2026 09:00,GARFA,27.74,30.5,27.74,30.5,4228336.0,0.0,2.76,0.42,560.29,2.76,1431137.6,195.45,0.0,True,72.73,0.83,0.52,0.31,2026-01-13,9.95,0,,24.44,ATH,False,False
13-01-2026 09:00,DERHL,13.32,13.92,13.2,13.78,6785123.0,0.14,0.46,0.09,416.85,0.46,3877178.2,75.0,0.3,True,52.13,-0.16,-0.25,0.09,2026-01-13,3.45,0,,12.72,14.94,True,False
13-01-2026 09:00,EKOS,5.47,6.01,5.45,6.01,20708311.0,0.0,0.54,0.01,7614.29,0.54,13203442.6,56.84,0.0,True,45.93,-0.3,-0.25,-0.05,2026-01-13,9.87,0,,5.9,7.32,False,False
13-01-2026 09:00,LOGO,156.5,164.0,155.6,162.5,901490.0,1.5,6.0,0.22,2627.27,6.0,597008.7,51.0,0.25,True,58.04,-0.16,-0.95,0.79,2026-01-13,4.1,0,,150.5,165.8,False,False
13-01-2026 09:00,OZRDN,12.15,13.36,11.92,13.36,924026.0,0.0,1.21,0.03,4553.85,1.21,477058.0,93.69,0.0,True,46.47,-0.31,0.0,-0.32,2026-01-13,9.96,0,,10.18,17.38,False,False
13-01-2026 09:00,BRSAN,574.5,629.0,573.0,629.0,4355060.0,0.0,54.5,8.2,564.63,54.5,1724197.9,152.58,0.0,True,79.66,26.4,20.96,5.44,2026-01-13,9.97,0,,441.0,ATH,False,False
13-01-2026 09:00,PRKAB,31.32,33.84,31.22,33.84,3096771.0,0.0,2.52,0.03,7775.0,2.52,1168442.3,165.03,0.0,True,61.92,-0.36,-0.72,0.37,2026-01-13,9.94,0,,29.94,47.5,True,False
13-01-2026 09:00,AKGRT,7.11,7.6,7.1,7.5,30885813.0,0.1,0.39,0.05,712.5,0.39,14199305.3,117.52,0.26,True,68.16,0.06,0.03,0.03,2026-01-13,5.63,0,,6.7,7.52,False,False
13-01-2026 09:00,SKTAS,3.69,4.08,3.67,4.08,27573442.0,0.0,0.39,0.04,926.32,0.39,9427189.8,192.49,0.0,True,51.27,-0.16,-0.19,0.02,2026-01-13,9.97,0,,3.52,4.87,True,True
13-01-2026 09:00,YEOTK,35.96,37.94,35.66,37.7,6804124.0,0.24,1.74,0.09,1791.3,1.74,4237367.5,60.57,0.14,True,55.91,-0.14,-0.14,-0.0,2026-01-13,5.43,0,,34.8,40.28,False,False
13-01-2026 09:00,ULAS,28.82,31.56,28.82,31.2,646563.0,0.36,2.38,0.43,458.69,2.38,376091.1,71.92,0.15,True,56.1,-0.29,-0.38,0.09,2026-01-13,7.14,0,,27.64,35.0,False,False
13-01-2026 09:00,RGYAS,140.9,148.0,140.8,147.5,1616388.0,0.5,6.6,1.16,468.97,6.6,1064609.9,51.83,0.08,True,61.81,-0.57,-1.92,1.35,2026-01-13,4.76,0,,133.8,168.7,True,False
13-01-2026 09:00,SURGY,42.4,44.64,42.08,44.2,4065633.0,0.44,1.8,0.21,749.06,1.8,2499461.8,62.66,0.24,True,48.06,-0.86,-1.17,0.31,2026-01-13,4.94,0,,39.82,55.0,False,False
13-01-2026 09:00,TRALT,46.62,48.92,45.9,48.46,314357390.0,0.46,1.84,0.48,280.17,1.84,194401071.0,61.71,0.25,True,68.01,2.21,1.98,0.23,2026-01-13,3.81,0,,34.92,ATH,False,False
13-01-2026 09:00,BOSSA,6.33,6.53,6.32,6.49,2802996.0,0.04,0.16,0.0,5233.33,0.16,1541774.3,81.8,0.25,True,48.57,-0.1,-0.12,0.02,2026-01-13,2.2,0,,6.2,7.05,True,False
13-01-2026 09:00,YUNSA,7.7,8.21,7.65,8.14,16539636.0,0.07,0.44,0.05,856.52,0.44,6264073.6,164.04,0.16,True,59.14,-0.11,-0.16,0.05,2026-01-13,5.03,0,,7.36,9.75,True,False
13-01-2026 09:00,SEKFK,7.95,8.54,7.95,8.42,1484848.0,0.12,0.47,0.05,944.44,0.47,597896.6,148.35,0.26,True,60.76,-0.08,-0.11,0.04,2026-01-13,5.38,0,,7.75,8.71,False,False
12-01-2026 09:00,ENSRI,18.0,19.32,17.83,19.2,7210999.0,0.12,1.2,0.3,301.34,1.2,3740781.9,92.77,0.1,True,63.25,0.21,-0.28,0.5,2026-01-12,5.09,0,,12.61,26.85,False,False
12-01-2026 09:00,HATEK,14.86,15.3,14.73,15.25,5355491.0,0.05,0.39,0.02,1460.0,0.39,3426648.3,56.29,0.13,True,43.45,-0.76,-0.9,0.14,2026-01-12,2.62,0,,14.31,25.2,True,True
12-01-2026 09:00,KAREL,8.73,9.12,8.69,9.06,11057587.0,0.06,0.33,0.02,1471.43,0.33,5391853.2,105.08,0.18,True,57.28,-0.09,-0.17,0.08,2026-01-12,4.14,0,,8.29,9.31,True,False
12-01-2026 09:00,ECILC,92.0,100.2,91.9,100.2,8140803.0,0.0,8.2,1.52,437.7,8.2,4565942.7,78.29,0.0,True,71.5,1.07,-0.88,1.95,2026-01-12,9.99,0,,79.4,108.0,False,False
12-01-2026 09:00,KTLEV,28.44,31.24,28.44,31.24,118910087.0,0.0,2.8,1.13,148.67,2.8,73013487.1,62.86,0.0,True,90.5,2.83,1.81,1.03,2026-01-12,10.0,0,,16.39,ATH,False,False
12-01-2026 09:00,EUPWR,34.24,37.48,34.24,37.48,29269664.0,0.0,3.24,0.24,1261.34,3.24,11973295.4,144.46,0.0,True,70.99,1.33,1.01,0.33,2026-01-12,9.98,0,,27.98,ATH,False,False
12-01-2026 09:00,VKFYO,35.68,42.04,35.68,42.04,616301.0,0.0,6.36,1.02,522.31,6.36,304640.1,102.3,0.0,True,64.65,2.21,2.71,-0.5,2026-01-12,9.99,0,,34.2,43.06,False,False
12-01-2026 09:00,ARSAN,3.62,3.96,3.53,3.96,80224143.0,0.0,0.34,0.05,529.63,0.34,52301044.0,53.39,0.0,True,67.95,0.16,0.13,0.03,2026-01-12,10.0,0,,3.05,ATH,False,False
12-01-2026 09:00,PENGD,7.78,8.17,7.78,8.06,6905346.0,0.11,0.28,0.02,1455.56,0.28,3318342.1,108.1,0.39,True,54.39,-0.14,-0.19,0.05,2026-01-12,4.0,0,,7.48,9.26,True,False
12-01-2026 09:00,CUSAN,21.56,22.98,21.38,22.88,1636837.0,0.1,1.32,0.17,685.71,1.32,543743.4,201.03,0.08,True,59.17,-0.12,-0.31,0.19,2026-01-12,6.12,0,,20.4,26.32,True,False
12-01-2026 09:00,SARKY,25.4,27.5,25.4,27.5,34447909.0,0.0,2.1,0.75,178.51,2.1,20239333.5,70.2,0.0,True,88.39,2.32,1.4,0.92,2026-01-12,10.0,0,,14.6,ATH,False,False
12-01-2026 09:00,BLCYT,35.54,39.08,35.46,39.08,3019442.0,0.0,3.54,0.78,355.01,3.54,1008224.6,199.48,0.0,True,76.21,0.8,0.35,0.45,2026-01-12,9.96,0,,30.6,42.58,False,False
12-01-2026 09:00,NETAS,57.75,63.0,57.3,61.5,1616773.0,1.5,3.75,0.25,1370.59,3.75,465030.1,247.67,0.4,True,56.28,-1.17,-1.68,0.51,2026-01-12,7.33,0,,55.15,76.0,True,False
12-01-2026 09:00,ADESE,1.62,1.72,1.62,1.7,425581910.0,0.02,0.08,0.0,1900.0,0.08,271189007.4,56.93,0.25,True,49.25,-0.1,-0.14,0.04,2026-01-12,5.59,0,,1.49,1.96,True,False
12-01-2026 09:00,OTTO,482.0,525.0,480.0,525.0,358194.0,0.0,43.0,5.3,711.32,43.0,183927.8,94.75,0.0,True,61.16,12.87,10.34,2.53,2026-01-12,9.89,0,,453.75,ATH,False,False
12-01-2026 09:00,CATES,33.0,36.3,33.0,35.68,3691265.0,0.62,2.68,0.24,998.36,2.68,1033148.1,257.28,0.23,True,62.71,-0.07,-0.22,0.15,2026-01-12,8.12,0,,32.08,37.38,False,False
09-01-2026 09:00,MANAS,16.63,18.64,16.63,18.64,15055226.0,0.0,2.01,0.53,281.4,2.01,9743931.1,54.51,0.0,True,59.72,1.8,1.72,0.08,2026-01-09,9.97,0,,12.01,21.2,False,False
09-01-2026 09:00,PRDGS,6.28,6.68,6.2,6.65,9759587.0,0.03,0.37,0.04,848.72,0.37,5218823.2,87.01,0.08,True,62.53,0.05,-0.0,0.05,2026-01-09,6.57,0,,5.97,6.67,False,False
09-01-2026 09:00,LILAK,28.84,30.3,28.56,30.06,8537551.0,0.24,1.22,0.0,30400.0,1.22,4037593.0,111.45,0.2,True,61.98,0.47,0.44,0.03,2026-01-09,4.81,0,,24.66,30.44,False,False
09-01-2026 09:00,ANSGR,24.2,24.62,24.02,24.56,14799924.0,0.06,0.36,0.02,1900.0,0.36,7391878.0,100.22,0.17,True,67.54,0.2,0.16,0.04,2026-01-09,2.33,0,,22.34,24.68,False,False
09-01-2026 09:00,LUKSK,105.3,116.9,105.3,116.9,1276551.0,0.0,11.6,1.23,843.09,11.6,440854.0,189.56,0.0,True,66.52,0.08,-1.38,1.46,2026-01-09,9.97,0,,99.0,135.5,False,False
09-01-2026 09:00,ALKIM,17.93,19.65,17.93,19.62,8323245.0,0.03,1.69,0.22,651.11,1.69,3032327.4,174.48,0.02,True,67.43,0.34,0.23,0.11,2026-01-09,9.49,0,,16.82,20.48,False,False
09-01-2026 09:00,MARBL,12.3,13.47,12.23,13.47,5015926.0,0.0,1.17,0.08,1439.47,1.17,1485640.6,237.63,0.0,True,64.96,-0.1,-0.19,0.09,2026-01-09,9.96,0,,12.0,14.96,True,False
09-01-2026 09:00,ALKA,11.57,12.87,11.57,12.87,24677713.0,0.0,1.3,0.16,722.78,1.3,11541777.4,113.81,0.0,True,67.07,0.39,0.27,0.12,2026-01-09,10.0,0,,10.36,13.55,False,False
09-01-2026 09:00,AVOD,3.81,4.18,3.73,4.1,33557113.0,0.08,0.29,0.06,408.77,0.29,15954153.3,110.33,0.28,True,65.85,0.02,-0.03,0.05,2026-01-09,7.33,0,,3.42,4.78,False,False
09-01-2026 09:00,MNDRS,13.55,14.27,13.46,14.2,7490534.0,0.07,0.65,0.08,683.13,0.65,3085736.8,142.75,0.11,True,61.86,-0.04,-0.16,0.12,2026-01-09,5.03,0,,12.68,14.27,False,False
09-01-2026 09:00,ALCTL,106.2,110.9,106.0,110.0,758820.0,0.9,3.8,0.21,1709.52,3.8,338739.0,124.01,0.24,True,58.68,-0.65,-1.28,0.64,2026-01-09,4.27,0,,102.4,111.3,True,False
09-01-2026 09:00,CEMZY,51.15,56.0,50.0,55.7,12071772.0,0.3,4.55,0.38,1110.11,4.55,5188781.8,132.65,0.07,True,67.52,2.35,1.57,0.78,2026-01-09,8.9,0,,41.38,57.8,False,False
09-01-2026 09:00,HEDEF,49.46,54.25,49.46,54.25,13136461.0,0.0,4.79,0.82,484.86,4.79,8240984.9,59.4,0.0,True,58.46,-1.55,-2.62,1.07,2026-01-09,9.95,0,,38.16,58.5,False,False
09-01-2026 09:00,GRSEL,320.0,343.25,319.0,340.5,981690.0,2.75,20.5,1.3,1476.92,20.5,398427.7,146.39,0.13,True,62.03,0.12,-1.16,1.28,2026-01-09,6.74,0,,312.25,356.0,False,False
08-01-2026 09:00,KRDMB,23.24,25.56,23.24,25.0,9400905.0,0.56,1.76,0.1,1695.92,1.76,1344741.7,599.09,0.32,True,65.9,0.13,0.03,0.11,2026-01-08,7.57,0,,22.54,25.12,False,False
08-01-2026 09:00,TNZTP,24.62,26.66,24.38,26.54,8142772.0,0.12,1.92,0.39,392.31,1.92,4303966.8,89.19,0.06,True,76.25,0.77,0.18,0.59,2026-01-08,8.42,0,,20.08,27.8,False,False
08-01-2026 09:00,GOLTS,322.25,328.75,316.0,327.0,183130.0,1.75,4.75,0.68,603.7,4.75,95793.9,91.17,0.37,True,61.99,0.61,-0.74,1.35,2026-01-08,1.55,0,,309.75,328.0,False,False
08-01-2026 09:00,AGROT,3.12,3.41,3.1,3.41,76294615.0,0.0,0.29,0.0,6344.44,0.29,48829561.7,56.25,0.0,True,53.25,-0.11,-0.12,0.02,2026-01-08,10.0,0,,2.89,3.75,True,False
08-01-2026 09:00,GMTAS,22.83,24.99,22.5,24.99,7951014.87,0.0,2.16,0.16,1230.28,2.16,3171003.8,150.74,0.0,True,73.28,0.25,0.12,0.14,2026-01-08,9.96,0,,22.05,ATH,False,False
08-01-2026 09:00,TATGD,12.22,12.61,12.14,12.55,3017284.0,0.06,0.33,0.03,931.25,0.33,1515275.5,99.12,0.18,True,54.98,-0.13,-0.18,0.05,2026-01-08,2.45,0,,11.65,13.32,True,False
08-01-2026 09:00,ASTOR,116.1,125.6,115.1,124.2,49071121.0,1.4,8.1,0.68,1091.18,8.1,27460988.6,78.69,0.17,True,74.43,5.01,4.77,0.24,2026-01-08,6.7,0,,90.6,ATH,False,False
08-01-2026 09:00,BURCE,64.0,70.5,60.9,70.5,2966558.0,0.0,6.5,1.24,424.19,6.5,609135.9,387.01,0.0,True,67.52,5.49,4.56,0.93,2026-01-08,9.98,0,,48.84,ATH,False,False
08-01-2026 09:00,BEYAZ,28.92,31.8,28.3,31.8,4554962.0,0.0,2.88,0.41,602.44,2.88,2730425.9,66.82,0.0,True,68.69,0.53,-0.0,0.53,2026-01-08,9.96,0,,25.84,34.74,False,False
08-01-2026 09:00,PASEU,135.0,149.8,131.0,149.8,8504694.0,0.0,14.8,0.7,2014.29,14.8,3888077.9,118.74,0.0,True,59.39,-1.29,-0.86,-0.43,2026-01-08,9.99,0,,124.1,161.3,False,False
08-01-2026 09:00,SDTTR,193.0,207.0,192.0,204.2,2601427.0,2.8,11.2,0.86,1202.33,11.2,907936.6,186.52,0.25,True,74.47,3.02,0.88,2.13,2026-01-08,6.97,0,,174.7,242.5,False,False
07-01-2026 09:00,KLSYN,7.14,7.87,7.14,7.87,47218528.0,0.0,0.73,0.11,575.93,0.73,10575975.7,346.47,0.0,True,84.65,0.47,0.35,0.12,2026-01-07,9.92,0,,5.13,8.0,False,False
07-01-2026 09:00,FORTE,85.1,93.4,85.1,92.25,10789755.0,1.15,7.15,0.79,810.83,7.15,2928342.3,268.46,0.16,True,68.72,2.13,1.43,0.7,2026-01-07,8.59,0,,78.75,ATH,False,False
07-01-2026 09:00,ENERY,9.51,9.87,9.43,9.84,24611463.0,0.03,0.33,0.04,725.0,0.33,13345707.4,84.41,0.09,True,52.12,-0.14,-0.16,0.02,2026-01-07,3.47,1,9.87,9.08,9.87,True,False
07-01-2026 09:00,DOGUB,44.08,48.48,43.04,48.18,956419.0,0.3,4.1,0.04,11288.89,4.1,586907.7,62.96,0.07,True,47.23,-1.4,-0.71,-0.68,2026-01-07,9.3,2,43.04,43.04,63.25,False,False
06-01-2026 09:00,MERIT,17.71,18.77,17.52,18.71,5939162.0,0.06,1.0,0.06,1512.9,1.0,3796681.3,56.43,0.06,True,57.34,-0.17,-0.32,0.15,2026-01-06,5.83,0,,16.85,24.42,True,False
06-01-2026 09:00,ICBCT,13.56,14.35,13.56,14.2,1615238.0,0.15,0.64,0.05,1180.0,0.64,930414.6,73.6,0.23,True,63.07,-0.1,-0.19,0.09,2026-01-06,4.8,1,14.35,12.74,14.35,False,False
06-01-2026 09:00,EDATA,6.85,7.52,6.81,7.52,57828145.0,0.0,0.67,0.18,274.3,0.67,31226510.9,85.19,0.0,True,82.34,0.37,0.16,0.22,2026-01-06,9.94,0,,4.95,ATH,False,False
06-01-2026 09:00,HALKB,40.2,43.7,39.7,43.16,139921382.0,0.54,2.96,0.6,396.64,2.96,69802931.9,100.45,0.18,True,78.2,1.63,1.34,0.29,2026-01-06,7.9,0,,34.66,ATH,False,False
06-01-2026 09:00,BIMAS,556.0,579.0,551.0,573.5,10141722.0,5.5,17.5,1.75,900.0,17.5,6196546.4,63.67,0.31,True,61.48,2.37,0.47,1.9,2026-01-06,3.61,0,,526.5,576.0,False,False
06-01-2026 09:00,MTRYO,8.65,9.51,8.51,9.51,1301334.0,0.0,0.86,0.09,855.56,0.86,809838.3,60.69,0.0,True,62.56,0.14,0.11,0.03,2026-01-06,9.94,0,,8.02,10.19,False,False
06-01-2026 09:00,RODRG,21.26,23.0,21.04,22.56,501367.0,0.44,1.3,0.21,525.0,1.3,265406.3,88.91,0.34,True,58.82,-0.02,-0.16,0.14,2026-01-06,6.11,0,,20.42,24.5,False,False
06-01-2026 09:00,ISDMR,36.04,37.0,35.94,36.9,2827389.0,0.1,0.86,0.09,877.27,0.86,1569556.0,80.14,0.12,True,62.81,-0.06,-0.17,0.1,2026-01-06,2.84,0,,34.72,39.78,False,False
06-01-2026 09:00,ASELS,240.0,258.0,238.8,257.0,54994067.0,1.0,17.0,3.89,337.02,17.0,31453377.1,74.84,0.06,True,79.97,12.15,8.99,3.16,2026-01-06,7.08,0,,171.5,ATH,False,False
06-01-2026 09:00,TTRAK,526.5,557.0,525.5,557.0,514295.0,0.0,30.5,2.5,1120.0,30.5,233565.3,120.19,0.0,True,67.37,1.26,-1.54,2.8,2026-01-06,5.79,0,,512.0,582.0,False,False
06-01-2026 09:00,THYAO,279.0,289.25,279.0,288.5,60171603.0,0.75,9.5,0.98,874.36,9.5,29747840.3,102.27,0.08,True,67.25,0.13,-1.69,1.82,2026-01-06,3.87,0,,262.75,332.5,False,False
06-01-2026 09:00,KATMR,2.95,3.21,2.92,3.17,293684900.0,0.04,0.22,0.02,900.0,0.22,123799721.6,137.23,0.18,True,58.92,-0.06,-0.09,0.03,2026-01-06,7.82,1,3.21,2.73,3.21,True,False
06-01-2026 09:00,EREGL,24.56,25.2,24.56,25.12,195327688.0,0.08,0.56,0.04,1455.56,0.56,113023871.8,72.82,0.14,True,60.81,-0.08,-0.2,0.12,2026-01-06,2.45,0,,23.46,29.48,False,False
06-01-2026 09:00,TSKB,13.08,13.62,12.99,13.54,44913828.0,0.08,0.46,0.03,1433.33,0.46,21611914.1,107.82,0.17,True,65.11,0.04,-0.01,0.04,2026-01-06,3.6,0,,12.09,13.56,False,False
06-01-2026 09:00,TCKRC,61.6,68.4,61.6,68.4,7454188.0,0.0,6.8,1.4,387.46,6.8,3042554.3,145.0,0.0,True,81.12,2.81,1.52,1.29,2026-01-06,9.97,0,,50.7,ATH,False,False
06-01-2026 09:00,SOKM,50.65,52.95,50.5,52.75,10042529.0,0.2,2.1,0.21,881.31,2.1,5526421.7,81.72,0.1,True,66.25,1.01,1.11,-0.1,2026-01-06,4.15,0,,48.84,ATH,False,False
05-01-2026 09:00,DAPGM,13.12,14.34,12.77,14.34,68425520.0,0.0,1.22,0.11,989.29,1.22,42780984.7,59.94,0.0,True,64.71,0.23,0.15,0.08,2026-01-05,9.97,0,,10.06,14.6,False,False
05-01-2026 09:00,TRHOL,473.0,578.0,473.0,578.0,812747.0,0.0,105.0,4.65,2158.06,105.0,419847.0,93.58,0.0,True,38.45,-2.03,39.34,-41.37,2026-01-05,9.99,2,473.0,473.0,860.0,False,False
05-01-2026 09:00,FZLGY,12.95,13.76,12.85,13.62,10243628.0,0.14,0.67,0.02,3426.32,0.67,4002613.1,155.92,0.21,True,65.98,0.09,-0.01,0.1,2026-01-05,5.42,0,,11.77,15.49,False,False
05-01-2026 09:00,KRONT,13.86,15.02,13.17,14.83,6123170.0,0.19,0.97,0.03,3244.83,0.97,3856106.1,58.79,0.2,True,60.54,-0.18,-0.43,0.25,2026-01-05,7.46,0,,11.99,17.64,True,False
05-01-2026 09:00,DURKN,14.88,16.36,14.77,16.36,4460718.0,0.0,1.48,0.23,551.98,1.48,2780258.3,60.44,0.0,True,74.04,0.19,-0.01,0.2,2026-01-05,9.95,0,,13.64,18.09,False,False
05-01-2026 09:00,IZINV,64.45,70.85,63.65,70.85,369845.0,0.0,6.4,0.23,2682.61,6.4,168052.1,120.08,0.0,True,56.98,-0.31,-0.09,-0.22,2026-01-05,9.93,0,,62.75,76.35,False,False
02-01-2026 09:00,HUBVC,2.46,2.73,2.45,2.71,6620921.0,0.02,0.25,0.01,1685.71,0.25,3374243.8,96.22,0.08,True,51.68,-0.09,-0.1,0.01,2026-01-02,8.84,0,,2.38,3.04,True,True
02-01-2026 09:00,KAYSE,4.32,4.65,4.32,4.59,35391977.72,0.06,0.27,0.01,4691.6,0.27,15159030.35,133.47,0.23,True,64.92,0.06,0.04,0.02,2026-01-02,5.86,0,,4.04,4.65,False,False
02-01-2026 09:00,INFO,3.52,3.78,3.52,3.74,50093575.0,0.04,0.22,0.02,1000.0,0.22,24119092.1,107.69,0.18,True,53.89,-0.1,-0.13,0.03,2026-01-02,6.86,0,,3.38,4.32,True,True
02-01-2026 09:00,SILVR,2.89,3.02,2.83,3.0,5136909.0,0.02,0.11,0.02,478.95,0.11,3174416.6,61.82,0.18,True,64.63,0.02,-0.03,0.04,2026-01-02,2.04,1,3.02,2.6,3.02,False,False
02-01-2026 09:00,MARKA,37.06,40.42,37.0,40.1,2457932.0,0.32,3.04,0.06,4803.23,3.04,1016481.4,141.81,0.11,True,53.91,-1.37,-1.61,0.24,2026-01-02,7.91,0,,33.52,46.76,True,True
02-01-2026 09:00,QUAGR,2.84,3.13,2.83,3.05,291850250.0,0.08,0.21,0.01,2233.33,0.21,125544097.0,132.47,0.38,True,36.67,-0.49,-0.64,0.15,2026-01-02,7.02,1,3.13,ATL,3.13,True,False
02-01-2026 09:00,PCILT,22.2,24.34,21.84,24.34,2126076.0,0.0,2.14,0.16,1271.79,2.14,633723.6,235.49,0.0,True,65.29,-0.18,-0.35,0.17,2026-01-02,9.94,0,,20.78,25.34,True,True
02-01-2026 09:00,SNPAM,25.5,26.76,25.5,26.76,179502.0,0.0,1.26,0.12,932.79,1.26,113784.2,57.76,0.0,True,75.43,0.49,0.02,0.46,2026-01-02,9.94,0,,20.86,ATH,False,False
02-01-2026 09:00,JANTS,18.65,20.46,18.65,20.46,3590606.0,0.0,1.81,0.06,3132.14,1.81,1696163.3,111.69,0.0,True,65.27,-0.15,-0.22,0.07,2026-01-02,9.94,0,,18.46,20.8,True,True
02-01-2026 09:00,A1CAP,11.8,12.98,11.8,12.83,42802464.0,0.15,1.03,0.15,573.2,1.03,13609907.8,214.49,0.15,True,65.29,-0.1,-0.25,0.15,2026-01-02,8.73,0,,10.38,15.04,False,False
02-01-2026 09:00,BMSCH,30.4,33.44,30.4,33.44,15893189.0,0.0,3.04,0.6,404.98,3.04,5440430.5,192.13,0.0,True,77.95,1.87,1.42,0.45,2026-01-02,10.0,1,33.44,23.8,ATH,False,False
02-01-2026 09:00,AYDEM,22.56,24.16,22.02,23.82,9789308.0,0.34,1.26,0.33,279.52,1.26,4272266.2,129.14,0.27,True,78.76,0.82,0.5,0.32,2026-01-02,5.68,0,,19.02,ATH,False,False
02-01-2026 09:00,BAYRK,5.37,5.84,5.35,5.84,36487345.0,0.0,0.47,0.04,1164.73,0.47,14370395.78,153.91,0.0,True,57.2,-0.14,-0.22,0.08,2026-01-02,9.98,0,,4.98,8.92,False,False
02-01-2026 09:00,DZGYO,7.6,8.23,7.6,8.23,24838187.0,0.0,0.63,0.04,1400.0,0.63,6322001.7,292.88,0.0,True,65.76,0.1,0.09,0.01,2026-01-02,9.88,0,,7.06,8.55,False,False
02-01-2026 09:00,FONET,2.81,3.05,2.81,3.02,67686954.0,0.03,0.21,0.01,1809.09,0.21,29008801.4,133.33,0.14,True,64.62,0.0,-0.01,0.01,2026-01-02,8.24,0,,2.65,3.36,False,False
31-12-2025 09:00,ARENA,26.48,28.6,26.48,28.3,2297420.0,0.3,1.82,0.12,1416.67,1.82,677635.2,239.03,0.16,True,58.48,-0.24,-0.32,0.08,2025-12-31,7.44,0,,26.16,29.64,True,True
31-12-2025 09:00,TBORG,159.9,169.4,154.7,169.0,414378.0,0.4,9.1,0.68,1238.24,9.1,219336.3,88.92,0.04,True,60.3,-2.59,-3.64,1.05,2025-12-31,6.22,1,169.4,152.3,169.4,True,False
31-12-2025 09:00,ANELE,15.95,16.79,15.81,16.69,1908263.0,0.1,0.74,0.12,501.63,0.74,847391.4,125.19,0.14,True,61.07,0.0,-0.05,0.06,2025-12-31,4.64,0,,15.03,17.06,False,False
31-12-2025 09:00,ALKLC,174.4,212.6,174.4,212.6,3001375.0,0.0,38.2,6.71,469.3,38.2,1835405.3,63.53,0.0,True,67.7,27.11,26.72,0.39,2025-12-31,9.76,0,,66.9,237.0,False,False
30-12-2025 09:00,DERIM,33.12,36.84,33.12,36.84,1494803.0,0.0,3.72,0.3,1156.76,3.72,333176.3,348.65,0.0,True,62.64,-0.5,-0.72,0.22,2025-12-30,9.97,0,,32.94,42.58,True,True
30-12-2025 09:00,INDES,7.47,7.69,7.47,7.66,16801581.0,0.03,0.19,0.03,578.57,0.19,8017029.5,109.57,0.16,True,65.93,-0.03,-0.11,0.08,2025-12-30,2.96,0,,6.96,8.87,True,False
30-12-2025 09:00,ESCOM,3.71,3.95,3.69,3.9,50106403.0,0.05,0.19,0.08,146.75,0.19,27850098.2,79.91,0.26,True,77.67,0.11,0.03,0.08,2025-12-30,4.56,1,3.95,3.02,3.95,False,False
30-12-2025 09:00,ARMGD,67.0,72.45,65.9,72.45,10736007.0,0.0,5.45,0.58,839.66,5.45,3752488.0,186.1,0.0,True,83.26,6.55,6.02,0.53,2025-12-30,9.94,0,,34.68,ATH,False,False
30-12-2025 09:00,GSDDE,9.7,10.37,9.65,10.37,2736791.0,0.0,0.67,0.04,1495.24,0.67,1614099.0,69.56,0.0,True,61.05,0.03,-0.02,0.05,2025-12-30,6.91,0,,9.29,10.5,False,False
30-12-2025 09:00,CGCAM,34.0,36.34,34.0,35.78,9928954.0,0.56,1.78,0.15,1055.84,1.78,4184226.7,137.29,0.31,True,57.98,-0.23,-0.5,0.27,2025-12-30,5.67,0,,31.9,39.18,True,False
30-12-2025 09:00,BUCIM,7.31,7.55,7.29,7.55,19665693.0,0.0,0.24,0.06,269.23,0.24,11569163.5,69.98,0.0,True,83.47,0.26,0.21,0.05,2025-12-30,3.28,0,,6.06,ATH,False,False
30-12-2025 09:00,NTGAZ,9.67,10.2,9.59,10.2,5291658.0,0.0,0.53,0.02,2844.44,0.53,3294828.2,60.6,0.0,True,55.47,-0.14,-0.16,0.02,2025-12-30,5.37,0,,9.44,10.55,True,True
29-12-2025 09:00,SELEC,75.4,81.5,75.15,80.4,4067383.0,1.1,5.0,0.62,713.01,5.0,1827578.0,122.56,0.22,True,68.76,1.03,0.1,0.93,2025-12-29,6.63,0,,66.35,83.45,False,False
29-12-2025 09:00,DOKTA,21.96,24.14,21.96,24.14,1048601.0,0.0,2.18,0.11,1881.82,2.18,348613.5,200.79,0.0,True,62.38,0.13,-0.11,0.24,2025-12-29,9.93,0,,21.02,25.86,False,False
29-12-2025 09:00,EGEPO,7.5,8.25,7.5,8.25,8978378.0,0.0,0.75,0.09,689.47,0.75,3364263.5,166.87,0.0,True,71.81,-0.02,-0.12,0.1,2025-12-29,10.0,0,,6.7,8.77,False,False
26-12-2025 09:00,PKART,71.0,77.8,70.5,76.55,1179592.0,1.25,5.55,0.35,1485.71,5.55,221649.2,432.19,0.23,True,63.49,-0.43,-1.02,0.59,2025-12-26,7.89,0,,67.0,83.95,True,False
26-12-2025 09:00,MERKO,12.75,13.88,12.74,13.6,17763758.0,0.28,0.85,0.06,1316.67,0.85,4705973.3,277.47,0.33,True,64.41,-0.17,-0.29,0.12,2025-12-26,6.67,0,,12.21,15.54,True,False
26-12-2025 09:00,GESAN,44.62,47.2,44.62,46.94,8765422.0,0.26,2.32,0.15,1406.49,2.32,5333350.4,64.35,0.11,True,59.22,0.12,-0.04,0.15,2025-12-26,5.06,0,,42.98,50.7,False,False
26-12-2025 09:00,AKSEN,64.1,69.05,63.7,68.0,18117283.0,1.05,3.9,0.51,657.28,3.9,9764991.2,85.53,0.27,True,70.95,2.72,2.47,0.25,2025-12-26,6.08,0,,58.7,ATH,False,False
26-12-2025 09:00,BURVA,492.75,545.5,475.0,545.5,202524.0,0.0,52.75,15.4,242.53,52.75,109373.7,85.17,0.0,True,70.3,49.95,47.26,2.69,2025-12-26,9.92,0,,340.0,ATH,False,False
25-12-2025 09:00,AVHOL,36.2,39.72,35.7,39.72,2322742.0,0.0,3.52,0.14,2344.44,3.52,820683.1,183.03,0.0,True,54.83,-0.83,-0.93,0.09,2025-12-25,9.97,2,35.7,35.7,46.56,True,True
25-12-2025 09:00,KLMSN,31.36,34.54,31.36,34.54,4428721.0,0.0,3.18,0.27,1060.58,3.18,1728515.9,156.22,0.0,True,63.54,0.07,-0.34,0.41,2025-12-25,10.0,0,,29.28,39.1,False,False
25-12-2025 09:00,TUCLK,4.66,5.12,4.65,5.12,11543974.0,0.0,0.46,0.01,5011.11,0.46,7122745.9,62.07,0.0,True,57.13,-0.1,-0.11,0.01,2025-12-25,9.87,0,,4.57,5.56,True,True
25-12-2025 09:00,KNFRT,11.19,12.18,10.92,12.18,13899578.0,0.0,0.99,0.1,890.0,0.99,3391075.8,309.89,0.0,True,58.1,-0.35,-0.51,0.16,2025-12-25,9.93,0,,10.36,12.22,True,False
25-12-2025 09:00,VBTYZ,16.96,17.65,16.4,17.65,14482032.0,0.0,0.69,0.03,2553.85,0.69,4603774.9,214.57,0.0,True,68.69,-0.1,-0.31,0.22,2025-12-25,9.97,0,,15.35,19.59,False,False
25-12-2025 09:00,RALYH,212.0,224.3,212.0,224.0,3503792.0,0.3,12.0,3.03,296.04,12.0,1195256.0,193.14,0.03,True,65.92,4.46,4.27,0.19,2025-12-25,4.67,0,,189.3,ATH,False,False
24-12-2025 09:00,ALARK,103.5,107.4,102.5,106.6,15566551.0,0.8,3.1,0.58,429.91,3.1,10254350.6,51.8,0.26,True,78.11,3.69,3.2,0.49,2025-12-24,2.7,0,,75.3,ATH,False,False
24-12-2025 09:00,GOZDE,21.74,23.02,21.74,22.98,2461793.0,0.04,1.24,0.09,1219.15,1.24,1208551.1,103.7,0.03,True,65.99,0.22,0.13,0.08,2025-12-24,4.93,1,23.02,20.56,23.02,False,False
24-12-2025 09:00,AKSUE,18.69,20.76,18.25,20.76,1638641.0,0.0,2.07,0.42,397.6,2.07,901935.2,81.68,0.0,True,67.52,0.74,0.33,0.41,2025-12-24,9.96,0,,14.88,ATH,False,False
24-12-2025 09:00,BALSU,17.89,18.83,17.6,18.83,29574224.0,0.0,0.94,0.14,576.26,0.94,8939489.0,230.83,0.0,True,63.58,-0.38,-0.67,0.29,2025-12-24,9.92,0,,15.2,19.87,True,False
24-12-2025 09:00,GEDZA,25.56,28.1,25.5,28.1,2922967.0,0.0,2.54,0.23,985.47,2.54,608117.4,380.66,0.0,True,66.48,-0.19,-0.42,0.23,2025-12-24,9.94,0,,25.08,30.34,True,False
24-12-2025 09:00,DEVA,60.55,65.35,60.35,65.0,1360819.0,0.35,4.45,0.33,1248.48,4.45,462736.9,194.08,0.08,True,59.82,-0.41,-0.87,0.45,2025-12-24,7.35,1,65.35,60.25,65.35,True,False
24-12-2025 09:00,OYLUM,10.99,11.93,10.99,11.93,4407043.0,0.0,0.94,0.1,803.85,0.94,1965609.9,124.21,0.0,True,72.38,0.17,0.01,0.16,2025-12-24,9.95,0,,9.73,ATH,False,False
24-12-2025 09:00,BIGTK,316.5,347.5,315.25,347.5,445374.0,0.0,31.0,2.42,1178.35,31.0,180248.6,147.09,0.0,True,55.64,-3.04,-4.99,1.95,2025-12-24,9.97,0,,310.0,361.5,True,True
23-12-2025 09:00,BMSTL,71.45,85.15,69.75,85.15,5883660.0,0.0,13.7,1.44,854.7,13.7,2607111.3,125.68,0.0,True,41.64,-1.72,2.86,-4.58,2025-12-23,9.94,2,69.75,69.75,132.0,False,False
23-12-2025 09:00,PATEK,25.36,27.86,25.16,27.86,35494550.0,0.0,2.5,0.1,2303.85,2.5,17291833.2,105.27,0.0,True,58.49,-0.32,-0.66,0.34,2025-12-23,9.94,0,,23.64,27.9,True,False
23-12-2025 09:00,OFSYM,67.0,70.0,64.9,69.8,2878013.0,0.2,2.8,0.86,227.49,2.8,1901461.6,51.36,0.07,True,68.16,1.57,0.29,1.28,2025-12-23,4.18,0,,55.0,81.2,False,False
23-12-2025 09:00,ONRYT,63.15,65.1,62.55,65.1,1233839.0,0.0,1.95,0.04,4775.0,1.95,665197.7,85.48,0.0,True,50.21,-1.48,-2.12,0.64,2025-12-23,3.83,0,,61.55,65.4,True,False
23-12-2025 09:00,YATAS,36.96,38.8,36.62,38.44,3060401.0,0.36,1.48,0.2,632.67,1.48,1289638.3,137.31,0.24,True,63.95,0.57,0.33,0.25,2025-12-23,4.0,0,,33.32,ATH,False,False
22-12-2025 09:00,NTHOL,47.32,49.18,47.28,49.0,2466509.0,0.18,1.68,0.04,3900.0,1.68,1333910.9,84.91,0.11,True,57.74,-0.16,-0.19,0.04,2025-12-22,3.86,0,,46.48,52.3,False,False
22-12-2025 09:00,EUREN,6.7,7.14,6.65,7.14,177677963.0,0.0,0.44,0.03,1275.0,0.44,56670223.8,213.53,0.0,True,62.02,-0.09,-0.23,0.14,2025-12-22,6.57,0,,5.98,9.19,True,False
22-12-2025 09:00,TGSAS,165.5,175.2,162.5,175.2,243263.0,0.0,9.7,0.2,4750.0,9.7,101336.9,140.05,0.0,True,53.25,-4.27,-4.93,0.66,2025-12-22,9.98,0,,160.5,225.0,True,True
22-12-2025 09:00,KERVN,2.12,2.26,2.12,2.26,841649.0,0.0,0.14,0.01,833.33,0.14,507949.6,65.7,0.0,True,54.36,-0.04,-0.07,0.03,2025-12-22,5.61,0,,2.05,2.76,True,False
19-12-2025 09:00,GIPTA,62.55,73.8,60.4,73.8,50513406.0,0.0,11.25,0.34,3160.87,11.25,15834289.1,219.01,0.0,True,51.51,-2.04,-4.75,2.72,2025-12-19,9.99,0,,58.65,144.5,True,False
19-12-2025 09:00,ISFIN,19.13,19.76,18.93,19.6,2864124.0,0.16,0.47,0.04,1242.86,0.47,1524880.1,87.83,0.34,True,63.14,0.07,0.08,-0.01,2025-12-19,3.05,0,,18.51,20.58,False,False
19-12-2025 09:00,AGESA,211.5,220.8,210.6,220.8,581950.0,0.0,9.3,1.13,723.01,9.3,277863.1,109.44,0.0,True,61.74,0.47,0.4,0.07,2025-12-19,4.64,0,,200.1,223.9,False,False
19-12-2025 09:00,EUKYO,16.12,18.18,15.9,18.18,1394360.0,0.0,2.06,0.48,327.39,2.06,579300.9,140.7,0.0,True,73.14,0.24,-0.2,0.44,2025-12-19,9.52,0,,13.2,18.76,False,False
18-12-2025 09:00,SNICA,3.99,4.38,3.99,4.38,59085883.0,0.0,0.39,0.03,1344.44,0.39,13544281.4,336.24,0.0,True,56.9,-0.12,-0.16,0.04,2025-12-18,9.77,0,,3.93,5.83,True,True
18-12-2025 09:00,KTSKR,87.55,96.05,87.55,94.7,2492392.0,1.35,7.15,1.65,333.33,7.15,1245215.9,100.16,0.19,True,80.11,4.29,2.47,1.83,2025-12-18,8.29,0,,67.8,ATH,False,False
18-12-2025 09:00,SUNTK,45.38,48.32,45.38,47.98,3598576.0,0.34,2.6,0.44,493.61,2.6,2072981.7,73.59,0.13,True,68.8,1.54,0.61,0.93,2025-12-18,5.45,0,,35.0,55.0,False,False
18-12-2025 09:00,PARSN,88.15,94.95,87.95,93.9,1049970.0,1.05,5.75,0.66,771.21,5.75,307745.1,241.18,0.18,True,68.0,-0.13,-1.1,0.97,2025-12-18,6.52,0,,83.55,98.55,True,False
18-12-2025 09:00,LIDER,53.95,60.55,53.0,60.55,6009970.0,0.0,6.6,1.41,368.09,6.6,3622256.5,65.92,0.0,True,54.55,-1.74,-2.83,1.08,2025-12-18,9.99,0,,38.76,61.25,False,False
18-12-2025 09:00,DCTTR,8.6,9.17,8.6,9.11,30400075.31,0.07,0.51,0.01,6809.09,0.51,10820311.24,180.95,0.13,True,51.02,-0.27,-0.34,0.07,2025-12-18,5.73,0,,8.13,11.05,True,False
18-12-2025 09:00,BJKAS,1.75,1.92,1.72,1.91,65201551.0,0.01,0.16,0.01,1233.33,0.16,36611532.2,78.09,0.06,True,65.13,-0.02,-0.03,0.02,2025-12-18,9.14,1,1.92,1.72,1.92,True,False
18-12-2025 09:00,FRIGO,10.95,11.91,10.92,11.74,16282853.0,0.17,0.79,0.12,563.87,0.79,8825779.7,84.49,0.22,True,61.25,-0.23,-0.34,0.11,2025-12-18,8.4,0,,9.62,13.88,True,True
18-12-2025 09:00,COSMO,190.9,210.9,190.0,210.9,182179.0,0.0,20.0,4.88,309.84,20.0,110931.6,64.23,0.0,True,68.85,9.03,6.68,2.35,2025-12-18,9.96,0,,154.2,ATH,False,False
18-12-2025 09:00,ESCAR,21.48,22.64,21.4,22.5,8657114.0,0.14,1.02,0.16,529.63,1.02,4616498.4,87.53,0.14,True,68.28,0.46,0.3,0.16,2025-12-18,4.85,0,,18.46,ATH,False,False
18-12-2025 09:00,RYSAS,14.46,15.81,14.46,15.8,42192215.0,0.01,1.34,0.18,648.6,1.34,8543744.7,393.84,0.01,True,71.14,0.04,-0.15,0.19,2025-12-18,9.49,0,,13.48,16.38,False,False
17-12-2025 09:00,ARASE,62.0,67.5,61.7,66.85,2022341.0,0.65,4.85,0.29,1601.75,4.85,603533.5,235.08,0.13,True,66.43,1.47,1.29,0.17,2025-12-17,7.74,0,,56.0,ATH,False,False
17-12-2025 09:00,AHSGY,14.64,16.1,14.02,16.1,8839111.0,0.0,1.46,0.21,605.31,1.46,3496700.0,152.78,0.0,True,64.92,0.31,0.21,0.1,2025-12-17,9.97,0,,12.82,16.3,False,False
17-12-2025 09:00,UNLU,15.14,16.21,15.13,16.0,6560293.0,0.21,0.86,0.06,1243.75,0.86,3194986.8,105.33,0.24,True,63.57,0.19,0.04,0.15,2025-12-17,5.68,0,,13.49,16.45,False,False
17-12-2025 09:00,SANFM,7.09,7.79,7.08,7.71,22765898.0,0.08,0.62,0.06,916.39,0.62,9595336.7,137.26,0.13,True,65.8,0.05,-0.08,0.13,2025-12-17,8.44,0,,6.21,7.78,False,False
17-12-2025 09:00,ATLAS,5.63,6.19,5.59,6.19,2259755.0,0.0,0.56,0.05,1066.67,0.56,728996.7,209.98,0.0,True,61.85,-0.06,-0.1,0.05,2025-12-17,9.95,2,5.59,5.59,6.64,True,True
17-12-2025 09:00,EUYO,12.75,13.95,12.61,13.66,833059.0,0.29,0.91,0.07,1258.21,0.91,227688.1,265.88,0.32,True,62.31,-0.1,-0.18,0.09,2025-12-17,7.47,0,,12.56,14.88,True,False
16-12-2025 09:00,TURSG,12.01,13.0,11.93,12.8,136032194.0,0.2,0.79,0.08,887.5,0.79,48904241.0,178.16,0.25,True,61.44,0.05,0.05,0.0,2025-12-16,6.76,1,13.0,11.53,13.0,False,False
16-12-2025 09:00,KONKA,14.77,15.39,14.69,15.28,5666417.0,0.11,0.51,0.05,900.0,0.51,2603746.6,117.63,0.22,True,57.55,-0.11,-0.3,0.19,2025-12-16,3.24,0,,13.55,18.5,False,False
16-12-2025 09:00,SMART,23.2,25.44,22.92,25.44,5331240.0,0.0,2.24,0.29,677.78,2.24,1738158.2,206.72,0.0,True,65.31,-0.11,-0.34,0.23,2025-12-16,9.94,0,,22.56,27.64,True,False
15-12-2025 09:00,DURDO,3.78,4.01,3.78,3.95,12115197.0,0.06,0.17,0.03,486.21,0.17,6901712.8,75.54,0.35,True,61.91,0.03,0.0,0.02,2025-12-15,5.05,1,4.01,3.55,4.01,False,False
15-12-2025 09:00,SAMAT,6.29,6.88,6.18,6.88,6001450.0,0.0,0.59,0.08,619.51,0.59,1713359.0,250.27,0.0,True,70.51,0.01,-0.07,0.08,2025-12-15,9.9,0,,5.77,7.39,False,False
12-12-2025 09:00,BRKVY,110.0,120.6,105.1,118.8,4454753.0,1.8,8.8,2.63,234.6,8.8,2167166.6,105.56,0.2,True,79.69,5.97,2.93,3.04,2025-12-12,8.0,0,,78.85,ATH,False,False
12-12-2025 09:00,CVKMD,20.98,22.62,20.96,22.36,54633320.0,0.26,1.38,0.42,228.57,1.38,26780642.9,104.0,0.19,True,73.14,0.63,0.16,0.47,2025-12-12,7.19,0,,16.47,22.44,False,False
12-12-2025 09:00,KOPOL,5.69,6.23,5.68,6.23,66294457.0,0.0,0.54,0.05,1025.0,0.54,14648176.7,352.58,0.0,True,59.73,-0.14,-0.21,0.07,2025-12-12,9.88,0,,5.42,7.4,True,False
12-12-2025 09:00,KUTPO,97.0,106.5,96.7,104.1,1430557.0,2.4,7.1,0.65,992.31,7.1,424216.9,237.22,0.34,True,58.97,-1.3,-2.29,0.99,2025-12-12,7.32,0,,94.0,116.0,True,False
12-12-2025 09:00,ENJSA,84.75,89.0,84.6,89.0,4508027.0,0.0,4.25,0.7,511.51,4.25,2328360.1,93.61,0.0,True,75.02,2.0,1.27,0.73,2025-12-12,5.39,0,,72.45,ATH,False,False
12-12-2025 09:00,TATEN,16.5,17.95,16.11,17.95,58751179.0,0.0,1.45,0.13,1032.81,1.45,14778635.7,297.54,0.0,True,57.65,-0.42,-0.71,0.29,2025-12-12,9.99,0,,14.21,23.89,True,False
12-12-2025 09:00,ISKPL,11.27,12.33,11.14,12.15,71815586.0,0.18,0.88,0.34,155.81,0.88,17773777.0,304.05,0.2,True,71.26,0.7,0.41,0.3,2025-12-12,7.05,0,,8.37,ATH,False,False
12-12-2025 09:00,AKENR,11.2,12.32,11.2,12.32,57258974.0,0.0,1.12,0.1,987.38,1.12,19006807.3,201.26,0.0,True,62.65,0.09,0.09,0.0,2025-12-12,10.0,0,,10.48,14.25,False,False
12-12-2025 09:00,TDGYO,35.46,38.48,33.74,38.46,2061867.0,0.02,3.0,0.67,349.1,3.0,881028.4,134.03,0.01,True,81.11,1.83,1.52,0.31,2025-12-12,8.46,0,,27.32,ATH,False,False
12-12-2025 09:00,TKFEN,67.8,71.25,67.65,70.4,5428804.0,0.85,2.6,0.43,504.65,2.6,2756353.6,96.96,0.33,True,44.81,-2.29,-2.69,0.39,2025-12-12,4.07,0,,67.0,85.95,True,True
12-12-2025 09:00,FLAP,9.0,9.68,8.95,9.65,1951018.0,0.03,0.65,0.03,1757.14,0.65,716024.5,172.48,0.05,True,58.19,-0.12,-0.17,0.06,2025-12-12,7.22,1,9.68,8.76,9.68,True,True
11-12-2025 09:00,BRKO,8.25,8.5,8.25,8.5,854022.0,0.0,0.25,0.04,468.18,0.25,546804.3,56.18,0.0,True,65.09,0.06,-0.02,0.08,2025-12-11,5.33,0,,7.15,10.5,False,False
11-12-2025 09:00,LRSHO,5.43,5.75,5.36,5.72,51471625.0,0.03,0.29,0.04,625.0,0.29,29646213.1,73.62,0.1,True,58.31,-0.08,-0.14,0.06,2025-12-11,5.93,0,,5.01,6.62,True,False
11-12-2025 09:00,IMASM,4.96,5.52,4.87,5.52,211036336.0,0.0,0.56,0.08,566.67,0.56,70006986.7,201.45,0.0,True,66.44,0.06,-0.0,0.06,2025-12-11,9.96,0,,4.18,6.35,False,False
11-12-2025 09:00,HOROZ,61.25,65.15,60.8,64.9,1994992.0,0.25,3.65,0.25,1331.37,3.65,905529.1,120.31,0.07,True,68.14,0.36,-0.3,0.66,2025-12-11,5.96,0,,56.9,68.85,False,False
11-12-2025 09:00,EKSUN,5.6,5.82,5.6,5.82,2725251.0,0.0,0.22,0.02,1000.0,0.22,1620099.3,68.22,0.0,True,52.04,-0.11,-0.15,0.04,2025-12-11,3.93,0,,5.49,6.62,True,True
10-12-2025 09:00,ETILR,3.75,4.11,3.74,4.11,17472731.0,0.0,0.36,0.02,1700.0,0.36,5533834.2,215.74,0.0,True,55.81,-0.12,-0.14,0.02,2025-12-10,9.89,0,,3.67,4.86,True,True
10-12-2025 09:00,KCAER,10.58,10.93,10.52,10.89,18515696.0,0.04,0.31,0.02,1837.5,0.31,10634254.2,74.11,0.13,True,42.95,-0.51,-0.58,0.08,2025-12-10,3.12,1,10.93,10.15,10.93,True,True
10-12-2025 09:00,MOPAS,32.12,35.22,32.0,35.22,8201294.0,0.0,3.1,0.34,811.76,3.1,2329772.6,252.02,0.0,True,65.33,-0.35,-0.75,0.39,2025-12-10,9.99,0,,30.54,37.46,True,False
10-12-2025 09:00,AKCNS,139.6,147.4,139.0,147.1,1883091.0,0.3,7.5,1.51,396.69,7.5,780788.2,141.18,0.04,True,71.85,2.77,0.69,2.07,2025-12-10,5.45,0,,122.7,152.7,False,False
09-12-2025 09:00,CEMAS,4.72,5.19,4.68,5.18,64686253.0,0.01,0.46,0.0,9100.0,0.46,24974588.0,159.01,0.02,True,48.18,-0.26,-0.29,0.03,2025-12-09,9.75,1,5.19,5.11,5.19,True,True
08-12-2025 09:00,MACKO,43.24,45.86,43.24,45.3,1109857.0,0.56,2.06,0.25,711.02,2.06,491358.8,125.88,0.27,True,66.01,0.61,0.35,0.25,2025-12-08,4.86,0,,39.64,46.12,False,False
08-12-2025 09:00,AFYON,13.14,13.44,13.14,13.43,5330622.0,0.01,0.29,0.03,1015.38,0.29,2973918.9,79.25,0.03,True,61.51,0.06,0.03,0.02,2025-12-08,2.28,0,,12.89,13.52,False,False
08-12-2025 09:00,YAPRK,247.4,272.0,247.1,272.0,779281.0,0.0,24.6,1.58,1456.96,24.6,172181.0,352.59,0.0,True,64.4,-3.84,-6.42,2.58,2025-12-08,9.94,0,,239.0,285.5,True,False
08-12-2025 09:00,KBORU,14.76,15.81,14.41,15.52,21706468.0,0.29,0.76,0.02,4650.0,0.76,7376403.3,194.27,0.38,True,64.52,0.08,-0.01,0.09,2025-12-08,6.59,0,,13.7,15.7,False,False
08-12-2025 09:00,OTKAR,493.0,540.0,493.0,529.5,983535.0,10.5,36.5,4.82,656.48,36.5,438002.2,124.55,0.29,True,72.63,7.31,0.93,6.39,2025-12-08,7.84,1,540.0,452.0,540.0,False,False
08-12-2025 09:00,MAGEN,32.86,35.1,32.02,34.58,9989827.0,0.52,1.72,0.12,1382.76,1.72,5655346.8,76.64,0.3,True,67.05,1.2,1.32,-0.13,2025-12-08,5.23,0,,30.56,ATH,False,False
08-12-2025 09:00,SISE,38.1,41.52,38.06,41.52,91638275.0,0.0,3.42,0.44,670.27,3.42,42381411.2,116.22,0.0,True,77.09,0.72,0.37,0.35,2025-12-08,9.96,0,,34.12,ATH,False,False
08-12-2025 09:00,TLMAN,97.2,105.5,95.95,105.5,658956.0,0.0,8.3,0.95,773.68,8.3,308078.3,113.89,0.0,True,62.84,-0.2,-0.99,0.79,2025-12-08,9.95,0,,91.8,110.7,False,False
08-12-2025 09:00,DUNYH,103.0,112.0,100.8,111.5,562535.0,0.5,8.5,0.59,1340.68,8.5,318743.2,76.49,0.06,True,53.15,-1.24,-0.91,-0.33,2025-12-08,8.25,0,,98.9,124.6,False,False
08-12-2025 09:00,BNTAS,6.39,6.83,6.39,6.79,13046758.0,0.04,0.4,0.0,39900.0,0.4,3925476.9,232.36,0.1,True,60.0,-0.04,-0.07,0.03,2025-12-08,6.93,0,,6.28,7.42,True,True
08-12-2025 09:00,TURGG,27.7,30.0,27.64,29.62,1499574.0,0.38,1.92,0.14,1252.11,1.92,453941.5,230.35,0.2,True,64.25,-0.13,-0.47,0.35,2025-12-08,7.55,0,,25.54,33.78,True,False
05-12-2025 09:00,TEKTU,12.12,13.56,12.12,13.56,16102823.0,0.0,1.44,0.3,386.49,1.44,9185245.7,75.31,0.0,True,48.16,-1.25,-1.85,0.6,2025-12-05,9.98,0,,9.79,32.06,True,False
05-12-2025 09:00,CEMTS,10.85,11.64,10.82,11.57,17334143.0,0.07,0.72,0.12,505.04,0.72,7059125.2,145.56,0.1,True,68.6,0.06,-0.07,0.13,2025-12-05,6.44,0,,10.08,11.69,False,False
05-12-2025 09:00,IZMDC,6.58,7.16,6.42,7.11,33238915.0,0.05,0.53,0.04,1132.56,0.53,14352838.7,131.58,0.09,True,67.59,0.06,-0.04,0.11,2025-12-05,9.22,0,,5.91,ATH,False,False
05-12-2025 09:00,LINK,237.2,264.25,235.0,264.25,2194053.0,0.0,27.05,1.95,1290.75,27.05,1226389.0,78.9,0.0,True,49.54,-22.65,-30.26,7.62,2025-12-05,9.92,0,,203.6,388.0,True,False
05-12-2025 09:00,TMPOL,350.5,400.0,350.5,398.0,1164649.0,2.0,47.5,12.32,285.4,47.5,504956.8,130.64,0.04,True,69.18,45.02,35.51,9.51,2025-12-05,2.25,0,,173.7,432.5,False,False
04-12-2025 09:00,VANGD,45.26,49.4,44.5,49.4,886642.0,0.0,4.14,0.88,369.39,4.14,270694.4,227.54,0.0,True,72.14,0.72,0.09,0.63,2025-12-04,9.97,0,,39.04,58.5,False,False
03-12-2025 09:00,ODINE,242.0,265.75,242.0,265.75,4002316.0,0.0,23.75,3.59,562.48,23.75,1464313.2,173.32,0.0,True,63.76,6.07,7.91,-1.84,2025-12-03,9.9,0,,206.8,301.5,False,False
03-12-2025 09:00,METRO,4.8,5.4,4.8,5.4,26796308.0,0.0,0.6,0.05,1124.49,0.6,10465839.7,156.04,0.0,True,57.22,-0.07,-0.06,-0.01,2025-12-03,9.98,0,,4.54,6.56,False,False
03-12-2025 09:00,KRVGD,2.48,2.62,2.47,2.62,12078103.0,0.0,0.14,0.01,1650.0,0.14,6641997.2,81.84,0.0,True,56.98,-0.0,0.0,-0.01,2025-12-03,5.65,0,,2.42,2.69,False,False
03-12-2025 09:00,DMSAS,10.65,11.02,10.5,10.96,5833661.0,0.06,0.31,0.05,496.15,0.31,2186791.7,166.77,0.19,True,91.71,0.37,0.34,0.03,2025-12-03,3.1,0,,ATL,ATH,False,False
03-12-2025 09:00,HATSN,41.88,44.44,41.46,44.0,4929635.0,0.44,2.12,0.17,1118.39,2.12,1093156.9,350.95,0.21,True,56.03,-1.16,-1.55,0.39,2025-12-03,6.13,1,44.44,39.44,44.44,True,False
03-12-2025 09:00,SMRTG,25.44,27.9,25.34,27.9,6466498.0,0.0,2.46,0.08,3136.84,2.46,3366568.0,92.08,0.0,True,61.06,-0.2,-0.37,0.18,2025-12-03,9.93,0,,24.82,28.5,True,True
03-12-2025 09:00,CWENE,25.06,27.54,24.84,27.14,46403567.0,0.4,2.08,0.21,871.96,2.08,28292483.0,64.01,0.19,True,62.73,0.67,0.62,0.05,2025-12-03,8.39,0,,20.77,27.43,False,False
03-12-2025 09:00,GSDHO,4.57,4.85,4.55,4.79,12666364.0,0.06,0.22,0.03,566.67,0.22,6541550.1,93.63,0.27,True,63.5,-0.01,-0.05,0.04,2025-12-03,4.81,0,,4.25,4.98,False,False
03-12-2025 09:00,RTALB,3.71,4.02,3.67,4.0,128203951.0,0.02,0.29,0.01,5700.0,0.29,31063428.0,312.72,0.07,True,55.03,-0.07,-0.07,-0.0,2025-12-03,8.7,1,4.02,3.55,4.02,True,True
02-12-2025 09:00,NIBAS,3.65,3.97,3.63,3.97,41060354.24,0.0,0.32,0.02,1432.26,0.32,10915111.66,276.18,0.0,True,58.32,-0.04,-0.06,0.01,2025-12-02,9.98,0,,3.43,4.39,False,False
02-12-2025 09:00,YBTAS,23.98,25.54,23.98,25.54,501448.0,0.0,1.56,0.15,926.32,1.56,162008.2,209.52,0.0,True,58.91,-0.49,-0.74,0.25,2025-12-02,9.99,1,25.54,21.0,30.0,True,True
02-12-2025 09:00,LMKDC,27.48,28.84,27.48,28.84,8532223.0,0.0,1.36,0.14,844.44,1.36,3823893.1,123.13,0.0,True,58.63,0.38,0.46,-0.08,2025-12-02,1.12,2,27.48,27.48,29.22,False,False
01-12-2025 09:00,VAKBN,28.78,30.62,28.48,30.28,119677118.0,0.34,1.5,0.27,455.56,1.5,65671953.2,82.23,0.23,True,77.51,1.05,0.7,0.35,2025-12-01,5.21,0,,21.38,ATH,False,False
01-12-2025 09:00,ISMEN,39.98,41.84,39.98,41.72,8010323.0,0.12,1.74,0.11,1511.11,1.74,4576315.0,75.04,0.07,True,53.24,-0.5,-0.57,0.07,2025-12-01,4.46,0,,39.32,46.04,False,False
01-12-2025 09:00,NUHCM,227.1,235.4,227.0,235.4,157946.0,0.0,8.3,0.45,1744.44,8.3,105204.0,50.13,0.0,True,52.72,-2.77,-3.18,0.42,2025-12-01,3.65,0,,222.3,253.25,True,True
01-12-2025 09:00,GLCVY,75.45,80.6,75.05,80.25,1367472.0,0.35,4.8,0.73,553.06,4.8,866888.0,57.74,0.07,True,66.3,1.87,1.5,0.37,2025-12-01,6.36,0,,70.5,ATH,False,False
01-12-2025 09:00,DAGI,7.94,8.56,7.92,8.45,14728960.0,0.11,0.51,0.01,5566.67,0.51,7031748.0,109.46,0.22,True,60.42,-0.05,-0.12,0.06,2025-12-01,6.69,0,,7.4,8.9,False,False
28-11-2025 09:00,NATEN,8.38,8.7,8.32,8.62,10067014.0,0.08,0.24,0.01,1746.15,0.24,4873700.3,106.56,0.33,True,50.39,-0.11,-0.12,0.02,2025-11-28,2.86,2,8.32,8.32,9.38,True,True
27-11-2025 09:00,GUNDG,155.1,170.6,155.1,170.6,1513929.0,0.0,15.5,6.69,131.69,15.5,870706.1,73.87,0.0,True,83.57,13.22,5.27,7.95,2025-11-27,9.99,0,,79.55,ATH,False,False
27-11-2025 09:00,DNISI,19.77,21.44,19.5,21.16,3331752.0,0.28,1.39,0.0,34650.0,1.39,979119.7,240.28,0.2,True,49.98,-0.35,-0.33,-0.02,2025-11-27,7.03,2,19.5,19.5,22.96,True,True
26-11-2025 09:00,OYAKC,22.18,23.3,22.06,23.02,69811012.0,0.28,0.84,0.16,438.46,0.84,38524227.0,81.21,0.33,True,64.59,0.22,0.13,0.09,2025-11-26,3.79,0,,21.14,ATH,False,False
26-11-2025 09:00,PINSU,12.22,13.43,12.21,13.43,27653901.0,0.0,1.21,0.05,2474.47,1.21,5924657.3,366.76,0.0,True,56.06,-0.11,-0.06,-0.06,2025-11-26,9.99,0,,12.1,15.43,False,False
26-11-2025 09:00,SMRVA,437.25,476.5,432.75,476.5,3170555.0,0.0,39.25,8.3,372.89,39.25,1215175.4,160.91,0.0,True,75.97,30.57,26.2,4.36,2025-11-26,9.98,0,,301.75,ATH,False,False
26-11-2025 09:00,BARMA,26.5,29.12,25.96,29.12,14454055.0,0.0,2.62,0.68,286.43,2.62,9125494.3,58.39,0.0,True,82.15,1.85,1.2,0.65,2025-11-26,9.97,0,,18.3,ATH,False,False
26-11-2025 09:00,EBEBK,53.25,55.15,53.25,54.7,771164.0,0.45,1.45,0.2,625.0,1.45,459759.5,67.73,0.31,True,53.94,-0.15,-0.2,0.05,2025-11-26,2.82,0,,52.1,57.15,False,False
25-11-2025 09:00,CELHA,8.61,9.49,8.61,9.49,12255748.0,0.0,0.88,0.06,1275.0,0.88,2942095.0,316.57,0.0,True,64.32,-0.03,-0.09,0.06,2025-11-25,9.97,0,,8.36,9.55,False,False
24-11-2025 09:00,ISSEN,7.7,8.34,7.57,8.34,6689153.0,0.0,0.64,0.02,3664.71,0.64,1256808.1,432.23,0.0,True,59.47,-0.1,-0.13,0.03,2025-11-24,9.88,0,,7.49,8.54,True,True
24-11-2025 09:00,ERCB,85.9,96.1,82.8,96.1,7066102.0,0.0,10.2,0.38,2549.35,10.2,3786585.1,86.61,0.0,True,70.39,3.26,0.77,2.49,2025-11-24,9.95,0,,65.7,ATH,False,False
24-11-2025 09:00,KLRHO,154.0,169.4,152.8,169.4,8456609.0,0.0,15.4,3.94,290.86,15.4,3257762.6,159.58,0.0,True,68.27,5.88,3.28,2.6,2025-11-24,10.0,0,,120.2,ATH,False,False
24-11-2025 09:00,ENDAE,15.14,16.1,15.05,16.1,3910021.0,0.0,0.96,0.04,2300.0,0.96,1794038.3,117.95,0.0,True,57.31,-0.23,-0.28,0.05,2025-11-24,6.34,1,16.1,14.0,16.98,False,False
24-11-2025 09:00,VESTL,31.76,33.92,31.76,33.92,11428800.0,0.0,2.16,0.02,10700.0,2.16,6625113.4,72.51,0.0,True,59.93,-0.68,-0.89,0.2,2025-11-24,9.99,0,,29.38,34.8,True,False
24-11-2025 09:00,ARDYZ,27.7,30.46,27.2,30.46,13762685.0,0.0,2.76,0.27,937.59,2.76,8498343.8,61.95,0.0,True,60.69,0.7,0.49,0.21,2025-11-24,9.96,0,,25.04,30.72,False,False
21-11-2025 09:00,ADEL,32.0,35.2,31.5,34.66,10065414.0,0.54,2.66,0.29,810.96,2.66,2710699.4,271.32,0.2,True,67.55,0.26,-0.05,0.3,2025-11-21,8.31,0,,28.88,ATH,False,False
21-11-2025 09:00,KONTR,14.28,15.7,14.23,15.7,98273203.59,0.0,1.43,0.03,4212.5,1.43,48693345.19,101.82,0.0,True,55.65,-0.36,-0.38,0.02,2025-11-21,9.99,0,,13.69,17.67,True,True
21-11-2025 09:00,SASA,3.0,3.16,3.0,3.12,2577851160.0,0.04,0.12,0.01,823.08,0.12,1495361346.0,72.39,0.33,True,53.03,-0.07,-0.1,0.03,2025-11-21,3.31,0,,2.77,3.3,True,False
20-11-2025 09:00,CRDFA,45.46,50.3,44.6,50.3,2826210.0,0.0,4.84,0.72,574.09,4.84,1260553.7,124.2,0.0,True,66.89,2.6,2.62,-0.02,2025-11-20,9.92,0,,36.08,ATH,False,False
20-11-2025 09:00,IZENR,9.37,9.95,9.07,9.83,41463687.0,0.12,0.46,0.0,11400.0,0.46,23303838.3,77.93,0.26,True,59.85,0.02,-0.0,0.03,2025-11-20,5.7,0,,8.41,10.6,False,False
20-11-2025 09:00,SELVA,1.85,2.03,1.8,2.03,56317591.0,0.0,0.18,0.02,718.18,0.18,28890038.0,94.94,0.0,True,51.48,-0.02,0.0,-0.02,2025-11-20,9.73,0,,1.76,2.49,False,False
18-11-2025 09:00,SANEL,33.52,38.46,32.94,38.46,1173304.0,0.0,4.94,0.38,1200.0,4.94,701999.3,67.14,0.0,True,71.13,1.94,0.69,1.25,2025-11-18,9.95,0,,26.12,ATH,False,False
18-11-2025 09:00,GEREL,18.41,20.14,18.4,20.14,27162499.0,0.0,1.73,0.06,2832.2,1.73,8900789.0,205.17,0.0,True,59.28,-0.57,-0.71,0.14,2025-11-18,9.99,0,,15.76,23.5,True,False
17-11-2025 09:00,MIATK,36.9,40.48,36.88,40.48,42662669.0,0.0,3.58,0.16,2194.87,3.58,25522310.2,67.16,0.0,True,56.08,-0.45,-0.65,0.21,2025-11-17,10.0,0,,36.64,41.46,True,True
17-11-2025 09:00,RNPOL,41.9,45.8,41.9,45.76,551227.0,0.04,3.86,0.65,490.21,3.86,348074.2,58.36,0.01,True,73.33,0.99,0.52,0.47,2025-11-17,9.74,0,,37.5,ATH,False,False
14-11-2025 09:00,VKING,34.42,37.66,33.5,37.66,2647930.0,0.0,3.24,0.65,401.55,3.24,1213878.2,118.14,0.0,True,70.3,1.27,0.97,0.3,2025-11-14,9.99,0,,26.74,ATH,False,False
13-11-2025 09:00,TRENJ,75.0,81.4,74.25,80.0,22265554.0,1.4,5.0,0.27,1751.85,5.0,6946197.2,220.54,0.28,True,64.02,1.23,0.84,0.39,2025-11-13,8.11,0,,69.4,80.8,False,False
13-11-2025 09:00,ETYAT,25.3,27.7,24.5,27.7,789075.0,0.0,2.4,0.47,412.82,2.4,509421.4,54.9,0.0,True,65.2,0.6,0.84,-0.24,2025-11-13,9.83,0,,22.72,ATH,False,False
13-11-2025 09:00,PRZMA,12.5,13.62,12.5,13.62,798193.0,0.0,1.12,0.02,6488.24,1.12,451429.4,76.81,0.0,True,51.96,-0.38,-0.4,0.02,2025-11-13,9.93,0,,11.75,16.8,True,True
13-11-2025 09:00,USAK,3.43,3.68,3.41,3.63,209814975.0,0.05,0.2,0.01,3233.33,0.2,126516597.4,65.84,0.25,True,54.85,-0.03,-0.04,0.01,2025-11-13,6.76,0,,3.22,3.88,True,True
12-11-2025 09:00,TRMET,92.0,96.55,90.8,95.8,20903564.0,0.75,3.8,0.53,616.98,3.8,8588532.1,143.39,0.2,True,63.57,1.15,0.67,0.48,2025-11-12,8.49,0,,82.1,ATH,False,False
11-11-2025 09:00,FENER,3.77,4.14,3.69,4.14,298484474.41,0.0,0.37,0.0,9900.0,0.37,81271492.83,267.27,0.0,True,61.95,-0.05,-0.1,0.05,2025-11-11,9.96,0,,3.67,4.99,True,False
11-11-2025 09:00,DITAS,16.01,19.0,15.77,18.17,7762198.65,0.83,2.16,0.43,397.66,2.16,4676673.88,65.98,0.38,True,74.23,0.51,-0.07,0.58,2025-11-11,5.18,0,,12.15,20.02,False,False
10-11-2025 09:00,KFEIN,9.51,10.19,9.51,10.02,9271648.0,0.17,0.51,0.03,1658.62,0.51,6075441.3,52.61,0.33,True,54.8,0.03,0.0,0.03,2025-11-10,5.36,0,,9.21,10.36,False,False
10-11-2025 09:00,INVES,206.9,249.2,206.9,238.0,2272369.0,11.2,31.1,3.92,694.38,31.1,568384.2,299.79,0.36,True,31.73,-31.87,-32.43,0.56,2025-11-10,3.57,0,,ATL,335.5,False,False
07-11-2025 09:00,TRCAS,40.8,44.34,40.52,43.94,5329932.0,0.4,3.14,0.37,744.09,3.14,1954884.3,172.65,0.13,True,75.94,0.99,0.43,0.56,2025-11-07,7.75,0,,34.66,ATH,False,False
07-11-2025 09:00,OZSUB,19.99,21.3,19.12,21.2,3993131.0,0.1,1.21,0.31,294.14,1.21,1630699.8,144.87,0.08,True,69.39,0.49,0.13,0.36,2025-11-07,6.05,0,,16.53,ATH,False,False
06-11-2025 09:00,IEYHO,39.92,43.46,39.16,43.46,100677944.0,0.0,3.54,1.13,212.72,3.54,61324588.1,64.17,0.0,True,77.56,2.49,1.8,0.69,2025-11-06,9.97,0,,24.06,ATH,False,False
06-11-2025 09:00,TCELL,98.35,103.4,98.05,102.0,60535430.0,1.4,3.65,0.16,2112.12,3.65,31684470.3,91.06,0.38,True,59.44,0.63,0.53,0.09,2025-11-06,4.4,0,,90.0,104.4,False,False
05-11-2025 09:00,TTKOM,52.7,55.0,52.6,55.0,112588006.0,0.0,2.3,0.23,887.12,2.3,31677971.2,255.41,0.0,True,62.54,0.16,-0.07,0.23,2025-11-05,10.0,0,,49.34,ATH,False,False
05-11-2025 09:00,BIENY,40.2,43.98,40.0,43.36,10704062.0,0.62,3.16,0.19,1598.92,3.16,4696049.9,127.94,0.2,True,64.14,-0.03,-0.34,0.31,2025-11-05,8.13,0,,39.14,51.1,True,False
05-11-2025 09:00,BASGZ,42.0,44.4,41.62,44.16,1906282.0,0.24,2.16,0.46,367.53,2.16,1209297.3,57.64,0.11,True,72.91,1.34,1.08,0.26,2025-11-05,5.75,1,44.4,37.46,44.4,False,False
04-11-2025 09:00,TUKAS,2.89,3.06,2.85,3.03,415586000.0,0.03,0.14,0.02,723.53,0.14,247409069.8,67.98,0.21,True,59.19,-0.02,-0.08,0.06,2025-11-04,5.21,0,,2.56,4.3,True,False
04-11-2025 09:00,OYYAT,54.55,59.65,53.75,59.65,1690085.0,0.0,5.1,0.5,909.9,5.1,729671.6,131.62,0.0,True,84.03,2.22,1.9,0.33,2025-11-04,9.95,0,,44.56,ATH,False,False
03-11-2025 09:00,FMIZP,342.75,367.25,342.75,360.75,183017.0,6.5,18.0,5.48,228.77,18.0,100545.0,82.02,0.36,True,71.87,5.39,-0.01,5.4,2025-11-03,5.25,0,,296.5,ATH,False,False
03-11-2025 09:00,SEKUR,4.14,4.47,4.06,4.46,5571733.83,0.01,0.32,0.0,26400.04,0.32,2412187.82,130.98,0.03,True,51.71,-0.09,-0.1,0.01,2025-11-03,7.89,0,,4.02,ATH,True,True
03-11-2025 09:00,KMPUR,16.95,18.64,16.95,18.64,6134349.0,0.0,1.69,0.11,1408.93,1.69,2007864.2,205.52,0.0,True,64.31,-0.19,-0.34,0.15,2025-11-03,9.97,0,,16.07,20.18,True,False
03-11-2025 09:00,PKENT,233.6,253.0,232.1,253.0,473267.0,0.0,19.4,2.76,602.9,19.4,224902.5,110.43,0.0,True,71.54,-0.07,-3.93,3.86,2025-11-03,10.0,0,,207.9,ATH,True,False
03-11-2025 09:00,YESIL,2.75,3.02,2.75,3.02,191372439.0,0.0,0.27,0.08,255.26,0.27,89045656.3,114.91,0.0,True,71.18,0.07,-0.01,0.07,2025-11-03,9.82,0,,2.18,ATH,False,False
03-11-2025 09:00,LYDHO,200.2,213.7,191.9,213.7,4802592.0,0.0,13.5,5.2,159.62,13.5,1784748.3,169.09,0.0,True,85.88,14.71,5.5,9.21,2025-11-03,9.98,0,,113.2,ATH,False,False
03-11-2025 09:00,POLHO,17.61,19.29,17.45,19.21,23530371.0,0.08,1.6,0.13,1169.84,1.6,6938309.7,239.14,0.05,True,57.69,-0.53,-0.61,0.09,2025-11-03,9.52,0,,15.37,24.56,True,True
03-11-2025 09:00,MEGAP,4.5,5.0,4.5,4.94,1501631.0,0.06,0.44,0.11,311.21,0.44,837319.6,79.34,0.14,True,70.73,0.01,-0.09,0.1,2025-11-03,8.33,1,5.0,3.88,5.0,False,False
03-11-2025 09:00,EUHOL,12.36,13.12,12.36,13.12,2034080.0,0.0,0.76,0.27,181.48,0.76,928261.4,119.13,0.0,True,78.27,0.28,-0.02,0.31,2025-11-03,9.97,0,,9.4,ATH,False,False
31-10-2025 09:00,SUWEN,10.75,11.78,10.75,11.78,34039256.0,0.0,1.03,0.12,787.93,1.03,7464121.7,356.04,0.0,True,67.77,0.0,-0.12,0.13,2025-10-31,9.99,0,,10.0,12.54,True,False
31-10-2025 09:00,KIMMR,14.36,15.21,14.11,15.07,8938938.0,0.14,0.71,0.11,576.19,0.71,2248431.1,297.56,0.2,True,57.98,-0.12,-0.24,0.12,2025-10-31,8.97,0,,12.62,17.5,True,False
31-10-2025 09:00,DENGE,3.32,3.57,3.31,3.57,127099144.0,0.0,0.25,0.07,247.22,0.25,49214224.8,158.26,0.0,True,78.68,0.08,0.0,0.07,2025-10-31,9.85,0,,2.57,ATH,False,False
31-10-2025 09:00,VRGYO,3.34,3.56,3.32,3.53,62528737.0,0.03,0.19,0.03,458.82,0.19,33700769.9,85.54,0.16,True,65.98,0.02,-0.03,0.05,2025-10-31,5.06,0,,2.9,3.7,False,False
31-10-2025 09:00,KRTEK,35.0,37.04,34.26,37.04,2582692.0,0.0,2.04,0.3,589.19,2.04,1178413.7,119.17,0.0,True,69.04,0.52,0.0,0.51,2025-10-31,9.98,0,,29.16,ATH,False,False
31-10-2025 09:00,FADE,15.1,15.87,14.85,15.8,2562185.0,0.07,0.7,0.04,1791.89,0.7,1343362.4,90.73,0.1,True,58.14,-0.06,-0.14,0.07,2025-10-31,4.64,0,,14.28,16.17,False,False
30-10-2025 09:00,ALFAS,42.3,44.44,42.3,43.9,2260167.0,0.54,1.6,0.08,1851.22,1.6,1176835.6,92.05,0.34,True,52.12,-0.77,-1.0,0.23,2025-10-30,3.78,0,,40.18,51.3,True,False
30-10-2025 09:00,VAKFN,1.82,1.93,1.82,1.92,189766359.0,0.01,0.1,0.01,1566.67,0.1,88542005.7,114.32,0.1,True,57.73,-0.01,-0.02,0.01,2025-10-30,5.49,0,,1.74,2.2,True,True
30-10-2025 09:00,TUREX,8.04,8.8,8.0,8.8,86543807.0,0.0,0.76,0.06,1188.14,0.76,34107249.4,153.74,0.0,True,62.55,-0.1,-0.18,0.09,2025-10-30,10.0,0,,7.54,9.42,True,False
30-10-2025 09:00,YIGIT,25.1,27.26,25.1,26.68,5100472.0,0.58,1.58,0.18,768.13,1.58,2480782.8,105.6,0.37,True,58.61,-0.37,-0.58,0.21,2025-10-30,6.55,0,,23.26,29.38,True,False
30-10-2025 09:00,A1YEN,28.8,31.46,28.8,30.78,4151344.0,0.68,1.98,0.14,1275.0,1.98,1541769.8,169.26,0.34,True,59.45,-0.26,-0.51,0.25,2025-10-30,7.02,0,,27.0,33.96,True,False
30-10-2025 09:00,KARSN,9.97,10.95,9.97,10.8,32419430.0,0.15,0.83,0.06,1306.78,0.83,11826123.5,174.13,0.18,True,56.16,-0.2,-0.29,0.09,2025-10-30,8.43,0,,9.38,12.12,True,False
28-10-2025 09:30,BULGS,40.4,43.38,40.24,43.38,23249181.0,0.0,2.98,0.9,231.11,2.98,11891412.0,95.51,0.0,True,79.34,1.14,0.16,0.98,2025-10-28,9.99,0,,30.44,ATH,False,False
27-10-2025 09:00,BOBET,19.46,20.72,19.45,20.36,9789986.0,0.36,0.9,0.08,1039.24,0.9,4658051.2,110.17,0.4,True,61.78,-0.1,-0.23,0.12,2025-10-27,4.62,0,,17.88,21.06,False,False
27-10-2025 09:00,RUZYE,12.7,13.97,12.69,13.72,27605391.0,0.25,1.02,0.1,962.5,1.02,15626542.1,76.66,0.25,True,64.16,0.2,0.13,0.07,2025-10-27,7.19,0,,11.51,14.82,False,False
27-10-2025 09:00,KOCMT,2.73,2.94,2.72,2.91,59826457.0,0.03,0.18,0.02,757.14,0.18,38526532.6,55.29,0.17,True,57.57,-0.05,-0.08,0.03,2025-10-27,6.59,0,,2.49,3.21,True,False
27-10-2025 09:00,MARTI,3.27,3.39,3.26,3.37,46011253.0,0.02,0.1,0.0,2400.0,0.1,28119970.4,63.62,0.2,True,45.95,-0.14,-0.17,0.03,2025-10-27,3.06,0,,2.93,4.38,True,False
27-10-2025 09:00,VAKKO,65.05,69.25,64.55,69.0,1876657.0,0.25,3.95,0.68,480.88,3.95,1017216.7,84.49,0.06,True,67.87,1.23,0.58,0.65,2025-10-27,6.07,0,,57.0,ATH,False,False
27-10-2025 09:00,BAGFS,33.04,35.78,32.88,35.1,3993957.0,0.68,2.06,0.22,853.7,2.06,1911648.9,108.93,0.33,True,58.8,-0.39,-0.74,0.35,2025-10-27,5.91,0,,30.3,36.56,True,False
24-10-2025 09:00,BIZIM,26.42,27.4,26.42,27.3,633500.0,0.1,0.88,0.0,21900.0,0.88,385517.5,64.32,0.11,True,54.77,-0.17,-0.26,0.09,2025-10-24,3.49,0,,24.98,30.0,True,False
24-10-2025 09:00,ELITE,31.96,33.48,31.96,33.48,1490208.0,0.0,1.52,0.15,900.0,1.52,970915.0,53.48,0.0,True,54.87,-0.31,-0.35,0.04,2025-10-24,4.76,0,,30.4,36.32,False,False
24-10-2025 09:00,ISCTR,12.25,13.26,12.25,13.18,1474775810.0,0.08,0.93,0.09,944.94,0.93,617612601.0,138.79,0.09,True,54.1,-0.41,-0.5,0.09,2025-10-24,9.29,0,,11.11,15.51,True,False
24-10-2025 09:00,KRDMD,26.9,28.82,26.84,28.44,105966149.0,0.38,1.54,0.25,511.11,1.54,59201917.1,78.99,0.25,True,59.81,-0.3,-0.49,0.19,2025-10-24,6.84,0,,23.72,30.88,False,False
24-10-2025 09:00,GOODY,15.54,16.57,15.42,16.39,9743023.0,0.18,0.85,0.02,4622.22,0.85,1954733.9,398.43,0.21,True,31.58,-0.4,-0.36,-0.04,2025-10-24,-2.56,2,15.42,15.42,19.95,True,False
24-10-2025 09:00,BEGYO,5.58,6.11,5.58,6.11,72422128.0,0.0,0.53,0.03,1666.67,0.53,28631731.6,152.94,0.0,True,53.82,-0.21,-0.27,0.06,2025-10-24,9.89,0,,5.0,6.21,True,False
24-10-2025 09:00,BIGCH,62.5,66.95,61.0,66.95,677802.0,0.0,4.45,0.79,466.88,4.45,412159.3,64.45,0.0,True,68.6,1.39,1.13,0.26,2025-10-24,6.44,0,,50.0,ATH,False,False
24-10-2025 09:00,BINBN,158.6,176.0,157.2,175.8,2803622.0,0.2,17.2,2.05,739.02,17.2,1322393.9,112.01,0.01,True,69.35,2.45,-0.08,2.53,2025-10-24,9.88,0,,140.3,ATH,False,False
23-10-2025 09:00,HEKTS,3.34,3.66,3.34,3.66,256456129.0,0.0,0.32,0.03,1003.45,0.32,128803501.1,99.11,0.0,True,55.01,-0.1,-0.13,0.03,2025-10-23,9.91,0,,3.12,4.14,True,False
23-10-2025 09:00,ORCAY,3.55,3.98,3.55,3.97,4394254.67,0.02,0.41,0.07,501.16,0.41,2189902.62,100.66,0.04,True,63.87,0.0,-0.01,0.01,2025-10-23,8.97,0,,3.34,ATH,False,False
22-10-2025 09:00,CANTE,1.98,2.16,1.97,2.16,881217560.0,0.0,0.18,0.01,2900.0,0.18,538449170.0,63.66,0.0,True,50.6,-0.06,-0.06,0.01,2025-10-22,9.64,0,,1.93,2.53,True,False
22-10-2025 09:00,TSPOR,1.2,1.32,1.19,1.32,1413985690.0,0.0,0.12,0.0,3900.0,0.12,612260243.3,130.95,0.0,True,64.41,-0.01,-0.01,0.01,2025-10-22,10.0,0,,1.15,1.38,True,True
22-10-2025 09:00,ODAS,5.14,5.62,5.13,5.62,96858146.0,0.0,0.48,0.03,1500.0,0.48,39025417.6,148.19,0.0,True,56.08,-0.09,-0.11,0.02,2025-10-22,9.98,0,,4.97,6.07,True,False
22-10-2025 09:00,GLBMD,13.0,13.98,12.84,13.87,1231168.0,0.11,0.87,0.16,430.49,0.87,492945.1,149.76,0.13,True,57.73,-0.04,-0.08,0.04,2025-10-22,6.53,0,,12.5,14.26,False,False
22-10-2025 09:00,SEGYO,4.19,4.6,4.18,4.6,28830142.0,0.0,0.41,0.01,6733.33,0.41,7724151.0,273.25,0.0,True,56.22,-0.1,-0.11,0.01,2025-10-22,9.79,0,,4.07,5.06,True,True
21-10-2025 09:00,MTRKS,25.18,27.68,25.16,27.24,5154001.0,0.44,2.06,0.29,605.48,2.06,1764635.1,192.07,0.21,True,60.6,-0.34,-0.52,0.18,2025-10-21,8.18,0,,23.22,30.8,True,False
21-10-2025 09:00,KLKIM,32.14,34.24,32.08,33.8,4349211.0,0.44,1.66,0.08,1975.0,1.66,2196692.8,97.99,0.27,True,50.01,-0.78,-0.83,0.05,2025-10-21,5.23,0,,30.12,38.4,True,True
21-10-2025 09:00,GSRAY,1.45,1.54,1.44,1.52,771061230.0,0.02,0.07,0.01,677.78,0.07,352769973.5,118.57,0.29,True,58.8,-0.02,-0.03,0.01,2025-10-21,5.56,0,,1.33,1.63,True,False
20-10-2025 09:00,BRISA,84.05,91.6,84.05,91.4,1881798.0,0.2,7.35,1.22,502.46,7.35,660222.5,185.02,0.03,True,70.61,1.09,0.31,0.78,2025-10-20,9.0,0,,75.0,ATH,False,False
15-10-2025 09:00,BAHKM,49.96,54.95,49.96,54.95,3755595.0,0.0,4.99,0.42,1082.46,4.99,1257474.0,198.66,0.0,True,56.64,-0.38,-0.73,0.35,2025-10-15,9.99,0,,49.0,ATH,False,False
14-10-2025 09:00,OSMEN,8.86,9.44,8.8,9.35,9809053.0,0.09,0.49,0.04,1066.67,0.49,3223268.1,204.32,0.18,True,57.43,-0.09,-0.14,0.05,2025-10-14,5.77,0,,8.24,9.62,False,False
14-10-2025 09:00,HDFGS,3.94,4.33,3.55,4.3,154592531.0,0.03,0.36,0.06,542.86,0.36,98656397.5,56.7,0.08,True,78.74,0.25,0.1,0.15,2025-10-14,9.14,0,,2.43,ATH,False,False
14-10-2025 09:00,BORLS,24.16,26.5,23.8,25.98,5926782.0,0.52,1.82,0.14,1181.69,1.82,2572649.9,130.38,0.29,True,57.67,0.08,-0.0,0.08,2025-10-14,7.53,2,23.8,23.8,29.94,False,False
14-10-2025 09:00,MARMR,5.08,5.94,5.08,5.94,164988018.0,0.0,0.86,0.02,4677.78,0.86,73105537.9,125.68,0.0,True,67.25,0.58,0.54,0.04,2025-10-14,10.0,0,,ATL,8.12,False,False
10-10-2025 09:00,YYAPI,1.99,2.16,1.96,2.14,634182210.0,0.02,0.15,0.01,1400.0,0.15,275186690.7,130.46,0.13,True,61.46,-0.01,-0.02,0.02,2025-10-10,8.08,0,,1.78,2.19,False,False
10-10-2025 09:00,ARZUM,3.3,3.63,3.14,3.63,88783794.0,0.0,0.33,0.07,385.29,0.33,29884370.4,197.09,0.0,True,75.55,0.08,0.03,0.05,2025-10-10,10.0,0,,2.77,ATH,False,False
09-10-2025 09:00,DOFER,59.5,65.45,59.25,65.45,4349773.0,0.0,5.95,1.04,472.12,5.95,2274209.3,91.27,0.0,True,81.23,2.09,1.52,0.57,2025-10-09,10.0,1,65.45,ATL,ATH,False,False
09-10-2025 09:00,ERSU,19.06,20.96,18.5,20.96,1693220.0,0.0,1.9,0.26,630.77,1.9,670004.5,152.72,0.0,True,65.7,0.16,0.14,0.02,2025-10-09,9.97,0,,18.19,21.3,False,False
09-10-2025 09:00,TABGD,229.4,243.0,228.9,240.6,2491282.0,2.4,11.2,0.03,37233.33,11.2,1015563.2,145.31,0.21,True,67.9,2.11,2.42,-0.31,2025-10-09,5.16,0,,224.0,ATH,False,False
08-10-2025 09:00,AVGYO,15.34,17.91,14.67,17.91,6936000.0,0.0,2.57,0.2,1204.57,2.57,3341016.5,107.6,0.0,True,68.17,0.82,0.43,0.39,2025-10-08,9.94,0,,12.3,19.89,False,False
07-10-2025 09:00,TOASO,268.5,279.5,265.25,278.75,7167757.0,0.75,10.25,1.35,659.26,10.25,3820405.8,87.62,0.07,True,68.36,5.03,4.17,0.86,2025-10-07,3.62,0,,251.75,ATH,False,False
06-10-2025 09:00,TERA,151.65,166.5,147.94,166.5,19080124.44,0.0,14.85,1.8,725.0,14.85,11109242.67,71.75,0.0,True,73.16,2.36,0.98,1.38,2025-10-06,9.96,0,,134.78,ATH,False,False
06-10-2025 09:00,GRTHO,519.5,563.0,512.0,552.0,1529116.0,11.0,32.5,2.4,1254.17,32.5,670125.3,128.18,0.34,True,67.07,7.25,4.17,3.08,2025-10-06,6.56,0,,470.75,ATH,False,False
03-10-2025 09:00,OZATD,226.4,242.8,222.5,240.8,837526.0,2.0,14.4,0.51,2723.53,14.4,349094.5,139.91,0.14,True,61.33,1.57,1.23,0.34,2025-10-03,6.36,0,,ATL,248.1,False,False
03-10-2025 09:00,PAMEL,93.6,100.8,93.6,99.7,746878.0,1.1,6.1,1.1,454.55,6.1,374612.0,99.37,0.18,True,34.2,-4.33,-2.86,-1.48,2025-10-03,3.58,0,,86.35,ATH,False,False
01-10-2025 09:00,GENIL,184.9,196.0,182.5,194.5,2041960.0,1.5,9.6,2.81,241.64,9.6,1258966.9,62.19,0.16,True,79.73,4.03,1.65,2.38,2025-10-01,5.19,0,,150.0,ATH,False,False
01-10-2025 09:00,FORMT,3.86,4.09,3.82,4.03,107285141.0,0.06,0.17,0.0,8400.0,0.17,65275926.9,64.36,0.35,True,63.87,0.01,-0.0,0.01,2025-10-01,4.95,0,,3.74,ATH,False,False
01-10-2025 09:00,DSTKF,621.0,704.5,600.5,700.0,5935189.0,4.5,79.0,5.7,1285.96,79.0,3286813.7,80.58,0.06,True,48.18,-0.74,-6.41,5.67,2025-10-01,4.95,0,,526.5,874.0,False,False
29-09-2025 09:00,YAYLA,37.04,41.02,36.76,39.9,1440977.0,1.12,2.86,0.39,640.93,2.86,723733.8,99.1,0.39,True,55.73,-0.26,-0.44,0.18,2025-09-29,6.97,0,,35.32,ATH,False,False
26-09-2025 09:00,ECZYT,251.0,276.75,247.1,276.75,1688339.0,0.0,25.75,6.34,306.15,25.75,600287.1,181.26,0.0,True,79.37,5.08,1.35,3.73,2025-09-26,9.93,0,,207.9,ATH,False,False
25-09-2025 09:00,MOBTL,7.39,7.88,7.3,7.82,21847793.0,0.06,0.43,0.05,814.89,0.43,11360871.8,92.31,0.14,True,58.3,0.04,0.0,0.04,2025-09-25,6.39,0,,6.84,7.91,False,False
25-09-2025 09:00,SKYMD,16.12,17.71,16.1,17.71,21918705.0,0.0,1.59,0.33,380.36,1.59,7381122.6,196.96,0.0,True,73.31,0.31,0.06,0.25,2025-09-25,10.0,0,,12.97,ATH,False,False
24-09-2025 09:00,PRKME,22.2,24.06,22.12,24.06,2387696.0,0.0,1.86,0.26,623.74,1.86,1287361.6,85.47,0.0,True,78.35,0.33,0.13,0.21,2025-09-24,9.96,0,,19.44,ATH,False,False
24-09-2025 09:00,GWIND,24.58,26.22,24.14,26.18,9267373.0,0.04,1.6,0.19,733.33,1.6,4775265.7,94.07,0.02,True,62.0,0.21,0.02,0.2,2025-09-24,6.68,0,,21.64,ATH,False,False
23-09-2025 09:00,BLUME,52.3,58.6,51.7,58.5,6820623.0,0.1,6.2,0.6,933.33,6.2,4245784.9,60.64,0.02,True,60.92,-0.26,-0.62,0.36,2025-09-23,9.76,0,,ATL,ATH,False,False
22-09-2025 09:00,ESEN,12.51,13.65,12.45,13.5,35091328.0,0.15,0.99,0.26,277.86,0.99,19361453.2,81.24,0.15,True,98.88,0.34,0.19,0.16,2025-09-22,7.91,0,,ATL,ATH,False,False
19-09-2025 09:00,HRKET,81.05,88.05,80.55,88.05,6147500.0,0.0,7.0,0.68,937.04,7.0,1722175.3,256.96,0.0,True,69.3,0.57,0.07,0.5,2025-09-19,9.99,0,,74.05,ATH,False,False
18-09-2025 09:00,IHEVA,2.81,3.08,2.81,3.07,17398818.0,0.01,0.26,0.03,687.88,0.26,3971098.0,338.14,0.04,True,73.74,0.02,-0.01,0.03,2025-09-18,9.64,0,,2.35,ATH,False,False
16-09-2025 09:00,EGPRO,26.04,28.62,26.04,28.62,5630733.0,0.0,2.58,0.27,862.69,2.58,1665563.4,238.07,0.0,True,70.36,0.13,-0.04,0.17,2025-09-16,9.99,0,,23.5,ATH,False,False
15-09-2025 09:00,GLRMK,177.5,195.1,172.9,195.1,10108159.0,0.0,17.6,1.96,797.96,17.6,3900661.1,159.14,0.0,True,87.85,1.26,0.38,0.88,2025-09-15,9.98,0,,ATL,ATH,False,False
