Tarih,Hisse,open,high,low,close,volume,YuksekKapanis_Fark,AcilisKapanis_Fark,AcilisKapanisFark_Ort,AcilisKapanisFark_OrtalamayaGoreDegisim,AcilisKapanisFarkOrt_MaxSon10,HacimOrtalama,%Hacim_HacimOrtalama,Fark_Orani,Kosul,rsi,MACD_12_26_9,MACDs_12_26_9,MACDh_12_26_9,Tarih1,%Deg,isPivot,pointpos,destek,direnc,Tsinyal_Banker_Dip,Tsinyal_Banker_DipKarar
13-08-2026 09:00,BJKAS,1.87,2.04,1.86,2.04,279989110.0,0.0,0.17,0.02,709.52,0.17,120394188.6,132.56,0.0,True,67.14,0.05,0.04,0.01,2026-08-13,9.68,0,,1.61,2.05,False,False
13-08-2026 09:00,YAYLA,23.78,25.66,22.94,25.66,5201156.0,0.0,1.88,0.32,480.25,1.88,1273659.7,308.36,0.0,True,69.86,-0.1,-0.54,0.44,2026-08-13,9.94,0,,20.52,27.56,True,False
13-08-2026 09:00,GENKM,10.27,11.05,10.15,10.9,28889158.0,0.15,0.63,0.03,2000.0,0.63,11351215.5,154.5,0.24,True,39.23,-0.87,-0.99,0.11,2026-08-13,6.34,0,,10.16,22.72,True,True
13-08-2026 09:00,AYDEM,24.94,25.74,24.76,25.74,9720658.0,0.0,0.8,0.03,2252.94,0.8,2277532.2,326.81,0.0,True,57.89,-0.52,-0.63,0.11,2026-08-13,10.0,0,,22.4,28.8,True,True
13-08-2026 09:00,MERIT,16.0,17.2,15.95,16.88,10469373.0,0.32,0.88,0.11,730.19,0.88,3304891.7,216.78,0.36,True,54.73,-0.27,-0.31,0.05,2026-08-13,5.76,0,,16.7,18.26,True,True
13-08-2026 09:00,GLRYH,2.96,3.14,2.92,3.12,22094598.0,0.02,0.16,0.01,2566.67,0.16,9313030.6,137.24,0.12,True,52.58,-0.06,-0.08,0.02,2026-08-13,5.41,0,,2.88,3.57,True,True
13-08-2026 09:00,GOODY,2.55,2.75,2.53,2.75,60013844.0,0.0,0.2,0.03,545.16,0.2,17546842.6,242.02,0.0,True,56.14,-0.06,-0.09,0.03,2026-08-13,6.59,0,,2.68,4.22,True,False
13-08-2026 09:00,BOBET,18.23,19.97,18.16,19.97,22542027.0,0.0,1.74,0.18,866.67,1.74,4790490.0,370.56,0.0,True,69.38,-0.14,-0.26,0.12,2026-08-13,9.36,0,,18.77,20.04,True,False
13-08-2026 09:00,TMPOL,485.0,535.5,480.0,535.5,1889089.0,0.0,50.5,10.55,378.67,50.5,950780.4,98.69,0.0,True,71.52,16.63,9.27,7.37,2026-08-13,9.96,0,,411.0,703.0,False,False
13-08-2026 09:00,RNPOL,2.34,2.5,2.26,2.5,5814885.0,0.0,0.16,0.04,344.44,0.16,3416821.8,70.18,0.0,True,56.5,-0.01,-0.04,0.03,2026-08-13,4.6,0,,2.11,2.71,False,False
13-08-2026 09:00,IHLAS,1.03,1.13,1.03,1.13,656714720.0,0.0,0.1,0.01,733.33,0.1,133610952.5,391.51,0.0,True,56.77,-0.04,-0.05,0.02,2026-08-13,9.71,0,,1.0,1.45,True,False
13-08-2026 09:00,BRKO,11.25,12.1,11.25,12.1,676947.0,0.0,0.85,0.02,3763.64,0.85,409779.7,65.2,0.0,True,55.2,-0.47,-0.58,0.11,2026-08-13,10.0,0,,9.95,16.63,True,True
13-08-2026 09:00,BARMA,9.75,11.91,9.75,11.91,13473140.0,0.0,2.16,0.22,900.0,2.16,1995220.7,575.27,0.0,True,10.12,-13.44,-12.27,-1.17,2026-08-13,9.97,0,,ATL,74.5,False,False
13-08-2026 09:00,SISE,40.96,41.88,40.58,41.64,72338346.0,0.24,0.68,0.03,1900.0,0.68,47190559.0,53.29,0.35,True,42.89,-0.76,-0.73,-0.03,2026-08-13,1.66,0,,41.58,45.38,False,False
13-08-2026 09:00,FRMPL,32.68,35.94,32.68,35.2,5333006.0,0.74,2.52,0.48,429.41,2.52,3547975.7,50.31,0.29,True,53.52,-0.04,-0.5,0.46,2026-08-13,7.71,0,,29.74,51.2,False,False
12-08-2026 09:00,SOKM,50.3,52.65,49.12,52.2,8550107.0,0.45,1.9,0.0,2.674012278751239e+17,1.9,5540811.7,54.31,0.24,True,54.89,0.62,0.8,-0.17,2026-08-12,2.15,0,,43.82,56.2,False,False
12-08-2026 09:00,MNDRS,10.35,10.62,10.26,10.6,3654240.0,0.02,0.25,0.02,1090.48,0.25,1649801.4,121.5,0.08,True,43.5,-0.21,-0.22,0.02,2026-08-12,2.12,0,,10.21,12.42,True,True
12-08-2026 09:00,ETYAT,14.52,15.32,14.11,15.3,1376807.0,0.02,0.78,0.16,400.0,0.78,890522.6,54.61,0.03,True,73.26,0.41,0.25,0.16,2026-08-12,5.66,0,,11.33,ATH,False,False
12-08-2026 09:00,ASTOR,302.25,331.75,301.75,331.75,45129937.0,0.0,29.5,3.9,656.41,29.5,24431804.9,84.72,0.0,True,60.84,3.31,0.36,2.95,2026-08-12,9.94,0,,272.0,336.5,False,False
12-08-2026 09:00,OTKAR,291.5,320.25,290.0,320.25,1411627.0,0.0,28.75,2.3,1150.0,28.75,697485.2,102.39,0.0,True,52.01,-13.89,-15.38,1.49,2026-08-12,9.96,0,,ATL,347.75,True,False
12-08-2026 09:00,ISFIN,20.02,20.74,19.88,20.74,4367875.0,0.0,0.72,0.05,1311.76,0.72,2084753.3,109.52,0.0,True,73.32,0.15,0.05,0.1,2026-08-12,3.6,0,,19.04,21.2,False,False
12-08-2026 09:00,ASELS,361.0,382.75,360.0,381.0,57068181.0,1.75,20.0,0.9,2122.22,20.0,36118019.9,58.0,0.09,True,58.15,-2.55,-5.58,3.03,2026-08-12,6.95,0,,331.75,391.25,False,False
12-08-2026 09:00,ECILC,70.4,76.15,69.55,76.0,6928838.0,0.15,5.6,0.54,937.04,5.6,3593062.5,92.84,0.03,True,58.51,-1.26,-2.16,0.9,2026-08-12,8.11,0,,66.05,87.2,True,False
12-08-2026 09:00,SARKY,24.8,26.16,24.66,26.16,10054301.0,0.0,1.36,0.21,553.85,1.36,6272051.4,60.3,0.0,True,55.12,-0.39,-0.62,0.23,2026-08-12,5.31,0,,23.0,26.92,False,False
12-08-2026 09:00,OYAKC,20.84,21.66,20.82,21.52,46544051.0,0.14,0.68,0.02,2733.33,0.68,24868036.3,87.16,0.21,True,59.49,0.03,-0.07,0.09,2026-08-12,3.26,0,,19.62,21.64,False,False
12-08-2026 09:00,KGYO,10.26,11.28,10.11,11.28,31391180.0,0.0,1.02,0.09,985.11,1.02,15562966.5,101.7,0.0,True,60.25,-0.05,-0.21,0.16,2026-08-12,9.94,0,,6.64,12.93,False,False
12-08-2026 09:00,HOROZ,56.0,61.6,55.6,61.6,7641500.0,0.0,5.6,0.41,1249.4,5.6,1713410.6,345.98,0.0,True,55.73,-1.94,-2.48,0.54,2026-08-12,10.0,0,,54.45,81.0,True,False
12-08-2026 09:00,SELVA,1.71,1.88,1.69,1.88,109427197.0,0.0,0.17,0.01,1788.89,0.17,25565413.5,328.03,0.0,True,54.0,-0.06,-0.07,0.01,2026-08-12,9.94,0,,1.85,2.03,True,True
12-08-2026 09:00,IHAAS,49.04,53.9,49.0,53.9,1504944.0,0.0,4.86,0.44,994.59,4.86,987638.9,52.38,0.0,True,47.74,-3.79,-4.51,0.72,2026-08-12,9.91,0,,50.8,73.35,True,True
12-08-2026 09:00,SODSN,7.05,7.58,7.05,7.58,175013.0,0.0,0.53,0.0,26400.0,0.53,108078.9,61.93,0.0,True,25.72,-0.3,-0.25,-0.05,2026-08-12,0.66,0,,ATL,9.4,False,False
12-08-2026 09:00,SILVR,2.2,2.4,2.2,2.37,5025356.0,0.03,0.17,0.01,1316.67,0.17,1631640.0,207.99,0.18,True,51.17,-0.08,-0.09,0.01,2026-08-12,7.73,0,,2.14,2.96,True,True
12-08-2026 09:00,LRSHO,2.75,2.99,2.72,2.99,43054500.0,0.0,0.24,0.01,3900.0,0.24,13048789.4,229.95,0.0,True,53.76,-0.1,-0.13,0.03,2026-08-12,9.93,0,,ATL,3.34,True,True
11-08-2026 09:00,MEDTR,25.5,26.12,25.14,26.0,508302.0,0.12,0.5,0.09,455.56,0.5,260997.3,94.75,0.24,True,42.55,-0.78,-0.88,0.1,2026-08-11,1.96,0,,24.92,29.9,True,False
11-08-2026 09:00,MTRKS,27.82,30.6,27.66,30.12,4169832.0,0.48,2.3,0.16,1374.36,2.3,1243840.7,235.24,0.21,True,60.55,-0.22,-0.38,0.16,2026-08-11,8.27,0,,25.66,31.7,False,False
11-08-2026 09:00,FLAP,9.92,10.4,9.86,10.29,891686.0,0.11,0.37,0.07,460.61,0.37,585877.2,52.2,0.3,True,45.1,-0.4,-0.5,0.1,2026-08-11,3.63,0,,9.49,16.6,True,False
11-08-2026 09:00,FORTE,125.9,137.0,124.9,137.0,7109251.0,0.0,11.1,2.07,436.23,11.1,2391833.2,197.23,0.0,True,77.53,6.84,4.5,2.34,2026-08-11,9.95,0,,100.0,ATH,False,False
11-08-2026 09:00,SAMAT,5.55,5.79,5.43,5.77,3515476.0,0.02,0.22,0.02,1275.0,0.22,1113352.3,215.76,0.09,True,50.86,-0.22,-0.26,0.05,2026-08-11,7.45,0,,5.13,8.59,True,True
11-08-2026 09:00,GLBMD,11.89,12.9,11.64,12.7,640908.0,0.2,0.81,0.13,542.86,0.81,227131.8,182.17,0.25,True,51.37,-0.36,-0.34,-0.02,2026-08-11,6.72,0,,12.36,15.4,False,False
11-08-2026 09:00,CUSAN,27.52,29.94,27.0,29.94,7678368.0,0.0,2.42,0.49,391.87,2.42,1718538.4,346.8,0.0,True,73.0,0.64,0.12,0.52,2026-08-11,9.99,0,,22.56,31.1,False,False
10-08-2026 09:00,BRSAN,603.0,629.0,600.0,629.0,4786753.0,0.0,26.0,0.95,2636.84,26.0,2078595.2,130.29,0.0,True,65.76,6.01,-1.56,7.56,2026-08-10,9.97,0,,504.5,648.5,False,False
10-08-2026 09:00,OFSYM,53.85,60.5,53.85,60.5,4670407.0,0.0,6.65,0.61,990.16,6.65,2404573.5,94.23,0.0,True,70.62,-0.1,-1.19,1.1,2026-08-10,10.0,0,,49.64,61.75,True,False
10-08-2026 09:00,BMSTL,46.7,50.85,46.58,50.5,4761899.0,0.35,3.8,0.54,606.32,3.8,2485819.2,91.56,0.09,True,68.6,0.74,0.14,0.6,2026-08-10,8.23,0,,40.22,ATH,False,False
10-08-2026 09:00,BAHKM,114.0,124.6,112.8,121.9,1173694.0,2.7,7.9,0.31,2448.39,7.9,588466.2,99.45,0.34,True,53.52,0.47,0.52,-0.04,2026-08-10,7.59,0,,108.2,136.0,False,False
10-08-2026 09:00,LOGO,136.0,139.1,136.0,139.0,1030871.0,0.1,3.0,0.4,650.0,3.0,653580.3,57.73,0.03,True,53.83,-0.67,-1.34,0.67,2026-08-10,2.81,0,,129.2,140.6,False,False
10-08-2026 09:00,OYLUM,7.48,7.92,7.47,7.87,649401.0,0.05,0.39,0.0,7700.0,0.39,255891.4,153.78,0.13,True,49.81,-0.18,-0.18,-0.0,2026-08-10,5.21,0,,7.77,8.71,True,True
10-08-2026 09:00,KLSYN,13.7,15.17,13.7,15.0,6728028.0,0.17,1.3,0.21,510.33,1.3,4101843.8,64.02,0.13,True,63.67,-0.03,-0.19,0.16,2026-08-10,5.34,0,,11.9,15.9,False,False
10-08-2026 09:00,MARMR,2.31,2.54,2.28,2.54,239743696.0,0.0,0.23,0.02,945.45,0.23,110508084.8,116.95,0.0,True,64.97,0.0,-0.04,0.04,2026-08-10,9.96,0,,2.13,2.72,True,False
10-08-2026 09:00,DURKN,20.72,22.62,20.72,22.3,10379590.0,0.32,1.58,0.27,480.88,1.58,2797181.6,271.07,0.2,True,66.35,-0.08,-0.38,0.3,2026-08-10,8.36,0,,17.12,23.7,False,False
10-08-2026 09:00,MCARD,160.0,176.0,156.0,176.0,8231519.0,0.0,16.0,3.54,351.98,16.0,3575874.4,130.2,0.0,True,68.07,-1.34,-6.72,5.38,2026-08-10,10.0,0,,125.9,223.3,True,False
10-08-2026 09:00,KRGYO,2.48,2.73,2.48,2.72,77228049.0,0.01,0.24,0.02,990.91,0.24,16900595.1,356.95,0.04,True,65.16,-0.01,-0.04,0.02,2026-08-10,9.24,0,,2.4,2.91,True,False
10-08-2026 09:00,ALARK,102.3,107.6,101.0,107.0,6441561.0,0.6,4.7,0.18,2511.11,4.7,3388345.6,90.11,0.13,True,57.94,-0.01,0.03,-0.04,2026-08-10,5.11,0,,99.15,111.0,False,False
07-08-2026 09:00,PRKME,18.4,19.9,17.99,19.65,7274331.0,0.25,1.25,0.1,1202.08,1.25,3126125.7,132.69,0.2,True,57.99,-0.28,-0.44,0.16,2026-08-07,7.44,0,,16.7,27.6,True,True
07-08-2026 09:00,MPARK,406.25,428.5,406.25,426.75,2060099.0,1.75,20.5,0.68,2937.04,20.5,990465.4,107.99,0.09,True,55.78,-5.07,-7.43,2.35,2026-08-07,6.69,0,,394.0,432.75,True,False
07-08-2026 09:00,NETCD,136.8,148.0,133.4,148.0,20023984.0,0.0,11.2,0.58,1831.03,11.2,5163250.7,287.82,0.0,True,56.35,-4.54,-6.13,1.59,2026-08-07,9.96,0,,120.5,164.9,True,False
07-08-2026 09:00,LILAK,28.44,30.66,28.44,30.3,6630862.0,0.36,1.86,0.01,23150.0,1.86,2434027.8,172.42,0.19,True,46.47,-1.38,-1.54,0.16,2026-08-07,6.69,0,,27.5,38.3,True,True
07-08-2026 09:00,EMPAE,67.0,73.7,66.4,73.7,20706285.0,0.0,6.7,0.04,16650.0,6.7,12250271.9,69.03,0.0,True,55.42,-3.89,-6.82,2.92,2026-08-07,10.0,0,,47.66,172.0,True,False
07-08-2026 09:00,RODRG,25.5,27.6,24.7,27.58,488737.0,0.02,2.08,0.27,670.37,2.08,252183.4,93.8,0.01,True,61.21,-0.16,-0.43,0.27,2026-08-07,8.16,0,,22.26,28.5,False,False
07-08-2026 09:00,BNTAS,6.45,6.88,6.36,6.8,13825662.0,0.08,0.35,0.04,677.78,0.35,5379833.5,156.99,0.23,True,65.75,0.01,-0.06,0.07,2026-08-07,8.63,0,,5.96,7.6,False,False
07-08-2026 09:00,ADEL,29.68,32.42,29.56,32.42,4723021.0,0.0,2.74,0.11,2303.51,2.74,1723857.6,173.98,0.0,True,62.99,-0.45,-0.75,0.31,2026-08-07,9.97,0,,28.4,34.64,True,False
07-08-2026 09:00,GLRMK,159.1,172.1,159.0,169.6,7330071.0,2.5,10.5,0.1,10400.0,10.5,4064797.4,80.33,0.24,True,59.58,-2.65,-4.26,1.61,2026-08-07,6.27,0,,146.0,171.0,True,False
06-08-2026 09:00,CVKMD,15.12,16.63,15.03,16.6,66112043.0,0.03,1.48,0.03,5679.53,1.48,37775721.92,75.01,0.02,True,64.5,-0.04,-0.25,0.21,2026-08-06,9.14,0,,13.75,18.14,False,False
06-08-2026 09:00,FADE,15.55,16.99,15.36,16.83,5059011.0,0.16,1.28,0.1,1154.9,1.28,2163112.7,133.88,0.13,True,62.73,-0.03,-0.12,0.09,2026-08-06,8.93,0,,14.75,18.28,False,False
06-08-2026 09:00,EUYO,5.03,5.59,5.01,5.59,4452013.0,0.0,0.56,0.08,574.7,0.56,1631415.6,172.89,0.0,True,59.06,-0.08,-0.15,0.07,2026-08-06,9.82,0,,4.75,7.14,True,False
06-08-2026 09:00,EPLAS,5.37,5.84,5.31,5.79,15237719.0,0.05,0.42,0.02,2700.0,0.42,6691385.5,127.72,0.12,True,55.68,-0.06,-0.09,0.03,2026-08-06,9.04,0,,5.03,6.13,False,False
06-08-2026 09:00,CRFSA,176.5,191.4,176.5,191.4,2858654.0,0.0,14.9,2.23,568.16,14.9,1440882.3,98.4,0.0,True,69.09,8.04,5.16,2.88,2026-08-06,10.0,0,,136.6,200.8,False,False
06-08-2026 09:00,RUBNS,26.4,29.04,26.36,29.04,9723905.0,0.0,2.64,0.62,325.81,2.64,5391219.9,80.37,0.0,True,73.27,0.3,-0.59,0.89,2026-08-06,10.0,0,,21.28,35.4,False,False
06-08-2026 09:00,PRDGS,7.74,8.51,7.59,8.51,19916670.0,0.0,0.77,0.08,913.16,0.77,13134142.2,51.64,0.0,True,65.74,0.13,0.04,0.1,2026-08-06,9.95,0,,6.89,8.79,False,False
05-08-2026 09:00,BRLSM,15.19,16.7,15.14,16.7,11101605.0,0.0,1.51,0.02,7090.48,1.51,5750986.5,93.04,0.0,True,48.55,-0.75,-0.76,0.01,2026-08-05,9.94,0,,15.04,19.35,True,True
05-08-2026 09:00,SVGYO,13.24,14.48,12.6,14.48,58358327.0,0.0,1.24,0.18,585.08,1.24,25743160.9,126.69,0.0,True,46.27,-1.32,-1.62,0.3,2026-08-05,9.95,0,,12.13,24.58,True,True
05-08-2026 09:00,ISVEA,44.98,51.95,44.14,51.95,61727696.0,0.0,6.97,0.06,11917.24,6.97,28825008.3,114.15,0.0,True,71.96,3.22,2.27,0.95,2026-08-05,9.92,0,,ATL,ATH,False,False
05-08-2026 09:00,GIPTA,58.8,64.65,58.2,63.0,5276390.0,1.65,4.2,0.04,10400.0,4.2,2158978.5,144.39,0.39,True,49.38,-2.54,-2.83,0.29,2026-08-05,7.14,0,,55.45,66.35,True,True
05-08-2026 09:00,GUNDG,1300.0,1540.0,1277.0,1540.0,2803614.0,0.0,240.0,37.4,541.71,240.0,445138.9,529.83,0.0,True,39.15,-2.41,123.49,-125.9,2026-08-05,10.0,0,,806.0,2707.5,False,False
05-08-2026 09:00,TKFEN,168.3,185.1,168.3,185.1,11487132.0,0.0,16.8,3.18,428.3,16.8,5696462.7,101.65,0.0,True,83.66,8.05,4.68,3.37,2026-08-05,9.98,0,,119.7,ATH,False,False
05-08-2026 09:00,CWENE,40.14,45.24,39.92,44.2,180672691.0,1.04,4.06,0.33,1137.8,4.06,52627876.7,243.3,0.26,True,64.73,0.13,-0.24,0.38,2026-08-05,7.44,0,,33.1,45.14,False,False
04-08-2026 09:00,PAMEL,82.5,90.5,78.7,90.45,561979.0,0.05,7.95,0.41,1839.02,7.95,215013.2,161.37,0.01,True,63.89,-0.84,-1.45,0.61,2026-08-04,9.64,0,,77.2,108.6,True,True
04-08-2026 09:00,ADGYO,47.56,52.3,46.5,52.3,1980860.0,0.0,4.74,0.08,5680.49,4.74,748231.4,164.74,0.0,True,52.81,-1.09,-1.14,0.05,2026-08-04,9.97,0,,50.85,58.35,True,True
04-08-2026 09:00,KRTEK,5.74,6.68,5.7,6.65,2066995.0,0.03,0.91,0.09,896.32,0.91,566833.57,264.66,0.03,True,57.11,-0.17,-0.19,0.02,2026-08-04,9.38,0,,5.49,6.94,True,False
03-08-2026 09:00,DGATE,106.4,117.7,105.6,117.7,808239.0,0.0,11.3,0.77,1367.53,11.3,536514.0,50.65,0.0,True,59.68,-0.67,-1.48,0.81,2026-08-03,10.0,0,,97.9,124.5,False,False
03-08-2026 09:00,PASEU,153.0,169.0,148.0,169.0,31082626.0,0.0,16.0,7.83,104.34,16.0,15277354.7,103.46,0.0,True,81.35,12.13,4.89,7.25,2026-08-03,9.03,0,,84.15,ATH,False,False
03-08-2026 09:00,MARKA,81.1,88.2,80.0,88.2,950911.0,0.0,7.1,0.42,1590.48,7.1,511628.5,85.86,0.0,True,61.82,0.74,0.81,-0.07,2026-08-03,9.98,0,,73.0,88.75,False,False
31-07-2026 09:00,AKHAN,43.7,48.06,43.2,48.06,12473743.0,0.0,4.36,0.65,566.67,4.36,7762934.8,60.68,0.0,True,73.04,2.94,2.49,0.44,2026-07-31,9.98,0,,32.7,ATH,False,False
31-07-2026 09:00,AKSA,12.4,13.02,12.23,13.0,53623828.0,0.02,0.6,0.03,1835.48,0.6,24301208.5,120.66,0.03,True,64.14,0.24,0.19,0.04,2026-07-31,5.52,0,,11.22,ATH,False,False
31-07-2026 09:00,ODINE,2101.0,2500.0,2085.0,2500.0,1311327.0,0.0,399.0,80.95,392.9,399.0,516403.0,153.93,0.0,True,68.66,203.53,193.72,9.8,2026-07-31,7.94,2,2085.0,2085.0,ATH,False,False
31-07-2026 09:00,DUNYH,141.2,155.3,137.6,155.3,2148629.0,0.0,14.1,1.02,1282.35,14.1,855908.9,151.03,0.0,True,68.34,5.79,6.03,-0.24,2026-07-31,9.99,0,,130.7,179.0,False,False
31-07-2026 09:00,PSDTC,140.9,154.0,133.9,154.0,1197529.0,0.0,13.1,2.02,548.51,13.1,501811.3,138.64,0.0,True,67.28,2.62,0.24,2.38,2026-07-31,10.0,0,,119.0,162.4,False,False
31-07-2026 09:00,ANHYT,109.4,115.0,108.2,115.0,2767799.0,0.0,5.6,1.02,449.02,5.6,1487167.3,86.11,0.0,True,76.49,2.05,0.66,1.39,2026-07-31,5.12,0,,96.7,120.2,False,False
31-07-2026 09:00,ARDYZ,68.5,72.45,68.1,72.3,7851752.0,0.15,3.8,0.2,1753.66,3.8,5175809.2,51.7,0.04,True,61.32,2.39,2.49,-0.1,2026-07-31,6.56,0,,66.1,76.5,False,False
30-07-2026 09:00,SEKUR,10.9,11.96,10.9,11.95,4714452.0,0.01,1.05,0.0,52400.0,1.05,1344372.6,250.68,0.01,True,59.4,0.23,0.28,-0.05,2026-07-30,9.63,0,,9.35,12.5,False,False
29-07-2026 09:00,DGNMO,7.7,8.35,7.6,8.26,9668259.0,0.09,0.56,0.03,2053.85,0.56,5707768.5,69.39,0.16,True,52.09,-0.27,-0.28,0.01,2026-07-29,7.27,0,,7.0,9.84,True,True
29-07-2026 09:00,MSGYO,6.18,6.69,6.18,6.69,15736489.0,0.0,0.51,0.04,1242.11,0.51,3618244.4,334.92,0.0,True,61.44,-0.04,-0.09,0.04,2026-07-29,9.85,0,,5.83,7.29,True,True
29-07-2026 09:00,TDGYO,16.02,16.98,15.9,16.75,2093982.0,0.23,0.73,0.19,284.21,0.73,899283.9,132.85,0.32,True,60.59,0.17,0.08,0.09,2026-07-29,4.56,0,,14.35,19.21,False,False
29-07-2026 09:00,RYSAS,22.14,24.14,22.08,24.14,39040823.0,0.0,2.0,0.19,963.83,2.0,11302994.8,245.4,0.0,True,66.52,-0.1,-0.45,0.35,2026-07-29,9.53,0,,19.54,28.34,True,False
29-07-2026 09:00,HEDEF,240.0,264.0,216.0,264.0,4364778.0,0.0,24.0,7.35,226.53,24.0,1915197.2,127.9,0.0,True,92.34,29.22,25.48,3.75,2026-07-29,10.0,0,,87.79,ATH,False,False
28-07-2026 09:00,IZFAS,65.15,71.65,65.15,71.65,14154239.0,0.0,6.5,0.85,664.71,6.5,4548445.8,211.19,0.0,True,70.46,0.48,-0.27,0.76,2026-07-28,9.98,0,,58.25,74.65,False,False
28-07-2026 09:00,HATEK,16.06,17.1,15.72,17.0,8127056.0,0.1,0.94,0.16,498.73,0.94,2362958.4,243.94,0.11,True,62.37,-0.09,-0.22,0.12,2026-07-28,5.92,0,,14.71,17.15,False,False
28-07-2026 09:00,RYGYO,34.24,37.2,33.92,37.2,8027158.0,0.0,2.96,0.6,396.64,2.96,2311196.7,247.32,0.0,True,73.66,0.78,0.25,0.54,2026-07-28,8.64,0,,29.1,ATH,False,False
28-07-2026 09:00,JANTS,15.34,16.67,15.31,16.67,7005781.0,0.0,1.33,0.01,22066.67,1.33,2878124.8,143.41,0.0,True,55.17,-0.22,-0.25,0.03,2026-07-28,9.96,1,16.67,15.12,19.15,True,True
28-07-2026 09:00,TNZTP,25.68,26.9,24.48,26.66,8220449.0,0.24,0.98,0.29,233.33,0.98,2546018.5,222.87,0.24,True,64.86,0.12,-0.2,0.32,2026-07-28,4.55,0,,22.52,28.16,False,False
28-07-2026 09:00,ANELE,105.3,128.7,105.3,128.7,17300199.0,0.0,23.4,4.02,482.09,23.4,8488744.1,103.8,0.0,True,62.85,6.45,4.52,1.93,2026-07-28,10.0,0,,85.55,ATH,False,False
27-07-2026 09:00,YEOTK,42.99,46.15,42.64,46.15,48609636.22,0.0,3.17,0.36,770.59,3.17,25726377.29,88.95,0.0,True,61.13,-0.06,-0.68,0.61,2026-07-27,9.99,1,46.15,35.59,53.04,False,False
27-07-2026 09:00,BRMEN,18.26,20.0,18.26,19.85,641343.0,0.15,1.59,0.29,442.66,1.59,389789.1,64.54,0.09,True,61.08,1.02,1.14,-0.13,2026-07-27,5.14,1,20.0,15.72,20.0,False,False
24-07-2026 09:00,AGROT,2.54,2.78,2.52,2.78,64556390.0,0.0,0.24,0.02,860.0,0.24,25705731.0,151.14,0.0,True,60.45,-0.05,-0.08,0.03,2026-07-24,9.88,0,,2.43,3.28,True,False
24-07-2026 09:00,GRSEL,318.0,349.75,316.75,348.75,2588718.0,1.0,30.75,5.65,444.25,30.75,618586.8,318.49,0.03,True,71.39,5.48,1.91,3.57,2026-07-24,9.67,0,,295.25,ATH,False,False
24-07-2026 09:00,BEYAZ,24.5,26.96,24.18,26.96,1853390.0,0.0,2.46,0.26,860.94,2.46,1024585.4,80.89,0.0,True,57.66,-0.47,-0.79,0.32,2026-07-24,9.95,0,,23.0,37.58,True,False
24-07-2026 09:00,TUREX,7.28,7.95,7.25,7.95,80658476.0,0.0,0.67,0.11,503.6,0.67,19595257.4,311.62,0.0,True,63.91,-0.17,-0.28,0.11,2026-07-24,9.96,0,,6.73,9.9,True,False
24-07-2026 09:00,KMPUR,20.24,22.2,19.9,21.78,6971878.0,0.42,1.54,0.35,337.5,1.54,2232690.9,212.26,0.27,True,69.23,0.06,-0.34,0.4,2026-07-24,7.72,0,,17.71,22.38,False,False
23-07-2026 09:00,MEYSU,12.48,13.58,12.23,13.58,51482323.0,0.0,1.1,0.05,1900.0,1.1,16576446.8,210.58,0.0,True,46.77,-0.8,-0.94,0.14,2026-07-23,9.96,0,,12.79,22.82,True,True
23-07-2026 09:00,RUZYE,9.59,10.53,9.57,10.53,22164128.0,0.0,0.94,0.08,1060.49,0.94,6125710.7,261.82,0.0,True,59.97,-0.25,-0.4,0.15,2026-07-23,9.92,0,,9.11,12.61,True,False
23-07-2026 09:00,PAGYO,153.9,166.1,150.7,164.3,347268.0,1.8,10.4,0.17,6017.65,10.4,142593.2,143.54,0.17,True,61.41,4.67,5.66,-0.99,2026-07-23,8.45,0,,147.7,177.1,False,False
23-07-2026 09:00,ERCB,49.66,54.6,49.44,54.6,2716795.0,0.0,4.94,0.55,804.76,4.94,1199109.1,126.57,0.0,True,57.91,-1.26,-2.01,0.75,2026-07-23,9.95,0,,47.16,69.05,True,False
23-07-2026 09:00,NETAS,63.1,66.95,63.1,66.55,620518.0,0.4,3.45,0.16,2125.81,3.45,359727.2,72.5,0.12,True,57.97,-0.58,-0.99,0.41,2026-07-23,4.47,0,,60.0,73.35,False,False
23-07-2026 09:00,GOLDA,16.0,17.55,15.2,17.55,242108785.0,0.0,1.55,0.1,1465.66,1.55,61086409.5,296.34,0.0,True,70.5,0.56,0.46,0.09,2026-07-23,9.96,0,,ATL,ATH,False,False
23-07-2026 09:00,SUNTK,36.4,40.88,35.36,40.88,11857704.0,0.0,4.48,0.35,1180.0,4.48,5552512.5,113.56,0.0,True,62.66,2.64,1.41,1.23,2026-07-23,9.95,0,,26.58,41.2,False,False
23-07-2026 09:00,SMART,26.18,28.78,26.0,28.78,6243494.0,0.0,2.6,0.26,900.0,2.6,2249188.4,177.59,0.0,True,50.39,-1.83,-2.17,0.34,2026-07-23,9.93,1,28.78,ATL,43.0,True,False
23-07-2026 09:00,TRENJ,96.85,104.1,96.85,104.1,3451645.0,0.0,7.25,0.7,935.71,7.25,1905979.8,81.1,0.0,True,65.65,1.88,1.28,0.59,2026-07-23,9.98,0,,89.7,ATH,False,False
23-07-2026 09:00,DURDO,5.07,5.34,5.07,5.27,5044370.0,0.07,0.2,0.01,1438.46,0.2,1906151.0,164.64,0.35,True,58.19,-0.0,-0.01,0.01,2026-07-23,3.94,1,5.34,4.98,5.34,False,False
23-07-2026 09:00,HURGZ,6.1,6.64,6.09,6.49,17046647.0,0.15,0.39,0.01,5471.43,0.39,5144812.4,231.34,0.38,True,48.58,-0.22,-0.25,0.03,2026-07-23,6.57,0,,6.01,9.98,True,True
23-07-2026 09:00,BIGEN,102.0,117.0,95.8,117.0,54111581.0,0.0,15.0,2.65,466.04,15.0,14566274.0,271.49,0.0,True,71.15,12.72,12.0,0.72,2026-07-23,9.96,0,,ATL,ATH,False,False
23-07-2026 09:00,KUVVA,127.0,140.3,127.0,140.3,2452191.0,0.0,13.3,0.04,33150.0,13.3,334213.1,633.72,0.0,True,53.65,-3.05,-3.49,0.44,2026-07-23,9.95,0,,125.0,169.8,True,True
23-07-2026 09:00,PSGYO,3.61,3.96,3.61,3.96,532717710.0,0.0,0.35,0.05,644.68,0.35,248182253.6,114.65,0.0,True,68.17,0.03,-0.01,0.04,2026-07-23,10.0,0,,3.06,4.27,False,False
22-07-2026 09:00,MARTI,1.63,1.79,1.63,1.79,69305298.0,0.0,0.16,0.02,966.67,0.16,36456646.1,90.1,0.0,True,57.51,-0.05,-0.06,0.02,2026-07-22,9.82,0,,1.57,2.1,True,False
22-07-2026 09:00,DYOBY,13.48,14.17,13.3,14.05,3185754.0,0.12,0.57,0.02,3252.94,0.57,1700775.9,87.31,0.21,True,47.56,-0.44,-0.52,0.08,2026-07-22,4.23,1,14.17,12.73,14.17,True,True
22-07-2026 09:00,USAK,1.39,1.52,1.39,1.52,250258940.0,0.0,0.13,0.0,3150.0,0.13,62429267.4,300.87,0.0,True,56.25,-0.03,-0.04,0.01,2026-07-22,9.35,0,,1.37,1.78,True,True
22-07-2026 09:00,MRGYO,1.43,1.53,1.41,1.51,242399954.0,0.02,0.08,0.0,3900.0,0.08,64901560.5,273.49,0.25,True,51.13,-0.04,-0.05,0.01,2026-07-22,6.34,1,1.53,1.38,1.53,True,True
22-07-2026 09:00,CEMZY,13.0,14.19,12.96,14.19,38026357.0,0.0,1.19,0.09,1252.27,1.19,19157518.1,98.49,0.0,True,56.83,-0.2,-0.24,0.04,2026-07-22,10.0,0,,12.12,17.5,True,True
21-07-2026 09:00,ISKPL,8.47,9.26,8.09,9.26,181716814.0,0.0,0.79,0.3,162.46,0.79,107676434.8,68.76,0.0,True,55.27,-0.69,-1.35,0.66,2026-07-21,9.98,0,,5.89,23.8,True,False
21-07-2026 09:00,KONTR,4.31,5.25,4.31,5.25,20456438.0,0.0,0.94,0.06,1392.06,0.94,11938700.1,71.35,0.0,True,49.2,-0.2,-0.47,0.27,2026-07-21,9.83,0,,3.05,6.6,False,False
21-07-2026 09:00,OZGYO,2.18,2.39,2.18,2.39,104851280.0,0.0,0.21,0.02,854.55,0.21,21020105.7,398.81,0.0,True,67.89,0.01,-0.01,0.02,2026-07-21,9.63,0,,2.03,2.7,True,False
21-07-2026 09:00,AEFES,21.2,22.3,21.06,22.24,53827215.0,0.06,1.04,0.24,327.98,1.04,35679647.4,50.86,0.06,True,66.36,0.19,0.07,0.12,2026-07-21,5.1,0,,19.42,ATH,False,False
21-07-2026 09:00,KTLEV,48.05,51.93,48.05,51.75,205601692.85,0.18,3.7,0.27,1258.7,3.7,78434533.03,162.13,0.05,True,48.24,2.2,3.01,-0.81,2026-07-21,-3.1,0,,47.46,59.08,False,False
21-07-2026 09:00,BIGCH,6.59,7.21,6.54,7.21,21614380.0,0.0,0.62,0.03,2380.0,0.62,7583254.7,185.03,0.0,True,58.13,-0.07,-0.08,0.01,2026-07-21,9.91,0,,6.3,8.47,False,False
21-07-2026 09:00,ICUGS,5.74,6.3,5.7,6.3,45276417.0,0.0,0.56,0.02,2700.0,0.56,19797243.9,128.7,0.0,True,61.72,0.1,0.04,0.06,2026-07-21,9.95,0,,4.21,6.93,False,False
21-07-2026 09:00,HUBVC,2.78,3.03,2.71,3.01,2885943.0,0.02,0.23,0.04,489.74,0.23,1875178.9,53.9,0.09,True,49.96,-0.08,-0.1,0.02,2026-07-21,6.74,0,,2.68,3.19,True,True
21-07-2026 09:00,ORGE,105.4,110.8,105.4,109.9,969645.0,0.9,4.5,0.12,3650.0,4.5,601441.8,61.22,0.2,True,50.66,-0.88,-0.08,-0.79,2026-07-21,4.37,0,,103.5,134.1,False,False
20-07-2026 09:00,SUWEN,6.9,7.53,6.76,7.45,17237120.0,0.08,0.55,0.08,614.29,0.55,6008752.8,186.87,0.15,True,57.68,-0.19,-0.29,0.1,2026-07-20,8.76,0,,6.08,7.98,True,False
20-07-2026 09:00,PETKM,21.24,22.76,21.22,22.7,158146485.0,0.06,1.46,0.26,468.09,1.46,88579507.6,78.54,0.04,True,71.01,0.02,-0.43,0.45,2026-07-20,8.4,0,,18.64,28.06,True,False
20-07-2026 09:00,OZSUB,30.06,33.04,30.06,33.02,7000796.0,0.02,2.96,0.24,1133.33,2.96,2169376.6,222.71,0.01,True,64.98,0.21,0.29,-0.08,2026-07-20,9.92,0,,29.24,34.0,False,False
20-07-2026 09:00,REEDR,6.9,7.6,6.85,7.43,45044332.0,0.17,0.53,0.11,381.82,0.53,25516595.2,76.53,0.32,True,63.0,-0.02,-0.13,0.11,2026-07-20,6.75,1,7.6,6.29,7.6,False,False
20-07-2026 09:00,TATGD,19.01,20.46,18.8,20.18,3540918.0,0.28,1.17,0.07,1620.59,1.17,1934350.6,83.05,0.24,True,60.49,-0.11,-0.21,0.1,2026-07-20,6.15,0,,17.69,20.84,False,False
20-07-2026 09:00,DESPC,48.02,52.8,47.04,52.8,2135531.0,0.0,4.78,0.94,406.36,4.78,1028096.5,107.72,0.0,True,72.96,0.67,-0.24,0.91,2026-07-20,9.95,0,,40.0,ATH,False,False
20-07-2026 09:00,ENJSA,102.6,106.8,102.1,106.8,5033755.0,0.0,4.2,0.19,2110.53,4.2,2520279.9,99.73,0.0,True,53.78,-1.48,-1.94,0.46,2026-07-20,4.2,0,,99.1,111.2,True,False
20-07-2026 09:00,GESAN,80.95,88.3,80.95,88.3,20868366.0,0.0,7.35,1.03,617.07,7.35,4744025.3,339.89,0.0,True,66.19,2.6,1.97,0.63,2026-07-20,9.96,0,,64.5,93.7,False,False
20-07-2026 09:00,DMSAS,8.41,8.87,8.33,8.76,8135012.0,0.11,0.35,0.01,3400.0,0.35,3459474.0,135.15,0.31,True,48.4,-0.18,-0.12,-0.06,2026-07-20,4.16,0,,8.15,10.33,False,False
20-07-2026 09:00,PKART,130.5,145.2,129.3,145.2,1595845.0,0.0,14.7,1.62,807.41,14.7,543502.5,193.62,0.0,True,61.31,-0.36,-1.65,1.29,2026-07-20,10.0,0,,123.1,158.2,False,False
20-07-2026 09:00,AKFYE,25.8,28.24,25.8,28.24,32097905.0,0.0,2.44,0.28,784.06,2.44,17683808.3,81.51,0.0,True,66.65,0.49,0.15,0.35,2026-07-20,9.97,0,,22.0,29.34,False,False
20-07-2026 09:00,KRDMA,41.6,45.28,41.2,45.28,17825446.0,0.0,3.68,0.49,644.94,3.68,11439235.7,55.83,0.0,True,74.68,0.75,0.35,0.4,2026-07-20,9.96,0,,37.42,ATH,False,False
20-07-2026 09:00,ERSU,22.0,23.96,22.0,23.8,367177.0,0.16,1.8,0.18,878.26,1.8,222882.4,64.74,0.09,True,47.13,-0.77,-0.77,0.01,2026-07-20,5.4,2,22.0,22.0,29.8,False,False
17-07-2026 09:00,ENSRI,5.72,6.28,5.55,6.28,80774359.0,0.0,0.56,0.06,882.46,0.56,45143601.4,78.93,0.0,True,38.9,-1.19,-1.49,0.3,2026-07-17,9.98,0,,5.4,15.8,True,True
17-07-2026 09:00,EYGYO,2.46,2.66,2.43,2.66,25908721.0,0.0,0.2,0.01,1328.57,0.2,14130618.6,83.35,0.0,True,64.59,-0.03,-0.06,0.03,2026-07-17,9.92,0,,2.27,3.27,True,False
17-07-2026 09:00,OZYSR,13.11,14.29,13.02,14.15,8616992.0,0.14,1.04,0.15,588.74,1.04,5170440.9,66.66,0.13,True,72.13,0.32,0.23,0.1,2026-07-17,8.1,1,14.29,11.33,14.29,False,False
17-07-2026 09:00,EGEPO,18.77,19.77,18.39,19.77,8481994.0,0.0,1.0,0.04,2602.7,1.0,4566019.0,85.76,0.0,True,61.37,0.05,-0.04,0.09,2026-07-17,5.78,0,,17.65,20.58,False,False
17-07-2026 09:00,PINSU,10.71,11.7,10.67,11.44,15262935.0,0.26,0.73,0.06,1137.29,0.73,3059148.4,398.93,0.36,True,59.84,-0.19,-0.25,0.06,2026-07-17,6.82,0,,10.17,11.87,True,False
17-07-2026 09:00,MOGAN,16.78,18.3,16.68,18.3,45634145.0,0.0,1.52,0.33,364.83,1.52,27374180.4,66.71,0.0,True,69.52,0.77,0.5,0.27,2026-07-17,9.19,0,,11.61,ATH,False,False
17-07-2026 09:00,ATATP,214.9,236.3,210.6,236.2,2889273.0,0.1,21.3,2.75,674.55,21.3,1167661.2,147.44,0.0,True,62.26,1.75,1.26,0.5,2026-07-17,9.91,0,,202.4,266.5,False,False
16-07-2026 09:00,ULUUN,9.11,9.9,9.11,9.81,35048054.0,0.09,0.7,0.07,960.61,0.7,8851839.2,295.94,0.13,True,62.79,0.09,0.07,0.02,2026-07-16,9.0,0,,8.6,10.19,False,False
16-07-2026 09:00,HATSN,53.25,58.5,53.25,58.5,7983297.0,0.0,5.25,0.23,2182.61,5.25,3468590.5,130.16,0.0,True,55.46,-0.23,0.03,-0.25,2026-07-16,9.96,0,,50.75,67.7,False,False
16-07-2026 09:00,CIMSA,45.98,48.22,45.98,48.06,12616577.0,0.16,2.08,0.06,3254.84,2.08,7882136.6,60.07,0.08,True,47.72,-1.12,-1.16,0.04,2026-07-16,4.89,0,,45.48,60.0,True,True
16-07-2026 09:00,CRDFA,37.44,40.88,37.42,40.6,2406833.0,0.28,3.16,0.5,534.54,3.16,1559508.7,54.33,0.09,True,62.32,0.13,0.09,0.03,2026-07-16,8.44,0,,33.76,42.58,False,False
16-07-2026 09:00,TRCAS,43.22,45.1,43.22,44.98,1132867.0,0.12,1.76,0.1,1733.33,1.76,740279.7,53.03,0.07,True,62.08,-0.24,-0.61,0.36,2026-07-16,4.07,0,,40.0,53.85,False,False
16-07-2026 09:00,CCOLA,84.0,90.0,84.0,90.0,8535944.0,0.0,6.0,0.6,891.74,6.0,5584272.3,52.86,0.0,True,64.62,1.46,0.97,0.49,2026-07-16,7.08,0,,76.5,ATH,False,False
16-07-2026 09:00,A1YEN,2.92,3.12,2.92,3.07,27588499.0,0.05,0.15,0.01,2400.0,0.15,17119655.7,61.15,0.33,True,49.87,-0.1,-0.12,0.02,2026-07-16,5.14,1,3.12,2.79,3.12,True,True
16-07-2026 09:00,MANAS,29.6,32.44,29.32,32.44,48068974.0,0.0,2.84,0.14,1900.0,2.84,22420779.1,114.39,0.0,True,71.73,0.77,0.74,0.03,2026-07-16,9.97,0,,22.06,ATH,False,False
16-07-2026 09:00,AKSEN,95.7,102.8,95.35,102.7,19165037.0,0.1,7.0,2.01,247.39,7.0,9333166.9,105.34,0.01,True,78.62,3.79,2.09,1.7,2026-07-16,7.43,0,,80.5,ATH,False,False
16-07-2026 09:00,ISDMR,55.7,58.0,55.55,58.0,1703044.0,0.0,2.3,0.04,6471.43,2.3,1091717.0,56.0,0.0,True,52.99,-0.65,-0.5,-0.15,2026-07-16,4.32,0,,52.65,64.15,False,False
16-07-2026 09:00,ISMEN,35.16,37.24,35.14,37.18,11280888.0,0.06,2.02,0.06,3382.76,2.02,5269444.6,114.08,0.03,True,55.2,-0.66,-0.8,0.14,2026-07-16,5.75,0,,34.5,38.08,True,True
16-07-2026 09:00,EBEBK,79.25,83.5,79.25,82.55,730138.0,0.95,3.3,0.43,667.44,3.3,475523.8,53.54,0.29,True,61.48,-0.09,-0.7,0.62,2026-07-16,4.16,0,,73.15,88.0,False,False
16-07-2026 09:00,ECZYT,310.0,340.25,310.0,340.25,765307.0,0.0,30.25,2.3,1215.22,30.25,330827.8,131.33,0.0,True,53.96,-6.14,-8.17,2.03,2026-07-16,9.94,0,,305.75,369.75,False,False
16-07-2026 09:00,ONCSM,269.75,287.25,266.75,287.25,765457.0,0.0,17.5,2.07,745.41,17.5,296094.7,158.52,0.0,True,66.23,-3.74,-8.27,4.53,2026-07-16,9.95,0,,236.1,389.75,True,False
16-07-2026 09:00,SOKE,17.8,19.39,17.8,19.14,12734778.0,0.25,1.34,0.43,208.05,1.34,4556535.5,179.48,0.19,True,67.93,0.15,-0.18,0.33,2026-07-16,8.56,0,,15.03,21.2,False,False
14-07-2026 09:00,BESTE,30.4,33.28,30.4,33.28,16249487.0,0.0,2.88,0.08,3412.2,2.88,9428142.1,72.35,0.0,True,48.53,-1.04,-0.55,-0.49,2026-07-14,9.98,0,,29.3,49.7,False,False
14-07-2026 09:00,TURSG,6.4,6.7,6.34,6.66,131895241.0,0.04,0.26,0.02,983.33,0.26,83322510.5,58.29,0.15,True,62.12,-0.04,-0.1,0.06,2026-07-14,4.72,0,,5.95,6.77,False,False
14-07-2026 09:00,VKING,23.88,25.7,23.2,25.7,1965755.0,0.0,1.82,0.07,2427.78,1.82,435328.1,351.56,0.0,True,58.46,-0.44,-0.52,0.08,2026-07-14,9.92,0,,22.26,28.1,True,True
14-07-2026 09:00,BULGS,37.22,40.94,36.86,40.94,7839921.0,0.0,3.72,0.11,3281.82,3.72,2963387.6,164.56,0.0,True,52.31,-0.86,-0.79,-0.07,2026-07-14,9.99,0,,36.8,45.92,True,True
14-07-2026 09:00,TEKTU,9.25,10.23,9.19,10.23,19798319.0,0.0,0.98,0.11,775.0,0.98,7724638.9,156.3,0.0,True,53.94,-0.26,-0.34,0.09,2026-07-14,10.0,0,,8.76,11.09,True,False
14-07-2026 09:00,KRDMB,130.5,135.0,126.7,135.0,3245907.0,0.0,4.5,0.13,3361.54,4.5,1827331.5,77.63,0.0,True,62.62,6.57,7.7,-1.13,2026-07-14,3.45,2,126.7,126.7,141.5,False,False
10-07-2026 09:00,CATES,42.26,46.12,42.12,46.12,6887886.0,0.0,3.86,0.62,524.6,3.86,2114006.9,225.82,0.0,True,70.9,0.61,0.19,0.42,2026-07-10,9.97,0,,38.96,48.18,False,False
10-07-2026 09:00,AYGAZ,233.3,249.5,232.6,246.0,1744038.0,3.5,12.7,3.43,270.26,12.7,1054872.3,65.33,0.28,True,65.52,-1.89,-6.42,4.53,2026-07-10,6.13,0,,205.5,293.0,False,False
09-07-2026 09:00,VANGD,90.0,97.8,86.85,96.0,359138.0,1.8,6.0,0.02,23900.0,6.0,208014.9,72.65,0.3,True,55.89,0.06,0.56,-0.51,2026-07-09,7.87,0,,86.05,109.0,False,False
09-07-2026 09:00,PNLSN,39.7,44.14,39.7,44.14,2042809.0,0.0,4.44,0.07,6242.86,4.44,791255.0,158.17,0.0,True,49.56,-1.12,-1.07,-0.06,2026-07-09,9.97,0,,39.54,52.65,False,False
08-07-2026 09:00,KORDS,76.95,83.95,76.95,83.95,6203170.0,0.0,7.0,0.86,713.95,7.0,2518274.0,146.33,0.0,True,62.4,-0.39,-0.98,0.59,2026-07-08,9.95,0,,68.55,94.55,False,False
08-07-2026 09:00,SEYKM,5.14,5.61,5.13,5.61,12034030.0,0.0,0.47,0.09,446.51,0.47,2947752.0,308.24,0.0,True,67.33,0.02,-0.06,0.08,2026-07-08,10.0,0,,4.57,6.13,False,False
08-07-2026 09:00,TERA,138.0,158.7,138.0,156.2,46482554.0,2.5,18.2,1.34,1258.21,18.2,19212323.4,141.94,0.14,True,36.9,-16.72,-18.1,1.38,2026-07-08,6.19,2,138.0,138.0,186.2,True,True
07-07-2026 09:00,KOTON,15.01,16.69,14.71,16.69,51887231.0,0.0,1.68,0.18,813.04,1.68,8756683.1,492.54,0.0,True,73.23,0.08,-0.08,0.17,2026-07-07,9.95,0,,14.06,ATH,False,False
07-07-2026 09:00,BINBN,180.2,190.9,179.5,190.9,988425.0,0.0,10.7,0.87,1129.89,10.7,507690.5,94.69,0.0,True,66.32,1.25,0.07,1.19,2026-07-07,5.94,0,,165.8,201.3,False,False
07-07-2026 09:00,SANFM,9.2,10.09,9.15,10.04,19192704.0,0.05,0.84,0.03,3011.11,0.84,12050532.1,59.27,0.06,True,62.52,0.14,0.12,0.01,2026-07-07,9.25,0,,8.55,10.98,False,False
07-07-2026 09:00,DSTKF,3577.5,3930.0,3517.5,3920.0,1788642.0,10.0,342.5,59.0,480.51,342.5,685243.2,161.02,0.03,True,78.5,351.75,318.88,32.88,2026-07-07,9.34,0,,1704.0,ATH,False,False
07-07-2026 09:00,ALKLC,345.5,379.0,344.0,379.0,6735104.0,0.0,33.5,2.88,1065.22,33.5,1544572.8,336.05,0.0,True,65.54,2.92,-0.68,3.6,2026-07-07,9.93,0,,304.5,462.75,False,False
07-07-2026 09:00,OZRDN,26.02,29.7,26.02,29.3,396958.0,0.4,3.28,0.07,4869.7,3.28,263522.2,50.64,0.12,True,47.07,-1.38,-1.3,-0.07,2026-07-07,7.17,0,,25.0,37.9,True,True
07-07-2026 09:00,TRGYO,98.4,102.4,97.8,101.3,3873787.0,1.1,2.9,0.4,634.18,2.9,1596305.7,142.67,0.38,True,59.12,0.65,0.56,0.09,2026-07-07,2.84,0,,96.3,101.8,False,False
06-07-2026 09:00,BIZIM,25.8,28.06,25.8,28.06,1241738.0,0.0,2.26,0.03,6547.06,2.26,348430.5,256.38,0.0,True,61.7,-0.38,-0.47,0.09,2026-07-06,9.95,0,,25.34,36.7,True,True
06-07-2026 09:00,VKFYO,25.92,28.54,25.6,28.54,626084.0,0.0,2.62,0.0,65400.0,2.62,206395.0,203.34,0.0,True,51.2,-0.92,-1.02,0.09,2026-07-06,9.94,0,,25.52,38.5,True,True
06-07-2026 09:00,KARTN,165.6,182.1,165.6,182.1,2371197.0,0.0,16.5,4.57,261.05,16.5,1371783.7,72.86,0.0,True,79.92,12.71,9.22,3.49,2026-07-06,9.96,0,,94.0,ATH,False,False
06-07-2026 09:00,LIDER,89.0,102.8,89.0,101.4,7029196.0,1.4,12.4,1.21,929.05,12.4,2843741.7,147.18,0.11,True,49.71,-6.38,-7.23,0.85,2026-07-06,8.45,0,,78.75,127.5,True,False
03-07-2026 09:00,ONRYT,65.95,70.65,64.55,69.85,2277045.0,0.8,3.9,0.44,786.36,3.9,1370336.6,66.17,0.21,True,55.06,-1.07,-1.35,0.28,2026-07-03,7.79,0,,62.2,97.9,False,False
03-07-2026 09:00,HUNER,3.66,4.01,3.55,3.96,130068428.0,0.05,0.3,0.01,4185.71,0.3,48869592.1,166.15,0.17,True,55.31,0.05,0.06,-0.01,2026-07-03,8.49,0,,3.62,4.15,False,False
03-07-2026 09:00,LYDHO,183.5,197.0,183.5,196.5,735195.0,0.5,13.0,1.62,702.47,13.0,402436.8,82.69,0.04,True,64.29,-0.74,-2.38,1.64,2026-07-03,6.16,0,,174.7,212.0,True,False
03-07-2026 09:00,SEGMN,47.12,55.45,45.68,54.55,10593402.0,0.9,7.43,0.11,6779.63,7.43,2742935.0,286.21,0.12,True,49.09,-0.99,-1.2,0.21,2026-07-03,7.49,2,45.68,45.68,60.05,True,True
02-07-2026 09:00,BLUME,34.8,38.26,34.8,38.06,5583606.0,0.2,3.26,0.36,810.61,3.26,3061903.1,82.36,0.06,True,64.31,-0.61,-1.41,0.8,2026-07-02,9.37,0,,30.48,44.44,True,False
02-07-2026 09:00,METRO,8.68,9.32,8.59,9.25,17916984.0,0.07,0.57,0.03,1627.27,0.57,8795053.0,103.72,0.12,True,62.32,0.26,0.32,-0.06,2026-07-02,8.44,0,,8.14,9.65,False,False
02-07-2026 09:00,PRZMA,71.0,76.6,67.45,76.55,10944423.0,0.05,5.55,0.87,534.29,5.55,5286662.9,107.02,0.01,True,78.01,6.09,3.48,2.62,2026-07-02,9.91,0,,42.24,ATH,False,False
02-07-2026 09:00,KOCMT,3.69,4.05,3.68,4.05,323122550.0,0.0,0.36,0.08,339.02,0.36,172014193.3,87.85,0.0,True,85.19,0.29,0.18,0.11,2026-07-02,9.76,0,,2.41,ATH,False,False
02-07-2026 09:00,ARSAN,3.19,3.5,3.19,3.44,72887342.0,0.06,0.25,0.01,2677.78,0.25,18131567.3,301.99,0.24,True,54.65,-0.05,-0.07,0.01,2026-07-02,7.84,0,,3.16,4.4,True,True
02-07-2026 09:00,ATAGY,11.74,12.9,11.71,12.63,594681.0,0.27,0.89,0.01,6746.15,0.89,205600.6,189.24,0.3,True,56.64,-0.17,-0.19,0.02,2026-07-02,7.31,1,12.9,11.68,12.9,True,True
01-07-2026 09:00,CEOEM,26.1,28.56,25.76,28.56,8979354.0,0.0,2.46,0.23,978.95,2.46,2936493.5,205.78,0.0,True,60.85,0.18,0.07,0.11,2026-07-01,9.93,0,,24.34,29.36,False,False
01-07-2026 09:00,TUPRS,227.5,238.7,226.0,236.3,31095374.0,2.4,8.8,0.81,986.42,8.8,20601149.8,50.94,0.27,True,53.81,-5.45,-7.01,1.55,2026-07-01,3.87,0,,215.1,279.5,True,False
01-07-2026 09:00,AKSUE,39.1,42.94,38.96,42.94,6913002.0,0.0,3.84,0.49,677.33,3.84,3131172.6,120.78,0.0,True,70.46,0.82,0.43,0.39,2026-07-01,9.99,0,,35.3,ATH,False,False
01-07-2026 09:00,HDFGS,2.41,2.65,2.38,2.65,101328177.0,0.0,0.24,0.0,23900.0,0.24,49331910.2,105.4,0.0,True,47.38,-0.11,-0.12,0.02,2026-07-01,9.96,2,2.38,2.38,3.92,True,True
01-07-2026 09:00,YKSLN,3.07,3.37,3.06,3.37,25821537.0,0.0,0.3,0.01,3233.33,0.3,7258532.2,255.74,0.0,True,54.62,-0.06,-0.05,-0.0,2026-07-01,9.77,2,3.06,3.06,3.77,True,True
01-07-2026 09:00,INTEM,252.75,273.75,252.75,268.75,203573.0,5.0,16.0,0.35,4471.43,16.0,69015.6,194.97,0.31,True,51.94,-5.42,-6.03,0.61,2026-07-01,6.44,0,,251.0,324.5,True,True
01-07-2026 09:00,KLNMA,9.0,9.9,9.0,9.9,677230.0,0.0,0.9,0.07,1263.64,0.9,219678.0,208.28,0.0,True,65.12,-0.01,-0.06,0.05,2026-07-01,10.0,0,,8.9,ATH,False,False
30-06-2026 09:00,ENERY,9.81,10.75,9.77,10.75,131631494.0,0.0,0.94,0.09,910.75,0.94,79156424.0,66.29,0.0,True,72.6,0.34,0.23,0.1,2026-06-30,9.92,0,,8.38,ATH,False,False
30-06-2026 09:00,AYES,35.06,37.52,35.06,37.52,472812.0,0.0,2.46,0.38,547.37,2.46,167582.9,182.14,0.0,True,65.64,0.42,0.26,0.16,2026-06-30,7.08,1,37.52,31.0,38.38,False,False
30-06-2026 09:00,KUYAS,66.5,73.15,66.5,73.15,12933156.0,0.0,6.65,0.31,2045.16,6.65,7936239.5,62.96,0.0,True,48.66,-2.66,-3.06,0.4,2026-06-30,10.0,0,,66.2,93.4,True,True
30-06-2026 09:00,AGHOL,33.58,34.64,33.34,34.58,6755318.0,0.06,1.0,0.02,4445.45,1.0,3664928.3,84.32,0.06,True,57.66,0.07,0.05,0.02,2026-06-30,3.59,0,,32.34,37.78,False,False
30-06-2026 09:00,INVES,716.0,786.5,687.0,786.5,455153.0,0.0,70.5,6.05,1065.29,70.5,188767.4,141.12,0.0,True,70.69,34.85,31.63,3.22,2026-06-30,10.0,0,,615.5,ATH,False,False
30-06-2026 09:00,BINHO,10.02,10.98,10.02,10.98,127213905.0,0.0,0.96,0.15,562.07,0.96,63650252.1,99.86,0.0,True,74.26,0.24,0.07,0.17,2026-06-30,9.91,0,,8.67,11.03,False,False
30-06-2026 09:00,AHGAZ,37.26,40.28,37.06,40.0,10640685.0,0.28,2.74,0.69,299.42,2.74,5391013.9,97.38,0.1,True,80.25,2.03,1.71,0.33,2026-06-30,7.53,0,,30.02,ATH,False,False
29-06-2026 09:00,UNLU,13.83,14.98,13.83,14.71,5990524.0,0.27,0.88,0.1,771.29,0.88,3576179.9,67.51,0.31,True,71.02,0.13,-0.06,0.19,2026-06-29,6.75,1,14.98,12.12,14.98,False,False
29-06-2026 09:00,KRONT,21.96,24.12,21.92,24.12,5572460.0,0.0,2.16,0.27,694.12,2.16,2250445.3,147.62,0.0,True,71.48,0.68,0.41,0.27,2026-06-29,9.94,0,,15.78,ATH,False,False
29-06-2026 09:00,EKDMR,58.1,64.05,57.35,64.05,50517888.0,0.0,5.95,0.06,9053.85,5.95,17609078.7,186.89,0.0,True,61.41,-0.21,-0.19,-0.01,2026-06-29,9.96,0,,52.5,ATH,False,False
29-06-2026 09:00,KLMSN,31.26,34.24,31.22,34.24,3437631.0,0.0,2.98,0.05,5860.0,2.98,835291.0,311.55,0.0,True,60.28,-0.34,-0.42,0.09,2026-06-29,9.96,0,,30.78,36.3,False,False
29-06-2026 09:00,PATEK,22.1,24.06,22.08,24.06,29620776.0,0.0,1.96,0.06,3166.67,1.96,17218149.3,72.03,0.0,True,55.19,-0.04,0.07,-0.11,2026-06-29,9.96,0,,21.62,26.58,False,False
29-06-2026 09:00,TRHOL,1494.0,1651.0,1465.0,1651.0,410241.0,0.0,157.0,16.2,869.14,157.0,138721.4,195.73,0.0,True,56.49,26.63,49.62,-22.99,2026-06-29,9.99,0,,1451.0,1760.0,False,False
26-06-2026 09:00,EREGL,40.32,42.18,40.32,42.12,237055734.0,0.06,1.8,0.08,2207.69,1.8,134050338.0,76.84,0.03,True,66.56,0.82,0.8,0.02,2026-06-26,4.46,0,,37.86,43.72,False,False
26-06-2026 09:00,VESBE,6.15,6.73,6.04,6.73,58418077.0,0.0,0.58,0.02,2952.63,0.58,10338550.9,465.05,0.0,True,54.33,-0.15,-0.18,0.03,2026-06-26,9.97,0,,6.16,7.8,True,True
26-06-2026 09:00,VESTL,23.68,26.04,23.62,26.04,15605344.0,0.0,2.36,0.08,2925.64,2.36,6393405.3,144.09,0.0,True,52.48,-0.62,-0.73,0.11,2026-06-26,9.97,0,,23.52,30.72,True,True
26-06-2026 09:00,BIOEN,17.63,18.6,17.29,18.54,26093339.0,0.06,0.91,0.03,3150.0,0.91,10564129.6,147.0,0.07,True,54.67,-0.02,-0.11,0.09,2026-06-26,5.34,0,,16.67,22.48,False,False
26-06-2026 09:00,EUKYO,11.0,11.65,11.0,11.6,2714055.0,0.05,0.6,0.24,153.16,0.6,1501235.7,80.79,0.08,True,81.97,0.8,0.68,0.13,2026-06-26,2.75,0,,6.67,ATH,False,False
26-06-2026 09:00,INFO,7.0,8.08,6.97,8.0,288871770.0,0.08,1.0,0.28,259.71,1.0,98455224.4,193.4,0.08,True,92.75,0.87,0.48,0.39,2026-06-26,8.84,0,,3.57,ATH,False,False
26-06-2026 09:00,TCKRC,149.6,164.0,149.6,162.1,7386037.0,1.9,12.5,1.21,933.06,12.5,2717235.8,171.82,0.15,True,72.51,5.68,5.65,0.03,2026-06-26,8.43,0,,134.9,165.1,False,False
26-06-2026 09:00,ISGYO,25.04,27.42,24.82,27.3,19219987.0,0.12,2.26,0.63,258.73,2.26,7322984.9,162.46,0.05,True,84.63,1.1,0.46,0.64,2026-06-26,9.46,0,,19.89,ATH,False,False
25-06-2026 09:00,PAPIL,15.05,16.35,15.02,16.11,44529992.0,0.24,1.06,0.11,863.64,1.06,15103814.8,194.83,0.23,True,58.9,-0.12,-0.25,0.13,2026-06-25,7.04,0,,14.44,18.59,True,False
25-06-2026 09:00,SNICA,4.14,4.54,4.14,4.54,124599683.0,0.0,0.4,0.05,700.0,0.4,24510120.5,408.36,0.0,True,62.4,0.04,0.0,0.03,2026-06-25,9.93,0,,3.91,4.65,False,False
25-06-2026 09:00,SKYMD,14.08,15.3,13.9,15.1,25130061.0,0.2,1.02,0.08,1159.26,1.02,7255880.8,246.34,0.2,True,62.67,0.16,0.04,0.12,2026-06-25,8.55,0,,12.8,15.98,False,False
25-06-2026 09:00,AKFIS,60.0,68.5,60.0,66.4,8177254.0,2.1,6.4,0.31,1964.52,6.4,4057931.2,101.51,0.33,True,54.34,2.13,2.54,-0.41,2026-06-25,3.75,2,60.0,60.0,68.7,False,False
25-06-2026 09:00,BANVT,166.0,181.9,164.5,179.0,1485748.0,2.9,13.0,2.54,411.81,13.0,823074.4,80.51,0.22,True,71.42,3.95,1.68,2.27,2026-06-25,8.09,0,,144.6,ATH,False,False
24-06-2026 09:00,INVEO,7.8,8.53,7.71,8.53,22449421.0,0.0,0.73,0.03,2112.12,0.73,7005037.4,220.48,0.0,True,61.28,-0.0,-0.01,0.01,2026-06-24,9.92,0,,7.59,9.62,False,False
24-06-2026 09:00,BALSU,17.34,18.67,16.98,18.67,78930819.0,0.0,1.33,0.34,287.76,1.33,28325500.5,178.66,0.0,True,80.68,0.57,0.07,0.5,2026-06-24,9.95,0,,13.16,ATH,False,False
24-06-2026 09:00,OSMEN,7.97,8.76,7.94,8.76,5483121.0,0.0,0.79,0.12,552.89,0.79,3169146.1,73.02,0.0,True,76.13,0.11,-0.01,0.12,2026-06-24,9.91,0,,7.12,ATH,False,False
24-06-2026 09:00,KBORU,25.12,26.1,23.88,25.94,16491336.0,0.16,0.82,0.01,6733.33,0.82,8284301.6,99.07,0.2,True,59.49,0.16,-0.01,0.17,2026-06-24,3.76,0,,22.6,26.58,False,False
24-06-2026 09:00,GEDIK,6.74,7.37,6.74,7.37,54857687.0,0.0,0.63,0.01,7775.0,0.63,19502840.8,181.28,0.0,True,60.92,0.18,0.21,-0.03,2026-06-24,10.0,0,,6.57,7.75,False,False
23-06-2026 09:00,SANKO,22.3,23.5,22.1,23.2,1100568.0,0.3,0.9,0.0,22400.0,0.9,608214.7,80.95,0.33,True,59.33,0.02,-0.07,0.08,2026-06-23,4.04,0,,21.42,23.9,False,False
23-06-2026 09:00,BORLS,7.26,7.79,6.88,7.79,97555585.0,0.0,0.53,0.15,244.16,0.53,46430427.5,110.11,0.0,True,69.29,0.18,-0.01,0.2,2026-06-23,9.87,0,,5.35,9.21,False,False
23-06-2026 09:00,ALCTL,156.9,169.8,155.0,169.6,996785.0,0.2,12.7,2.07,513.53,12.7,641713.2,55.33,0.02,True,68.78,6.78,5.22,1.56,2026-06-23,7.0,0,,118.0,ATH,False,False
23-06-2026 09:00,MAKIM,17.4,19.25,17.31,19.21,13782841.0,0.04,1.81,0.16,1052.87,1.81,6472837.6,112.93,0.02,True,58.99,0.24,0.15,0.1,2026-06-23,9.77,2,17.31,17.31,20.9,False,False
22-06-2026 09:00,IHYAY,1.67,1.83,1.67,1.83,28840566.0,0.0,0.16,0.0,3900.0,0.16,9740587.9,196.09,0.0,True,62.64,-0.02,-0.03,0.01,2026-06-22,9.58,0,,1.58,1.91,False,False
22-06-2026 09:00,SERNT,10.27,11.22,10.15,11.22,46167341.0,0.0,0.95,0.08,1017.65,0.95,15953970.0,189.38,0.0,True,68.12,0.21,0.13,0.08,2026-06-22,10.0,0,,9.11,11.4,False,False
22-06-2026 09:00,BTCIM,6.05,6.38,6.03,6.3,143286661.0,0.08,0.25,0.01,2400.0,0.25,56113373.4,155.35,0.32,True,57.05,-0.05,-0.08,0.03,2026-06-22,4.3,0,,5.71,6.48,False,False
22-06-2026 09:00,SANEL,67.85,74.6,62.05,74.6,1358032.0,0.0,6.75,2.06,227.35,6.75,789345.7,72.05,0.0,True,78.24,6.31,4.57,1.74,2026-06-22,9.95,0,,33.64,ATH,False,False
22-06-2026 09:00,IHLGM,1.86,2.03,1.85,2.03,51067218.0,0.0,0.17,0.0,16900.0,0.17,26458541.2,93.01,0.0,True,54.96,-0.06,-0.07,0.01,2026-06-22,9.73,0,,1.79,2.48,True,True
22-06-2026 09:00,KOPOL,6.65,6.9,6.62,6.87,26519947.0,0.03,0.22,0.02,900.0,0.22,16706647.0,58.74,0.14,True,65.88,0.15,0.09,0.06,2026-06-22,4.73,0,,5.03,6.89,False,False
19-06-2026 09:00,LINK,6.95,7.55,6.8,7.46,82977478.0,0.09,0.51,0.0,10100.0,0.51,53449353.5,55.25,0.18,True,59.67,0.25,0.3,-0.05,2026-06-19,7.34,0,,6.66,8.23,False,False
19-06-2026 09:00,ANSGR,28.3,29.96,28.14,29.62,15851050.0,0.34,1.32,0.27,388.89,1.32,4623488.1,242.84,0.26,True,60.93,-0.04,-0.21,0.18,2026-06-19,4.3,1,29.96,26.2,29.96,False,False
19-06-2026 09:00,EFOR,14.45,15.87,14.4,15.75,155483552.0,0.12,1.3,0.25,411.81,1.3,81951204.6,89.73,0.09,True,72.03,0.9,0.67,0.23,2026-06-19,9.15,0,,9.98,ATH,False,False
19-06-2026 09:00,DGGYO,38.8,42.48,38.8,42.48,582774.0,0.0,3.68,1.24,195.82,3.68,234861.0,148.14,0.0,True,73.32,1.49,0.65,0.85,2026-06-19,9.99,0,,30.86,ATH,False,False
19-06-2026 09:00,ATLAS,7.42,8.23,7.42,8.23,3464211.0,0.0,0.81,0.04,1925.0,0.81,1125446.8,207.81,0.0,True,54.73,-0.18,-0.19,0.01,2026-06-19,9.88,0,,7.36,10.4,True,True
19-06-2026 09:00,MTRYO,9.85,11.08,9.85,11.08,1679025.0,0.0,1.23,0.08,1364.29,1.23,486135.0,245.38,0.0,True,66.15,0.17,0.11,0.06,2026-06-19,9.92,0,,9.7,ATH,False,False
19-06-2026 09:00,BAKAB,48.5,55.1,48.5,55.1,2469634.0,0.0,6.6,0.48,1269.29,6.6,980483.5,151.88,0.0,True,65.96,1.36,0.87,0.49,2026-06-19,9.98,0,,44.58,ATH,False,False
19-06-2026 09:00,GOZDE,22.28,23.58,22.0,23.4,5553920.0,0.18,1.12,0.24,370.59,1.12,2807908.4,97.8,0.16,True,74.81,0.57,0.22,0.35,2026-06-19,4.93,0,,18.1,ATH,False,False
19-06-2026 09:00,IZMDC,8.33,8.93,8.22,8.93,12825889.0,0.0,0.6,0.05,1150.0,0.6,7603868.6,68.68,0.0,True,67.35,0.24,0.19,0.05,2026-06-19,7.2,0,,6.85,9.47,False,False
18-06-2026 09:00,ODAS,8.46,9.08,8.42,9.05,202129185.0,0.03,0.59,0.15,304.11,0.59,110815692.3,82.4,0.05,True,73.04,0.26,0.11,0.15,2026-06-18,7.74,0,,7.05,ATH,False,False
18-06-2026 09:00,BASGZ,48.18,50.65,46.98,50.65,1419150.0,0.0,2.47,0.13,1860.32,2.47,566951.9,150.31,0.0,True,54.13,0.35,-0.01,0.36,2026-06-18,-2.88,2,46.98,46.98,53.3,False,False
18-06-2026 09:00,LIDFA,3.02,3.32,2.97,3.3,83672280.0,0.02,0.28,0.01,1766.67,0.28,21253054.7,293.7,0.07,True,59.47,-0.08,-0.12,0.05,2026-06-18,9.27,0,,2.79,3.78,True,False
18-06-2026 09:00,TRALT,47.7,52.5,47.22,51.8,225074568.0,0.7,4.1,0.02,18536.36,4.1,117250775.9,91.96,0.17,True,64.53,0.88,0.28,0.6,2026-06-18,8.23,1,52.5,42.16,52.5,False,False
18-06-2026 09:00,YATAS,40.12,44.0,39.9,44.0,2074740.0,0.0,3.88,0.17,2209.52,3.88,1084984.5,91.22,0.0,True,58.17,-0.46,-0.77,0.31,2026-06-18,8.8,1,44.0,39.0,48.94,True,True
18-06-2026 09:00,AFYON,12.75,13.52,12.75,13.42,4466407.0,0.1,0.67,0.03,1993.75,0.67,2097651.5,112.92,0.15,True,55.21,-0.14,-0.23,0.09,2026-06-18,5.09,0,,12.48,14.48,False,False
18-06-2026 09:00,SKBNK,14.57,15.44,14.51,15.4,47406332.0,0.04,0.83,0.16,432.05,0.83,30707584.6,54.38,0.05,True,69.76,0.4,0.22,0.18,2026-06-18,6.21,0,,12.56,ATH,False,False
18-06-2026 09:00,GLYHO,17.5,18.76,17.48,18.69,17794529.0,0.07,1.19,0.25,379.84,1.19,7342299.2,142.36,0.06,True,74.3,0.61,0.29,0.32,2026-06-18,6.92,0,,13.47,ATH,False,False
17-06-2026 09:00,TURGG,28.82,31.7,28.66,31.7,2369457.0,0.0,2.88,0.1,2838.78,2.88,744068.5,218.45,0.0,True,53.73,-1.26,-1.41,0.16,2026-06-17,9.99,0,,27.42,46.64,True,True
17-06-2026 09:00,GRTHO,230.0,252.5,225.1,252.5,3590769.0,0.0,22.5,1.71,1215.79,22.5,1847333.5,94.38,0.0,True,62.34,-0.35,-5.2,4.85,2026-06-17,9.93,0,,199.9,263.75,False,False
16-06-2026 09:00,VERUS,671.0,729.5,664.5,719.5,367560.0,10.0,48.5,13.55,257.93,48.5,121691.3,202.04,0.21,True,91.94,34.99,25.8,9.19,2026-06-16,7.39,1,729.5,459.0,729.5,False,False
16-06-2026 09:00,ESCOM,5.55,6.16,5.53,6.16,92369103.0,0.0,0.61,0.04,1464.1,0.61,58590109.8,57.65,0.0,True,65.74,0.12,0.04,0.08,2026-06-16,10.0,0,,4.82,6.31,False,False
16-06-2026 09:00,OZKGY,14.62,15.3,14.52,15.2,7644243.0,0.1,0.58,0.1,474.26,0.58,4928523.7,55.1,0.17,True,72.51,0.47,0.31,0.16,2026-06-16,3.97,0,,12.09,ATH,False,False
16-06-2026 09:00,SKTAS,3.81,4.13,3.81,4.13,89307610.0,0.0,0.32,0.05,595.65,0.32,23536924.8,279.44,0.0,True,68.71,0.04,0.0,0.04,2026-06-16,9.84,0,,3.15,4.43,False,False
15-06-2026 09:00,SELEC,112.0,123.4,108.0,123.4,12977927.0,0.0,11.4,2.43,370.1,11.4,2635427.5,392.44,0.0,True,71.49,3.18,1.45,1.73,2026-06-15,9.98,0,,91.55,ATH,False,False
15-06-2026 09:00,DNISI,21.18,23.06,21.18,23.06,11490869.0,0.0,1.88,0.18,932.97,1.88,3051418.7,276.57,0.0,True,68.81,0.29,-0.04,0.33,2026-06-15,9.91,0,,18.78,ATH,False,False
15-06-2026 09:00,PARSN,87.15,93.6,85.85,92.95,4174063.0,0.65,5.8,0.57,917.54,5.8,1019233.3,309.53,0.11,True,63.9,0.36,-0.04,0.4,2026-06-15,7.46,0,,78.95,93.85,False,False
12-06-2026 09:00,ALBRK,8.15,8.7,8.07,8.7,67015314.0,0.0,0.55,0.05,918.52,0.55,27616125.9,142.67,0.0,True,58.45,-0.08,-0.13,0.05,2026-06-12,8.61,0,,7.84,8.99,False,False
12-06-2026 09:00,CEMAS,4.6,4.95,4.57,4.95,126767235.0,0.0,0.35,0.0,11566.67,0.35,30545017.7,315.02,0.0,True,53.58,-0.05,-0.04,-0.01,2026-06-12,10.0,0,,4.45,5.21,False,False
12-06-2026 09:00,GOKNR,25.02,27.28,24.46,26.86,32432875.0,0.42,1.84,0.08,2143.9,1.84,10788480.8,200.63,0.23,True,68.82,0.68,0.51,0.16,2026-06-12,8.31,0,,22.68,ATH,False,False
12-06-2026 09:00,ARMGD,133.0,146.3,133.0,146.3,4477779.0,0.0,13.3,2.03,555.17,13.3,1323695.3,238.28,0.0,True,66.35,1.15,-0.52,1.67,2026-06-12,10.0,0,,110.7,158.0,False,False
11-06-2026 09:00,OSTIM,2.04,2.24,2.02,2.24,175423536.3,0.0,0.19,0.02,687.88,0.19,36441331.31,381.39,0.0,True,63.11,0.01,-0.0,0.01,2026-06-11,9.82,0,,1.86,2.3,False,False
11-06-2026 09:00,DMRGD,9.65,10.75,9.65,10.75,96786884.0,0.0,1.1,0.1,957.69,1.1,57320443.1,68.85,0.0,True,68.93,0.98,1.06,-0.09,2026-06-11,9.14,2,9.65,9.65,ATH,False,False
11-06-2026 09:00,BRISA,85.15,90.75,85.15,90.75,395406.0,0.0,5.6,0.04,13900.0,5.6,219320.1,80.29,0.0,True,47.67,0.85,1.53,-0.69,2026-06-11,-0.06,2,85.15,85.15,100.0,False,False
11-06-2026 09:00,FZLGY,16.25,17.82,16.01,17.82,64612047.0,0.0,1.57,0.42,276.5,1.57,40074099.8,61.23,0.0,True,69.74,0.29,-0.11,0.4,2026-06-11,10.0,0,,12.35,ATH,False,False
11-06-2026 09:00,BRKVY,92.0,101.0,90.9,101.0,2699092.0,0.0,9.0,0.27,3233.33,9.0,779016.8,246.47,0.0,True,57.78,-0.64,-0.71,0.07,2026-06-11,9.9,0,,90.1,111.9,False,False
11-06-2026 09:00,MNDTR,5.63,5.85,5.57,5.79,2575313.0,0.06,0.16,0.01,2185.71,0.16,1661449.1,55.0,0.37,True,46.79,-0.08,-0.07,-0.02,2026-06-11,2.84,2,5.57,5.57,6.64,False,False
11-06-2026 09:00,GSDHO,6.02,6.6,6.02,6.6,143385733.0,0.0,0.58,0.04,1511.11,0.58,66106079.6,116.9,0.0,True,65.83,0.24,0.14,0.11,2026-06-11,10.0,0,,4.9,6.92,False,False
10-06-2026 09:00,BERA,16.46,18.07,16.13,18.06,31928382.0,0.01,1.6,0.09,1602.13,1.6,12425092.8,156.97,0.01,True,60.23,-0.01,-0.09,0.07,2026-06-10,9.92,2,16.13,16.13,19.3,False,False
10-06-2026 09:00,DOAS,190.4,200.9,185.0,200.9,4168373.0,0.0,10.5,1.78,489.89,10.5,1668736.6,149.79,0.0,True,64.37,1.32,-0.27,1.58,2026-06-10,5.46,0,,170.1,205.8,False,False
10-06-2026 09:00,DAGI,6.43,7.37,6.43,7.23,12659348.0,0.14,0.8,0.09,760.22,0.8,6391402.9,98.07,0.17,True,59.59,0.18,0.16,0.01,2026-06-10,1.83,2,6.43,6.43,8.0,False,False
10-06-2026 09:00,EUPWR,89.0,96.6,88.7,96.6,80191802.0,0.0,7.6,0.36,2011.11,7.6,50263656.0,59.54,0.0,True,78.77,9.92,8.67,1.25,2026-06-10,9.96,0,,38.76,ATH,False,False
10-06-2026 09:00,KERVN,6.12,6.72,6.12,6.6,6578034.0,0.12,0.48,0.1,375.25,0.48,1946033.2,238.02,0.25,True,77.29,0.45,0.34,0.11,2026-06-10,8.02,0,,3.62,ATH,False,False
10-06-2026 09:00,ANGEN,11.03,12.11,11.03,12.11,14679383.0,0.0,1.08,0.08,1284.62,1.08,6643182.9,120.97,0.0,True,55.07,-0.1,-0.05,-0.05,2026-06-10,9.99,0,,10.41,16.0,False,False
10-06-2026 09:00,KZBGY,2.89,3.15,2.86,3.15,118494649.0,0.0,0.26,0.0,8566.67,0.26,62010639.0,91.09,0.0,True,51.09,-0.08,-0.07,-0.01,2026-06-10,9.76,2,2.86,2.86,3.6,False,False
09-06-2026 09:00,MERKO,2.18,2.38,2.16,2.38,359670570.0,0.0,0.2,0.03,506.06,0.2,115915805.8,210.29,0.0,True,62.04,0.01,-0.01,0.02,2026-06-09,9.68,0,,1.96,2.57,False,False
09-06-2026 09:00,DERIM,39.0,42.78,39.0,42.78,1758435.0,0.0,3.78,0.89,323.77,3.78,511854.8,243.54,0.0,True,69.26,0.35,-0.2,0.56,2026-06-09,9.97,0,,33.48,43.12,False,False
09-06-2026 09:00,A1CAP,9.84,10.8,9.81,10.8,17330432.0,0.0,0.96,0.14,585.71,0.96,10332514.8,67.73,0.0,True,45.41,-0.7,-0.82,0.12,2026-06-09,9.98,0,,9.09,15.3,True,False
09-06-2026 09:00,ULAS,26.98,29.6,26.62,29.12,998221.0,0.48,2.14,0.34,536.9,2.14,368301.7,171.03,0.22,True,53.93,-0.74,-0.96,0.22,2026-06-09,7.85,1,29.6,25.52,29.6,True,False
08-06-2026 09:00,VRGYO,2.16,2.29,2.11,2.26,54755246.0,0.03,0.1,0.0,3233.33,0.1,26794296.5,104.35,0.3,True,48.28,-0.04,-0.04,-0.0,2026-06-08,4.15,0,,2.07,2.59,False,False
08-06-2026 09:00,DAPGM,9.91,11.0,9.61,11.0,272501450.0,0.0,1.09,0.12,831.62,1.09,106849770.6,155.03,0.0,True,54.73,-0.17,-0.34,0.17,2026-06-08,10.0,0,,8.7,11.95,False,False
08-06-2026 09:00,ENDAE,18.39,19.85,17.5,19.85,33876466.0,0.0,1.46,0.31,367.95,1.46,11816553.8,186.69,0.0,True,67.68,0.53,0.29,0.24,2026-06-08,9.97,0,,14.65,ATH,False,False
08-06-2026 09:00,AVGYO,13.31,14.64,13.17,14.64,4489609.0,0.0,1.33,0.21,548.78,1.33,1598669.7,180.83,0.0,True,66.38,0.15,-0.04,0.2,2026-06-08,9.99,0,,11.0,15.75,False,False
08-06-2026 09:00,EGGUB,99.05,108.9,98.2,108.9,2193197.0,0.0,9.85,0.36,2636.11,9.85,738061.5,197.16,0.0,True,46.12,-5.15,-4.73,-0.42,2026-06-08,9.94,2,98.2,98.2,142.3,False,False
08-06-2026 09:00,ORCAY,4.05,4.93,4.05,4.78,6597220.0,0.15,0.73,0.04,1559.09,0.73,2971804.9,121.99,0.21,True,56.86,0.18,0.22,-0.04,2026-06-08,6.22,2,4.05,4.05,5.19,False,False
08-06-2026 09:00,RAYSG,182.0,200.2,180.0,200.2,1087918.0,0.0,18.2,0.95,1815.79,18.2,253161.8,329.73,0.0,True,57.56,-2.72,-3.26,0.54,2026-06-08,10.0,0,,174.0,220.0,False,False
05-06-2026 09:00,ZERGY,15.5,16.9,15.24,16.9,48434570.0,0.0,1.4,0.15,803.23,1.4,25266943.5,91.69,0.0,True,47.64,-1.42,-1.45,0.03,2026-06-05,9.95,0,,13.52,23.8,True,True
05-06-2026 09:00,AYCES,631.5,683.5,628.0,683.5,660156.0,0.0,52.0,10.7,385.98,52.0,325193.1,103.0,0.0,True,48.25,-92.42,-113.87,21.44,2026-06-05,9.98,0,,480.0,1327.0,True,False
05-06-2026 09:00,IDGYO,4.9,5.3,4.75,5.26,7780313.0,0.04,0.36,0.14,155.32,0.36,4967562.8,56.62,0.11,True,80.71,0.32,0.16,0.16,2026-06-05,7.57,0,,3.3,ATH,False,False
04-06-2026 09:00,AVHOL,46.48,50.15,44.06,50.15,10509901.0,0.0,3.67,0.93,293.35,3.67,2468876.4,325.7,0.0,True,78.08,1.85,0.98,0.87,2026-06-04,9.98,0,,35.38,ATH,False,False
04-06-2026 09:00,EMKEL,22.92,25.22,22.92,25.22,34501972.0,0.0,2.3,0.08,2926.32,2.3,12814657.7,169.24,0.0,True,57.89,-0.4,-0.46,0.06,2026-06-04,9.94,0,,20.08,32.38,False,False
03-06-2026 09:00,ARTMS,42.42,47.3,42.0,47.3,6980311.0,0.0,4.88,0.21,2201.89,4.88,2538439.2,174.98,0.0,True,63.43,0.08,-0.2,0.29,2026-06-03,10.0,0,,38.7,48.6,False,False
03-06-2026 09:00,EKOS,8.19,8.98,7.95,8.98,71412099.0,0.0,0.79,0.04,1925.64,0.79,46833618.0,52.48,0.0,True,72.23,0.52,0.47,0.05,2026-06-03,9.91,0,,6.92,ATH,False,False
03-06-2026 09:00,LUKSK,105.3,115.6,104.4,115.6,758612.0,0.0,10.3,0.45,2214.61,10.3,191938.3,295.24,0.0,True,63.21,0.52,0.29,0.23,2026-06-03,9.99,0,,90.1,ATH,False,False
02-06-2026 09:00,VAKBN,31.5,34.12,31.5,33.88,107727128.0,0.24,2.38,0.15,1508.11,2.38,64895666.0,66.0,0.1,True,61.1,-0.21,-0.39,0.18,2026-06-02,9.01,0,,28.68,35.44,False,False
02-06-2026 09:00,VSNMD,57.97,63.06,57.13,63.06,16118545.6,0.0,5.1,0.49,939.47,5.1,3192211.25,404.93,0.0,True,66.75,0.15,-0.32,0.47,2026-06-02,9.96,0,,48.71,69.03,False,False
02-06-2026 09:00,AKGRT,7.32,7.74,7.18,7.74,20359572.0,0.0,0.42,0.03,1515.38,0.42,7557710.5,169.39,0.0,True,63.23,0.01,-0.02,0.03,2026-06-02,6.32,0,,6.93,ATH,False,False
02-06-2026 09:00,BLCYT,37.2,40.16,36.82,40.16,8267358.0,0.0,2.96,0.66,347.13,2.96,3184959.6,159.57,0.0,True,61.86,-0.11,-0.79,0.68,2026-06-02,8.02,0,,30.58,61.9,True,False
01-06-2026 09:00,KLSER,28.3,30.72,28.3,30.72,4863006.0,0.0,2.42,0.1,2420.83,2.42,2457324.1,97.9,0.0,True,65.45,0.45,0.41,0.04,2026-06-01,9.95,0,,26.08,31.46,False,False
01-06-2026 09:00,ARASE,115.9,124.9,115.8,124.5,1556447.0,0.4,8.6,0.43,1900.0,8.6,496979.8,213.18,0.05,True,68.95,3.42,2.82,0.6,2026-06-01,9.6,0,,101.6,ATH,False,False
01-06-2026 09:00,CELHA,16.7,18.28,16.62,18.28,16849027.0,0.0,1.58,0.54,191.51,1.58,10191602.4,65.32,0.0,True,81.86,1.35,1.02,0.33,2026-06-01,9.99,0,,8.8,ATH,False,False
01-06-2026 09:00,DERHL,2.9,3.08,2.9,3.08,59637398.87,0.0,0.18,0.02,922.73,0.18,24182449.69,146.61,0.0,True,57.16,-0.02,-0.02,0.0,2026-06-01,6.2,0,,ATL,3.27,False,False
01-06-2026 09:00,MHRGY,4.61,5.03,4.58,5.03,27507698.0,0.0,0.42,0.03,1135.29,0.42,11635391.7,136.41,0.0,True,73.05,0.23,0.17,0.06,2026-06-01,9.83,0,,3.65,ATH,False,False
22-05-2026 09:00,TABGD,243.8,269.5,243.8,264.0,1247679.0,5.5,20.2,1.74,1057.59,20.2,624537.2,99.78,0.27,True,45.97,3.26,5.23,-1.96,2026-05-22,1.64,2,243.8,243.8,292.25,False,False
22-05-2026 09:00,UCAYM,29.98,33.0,29.8,33.0,40926461.0,0.0,3.02,0.14,2088.41,3.02,22385900.1,82.82,0.0,True,60.62,0.64,0.58,0.06,2026-05-22,10.0,0,,27.84,35.0,False,False
22-05-2026 09:00,ALGYO,6.03,6.87,6.0,6.86,245182270.0,0.01,0.83,0.06,1331.03,0.83,136138931.0,80.1,0.01,True,53.49,0.44,0.48,-0.04,2026-05-22,3.0,2,6.0,6.0,8.35,False,False
22-05-2026 09:00,GEDZA,31.4,35.76,30.84,35.74,7244046.0,0.02,4.34,0.54,697.79,4.34,3377489.2,114.48,0.0,True,64.26,0.86,0.58,0.28,2026-05-22,9.63,0,,28.8,ATH,False,False
22-05-2026 09:00,TEZOL,17.4,18.9,17.16,18.9,12596383.0,0.0,1.5,0.1,1446.39,1.5,5870811.5,114.56,0.0,True,53.04,0.13,0.23,-0.1,2026-05-22,2.83,2,17.16,17.16,19.92,False,False
22-05-2026 09:00,BAYRK,5.14,5.61,5.03,5.61,58574574.0,0.0,0.47,0.03,1640.74,0.47,27070031.5,116.38,0.0,True,72.05,0.11,0.07,0.04,2026-05-22,10.0,0,,4.81,ATH,False,False
22-05-2026 09:00,AKCNS,196.4,215.0,194.4,213.9,2192660.0,1.1,17.5,0.35,4900.0,17.5,939145.1,133.47,0.06,True,60.84,-2.0,-1.78,-0.22,2026-05-22,8.91,0,,183.5,224.5,False,False
21-05-2026 09:00,ICBCT,19.2,21.12,19.03,21.12,9545865.0,0.0,1.92,0.27,608.49,1.92,4344715.7,119.71,0.0,True,76.47,1.06,0.71,0.35,2026-05-21,9.94,0,,16.26,ATH,False,False
20-05-2026 09:00,OBAMS,8.29,8.85,8.21,8.74,158807177.0,0.11,0.45,0.0,44900.0,0.45,84944254.1,86.95,0.24,True,61.79,0.12,0.09,0.03,2026-05-20,1.75,1,8.85,7.83,8.85,False,False
20-05-2026 09:00,MEPET,21.5,23.6,21.5,23.42,1074364.0,0.18,1.92,0.14,1233.33,1.92,577307.5,86.1,0.09,True,51.84,-0.32,-0.37,0.05,2026-05-20,4.83,0,,21.12,24.4,False,False
18-05-2026 09:00,KFEIN,9.22,10.14,9.09,10.14,20450021.0,0.0,0.92,0.11,751.85,0.92,7531321.8,171.53,0.0,True,67.72,0.25,0.19,0.05,2026-05-18,9.98,0,,8.09,ATH,False,False
18-05-2026 09:00,IZENR,11.16,12.25,10.72,12.25,365393680.0,0.0,1.09,0.15,617.11,1.09,144137507.8,153.5,0.0,True,74.89,0.36,0.25,0.11,2026-05-18,9.96,0,,9.96,ATH,False,False
15-05-2026 09:00,EDATA,17.43,19.83,17.35,19.45,18040685.0,0.38,2.02,0.14,1312.59,2.02,9778181.5,84.5,0.19,True,45.64,0.47,0.89,-0.41,2026-05-15,2.31,0,,16.22,26.18,False,False
15-05-2026 09:00,ISSEN,8.7,9.57,8.61,9.57,8324748.0,0.0,0.87,0.13,596.0,0.87,2428848.9,242.74,0.0,True,72.83,0.23,0.17,0.06,2026-05-15,10.0,0,,8.12,ATH,False,False
15-05-2026 09:00,GARFA,33.5,35.9,31.84,35.66,4737188.0,0.24,2.16,0.66,227.27,2.16,2486948.5,90.48,0.11,True,82.16,1.35,0.8,0.54,2026-05-15,8.32,0,,27.18,ATH,False,False
15-05-2026 09:00,TGSAS,165.0,179.9,163.0,179.9,834100.0,0.0,14.9,0.9,1555.56,14.9,374062.2,122.98,0.0,True,68.35,0.77,-0.22,0.99,2026-05-15,9.96,0,,155.0,ATH,False,False
15-05-2026 09:00,EKSUN,6.53,7.18,6.33,7.0,34607061.0,0.18,0.47,0.07,612.12,0.47,9657703.4,258.34,0.38,True,72.18,0.27,0.21,0.06,2026-05-15,7.2,0,,5.06,ATH,False,False
14-05-2026 09:00,MOPAS,39.7,42.56,39.7,41.88,8749788.0,0.68,2.18,0.05,3937.04,2.18,5587220.5,56.6,0.31,True,57.88,0.03,-0.02,0.04,2026-05-14,5.76,0,,38.8,46.12,False,False
14-05-2026 09:00,YUNSA,9.6,10.27,9.42,10.08,28758023.0,0.19,0.48,0.1,370.59,0.48,13404826.5,114.53,0.4,True,73.78,0.25,0.12,0.13,2026-05-14,5.55,0,,8.0,ATH,False,False
14-05-2026 09:00,OZATD,799.0,878.5,741.5,878.5,13638617.0,0.0,79.5,7.95,900.0,79.5,1648151.3,727.51,0.0,True,97.24,127.92,79.98,47.94,2026-05-14,9.95,0,,ATL,ATH,False,False
14-05-2026 09:00,BORSK,7.27,7.89,7.27,7.89,41729828.0,0.0,0.62,0.03,1723.53,0.62,22699635.7,83.83,0.0,True,64.36,0.13,0.13,0.0,2026-05-14,9.89,0,,5.82,8.06,False,False
14-05-2026 09:00,KLYPV,61.95,66.1,61.7,65.05,6885221.0,1.05,3.1,0.29,950.85,3.1,4443097.1,54.96,0.34,True,60.26,0.74,0.31,0.43,2026-05-14,6.46,0,,57.25,67.15,False,False
13-05-2026 09:00,SMRTG,11.46,12.55,11.46,12.55,142997481.0,0.0,1.09,0.47,131.91,1.09,83953567.1,70.33,0.0,True,89.74,0.94,0.49,0.45,2026-05-13,9.99,0,,7.3,ATH,False,False
13-05-2026 09:00,PRKAB,40.96,44.78,40.76,44.78,12419528.0,0.0,3.82,0.39,874.49,3.82,3136199.6,296.01,0.0,True,65.05,0.53,0.02,0.51,2026-05-13,9.97,0,,37.62,ATH,False,False
13-05-2026 09:00,TEHOL,27.42,29.0,26.56,29.0,307143310.0,0.0,1.58,0.19,740.43,1.58,127661401.8,140.59,0.0,True,83.66,1.52,1.4,0.12,2026-05-13,6.62,0,,ATL,ATH,False,False
13-05-2026 09:00,RTALB,4.32,4.71,4.08,4.71,337328640.0,0.0,0.39,0.03,1400.0,0.39,129368029.6,160.75,0.0,True,75.07,0.16,0.04,0.12,2026-05-13,9.79,0,,3.22,ATH,False,False
13-05-2026 09:00,BIMAS,393.25,407.25,393.25,406.5,15626826.0,0.75,13.25,1.6,728.12,13.25,10060914.4,55.32,0.06,True,69.41,8.13,6.17,1.96,2026-05-13,4.1,0,,360.25,ATH,False,False
12-05-2026 09:00,PEKGY,17.01,18.71,16.77,18.71,500153480.0,0.0,1.7,0.24,611.3,1.7,288417567.6,73.41,0.0,True,81.83,0.83,0.6,0.23,2026-05-12,9.99,0,,13.02,ATH,False,False
12-05-2026 09:00,AKENR,12.25,13.43,12.0,13.43,31208813.0,0.0,1.18,0.21,472.82,1.18,17979090.7,73.58,0.0,True,88.21,0.54,0.26,0.28,2026-05-12,9.99,0,,10.02,ATH,False,False
12-05-2026 09:00,DITAS,37.98,41.76,37.96,41.76,8142406.0,0.0,3.78,0.84,351.07,3.78,4728431.0,72.2,0.0,True,69.35,0.23,-0.74,0.97,2026-05-12,9.95,0,,31.18,ATH,True,False
11-05-2026 09:00,KRDMD,41.0,44.56,40.92,44.16,146772620.0,0.4,3.16,0.51,514.79,3.16,73953143.0,98.47,0.13,True,83.61,1.84,1.43,0.41,2026-05-11,8.98,0,,ATL,ATH,False,False
11-05-2026 09:00,PNSUT,15.86,17.41,15.86,17.41,15854644.0,0.0,1.55,0.38,304.7,1.55,7950787.0,99.41,0.0,True,88.54,0.81,0.46,0.36,2026-05-11,9.98,0,,12.34,ATH,False,False
11-05-2026 09:00,KNFRT,12.54,13.5,12.5,13.26,9201005.0,0.24,0.72,0.03,2081.82,0.72,3577630.4,157.18,0.33,True,69.22,0.23,0.23,0.01,2026-05-11,7.63,1,13.5,11.52,13.5,False,False
11-05-2026 09:00,PETUN,14.58,15.77,14.54,15.45,7065093.0,0.32,0.87,0.28,212.95,0.87,3813065.2,85.29,0.37,True,89.29,0.56,0.32,0.24,2026-05-11,5.97,0,,12.1,ATH,False,False
11-05-2026 09:00,ZOREN,3.2,3.46,3.2,3.42,171565173.0,0.04,0.22,0.02,816.67,0.22,77873698.5,120.31,0.18,True,74.07,0.08,0.05,0.02,2026-05-11,7.21,0,,2.7,ATH,False,False
11-05-2026 09:00,EGSER,3.37,3.64,3.29,3.64,11791658.0,0.0,0.27,0.05,419.23,0.27,6181647.3,90.75,0.0,True,84.83,0.12,0.07,0.05,2026-05-11,9.31,0,,2.67,ATH,False,False
08-05-2026 09:00,ALTNY,17.8,19.48,17.7,19.48,71434306.0,0.0,1.68,0.3,456.29,1.68,36335798.3,96.59,0.0,True,83.99,0.67,0.4,0.27,2026-05-08,9.99,0,,ATL,ATH,False,False
08-05-2026 09:00,CGCAM,42.28,45.7,41.3,44.8,11406096.0,0.9,2.52,0.24,958.82,2.52,6136101.7,85.89,0.36,True,66.72,1.25,1.11,0.14,2026-05-08,5.96,0,,39.6,ATH,False,False
08-05-2026 09:00,ZEDUR,9.89,10.87,9.82,10.87,23090315.0,0.0,0.98,0.14,585.31,0.98,7870083.7,193.39,0.0,True,83.64,0.32,0.22,0.1,2026-05-08,9.91,0,,ATL,ATH,False,False
08-05-2026 09:00,KLRHO,122.4,134.6,120.9,134.6,13767675.0,0.0,12.2,1.86,555.91,12.2,7014965.0,96.26,0.0,True,66.39,1.2,-1.32,2.52,2026-05-08,9.97,0,,100.7,152.9,True,False
08-05-2026 09:00,SURGY,73.45,80.3,72.1,80.3,23673945.0,0.0,6.85,0.8,750.93,6.85,12466967.1,89.89,0.0,True,76.7,3.5,3.04,0.46,2026-05-08,10.0,0,,66.75,ATH,False,False
07-05-2026 09:00,DEVA,66.4,69.7,66.4,69.6,1308824.0,0.1,3.2,0.07,4823.08,3.2,582523.2,124.68,0.03,True,66.6,0.77,0.84,-0.07,2026-05-07,5.14,0,,64.1,ATH,False,False
07-05-2026 09:00,AKSGY,9.48,9.79,9.42,9.78,6397787.0,0.01,0.3,0.05,500.0,0.3,4249078.0,50.57,0.03,True,69.87,0.06,0.01,0.05,2026-05-07,4.04,1,9.79,8.72,9.79,False,False
07-05-2026 09:00,NUGYO,9.79,10.12,9.77,10.05,3513698.0,0.07,0.26,0.02,1081.82,0.26,2115340.6,66.11,0.27,True,62.7,0.15,0.16,-0.01,2026-05-07,3.18,0,,ATL,ATH,False,False
07-05-2026 09:00,MAVI,43.92,45.66,43.76,45.66,9045432.0,0.0,1.74,0.17,911.63,1.74,5512765.0,64.08,0.0,True,62.52,0.35,0.23,0.12,2026-05-07,4.1,0,,42.44,ATH,False,False
07-05-2026 09:00,BRKSN,9.2,9.5,9.19,9.45,1395544.0,0.05,0.25,0.06,290.62,0.25,861707.2,61.95,0.2,True,67.13,0.07,0.01,0.06,2026-05-07,2.83,1,9.5,8.34,9.5,False,False
07-05-2026 09:00,SEGYO,4.92,5.37,4.9,5.26,47746817.0,0.11,0.34,0.02,1316.67,0.34,16137549.5,195.87,0.32,True,64.89,0.08,0.07,0.01,2026-05-07,7.57,0,,4.17,ATH,False,False
07-05-2026 09:00,TLMAN,96.5,99.35,96.35,99.3,262062.0,0.05,2.8,0.15,1706.45,2.8,139577.9,87.75,0.02,True,64.95,1.16,1.2,-0.04,2026-05-07,3.98,0,,93.1,99.35,False,False
07-05-2026 09:00,KRPLS,9.4,10.18,9.35,9.98,8100208.0,0.2,0.58,0.05,994.34,0.58,3110976.5,160.38,0.34,True,77.35,0.19,0.13,0.05,2026-05-07,6.85,0,,ATL,ATH,False,False
07-05-2026 09:00,BVSAN,124.5,136.9,122.8,136.9,3062914.0,0.0,12.4,1.45,755.17,12.4,1541964.9,98.64,0.0,True,76.98,3.78,2.26,1.52,2026-05-07,9.96,0,,ATL,ATH,False,False
07-05-2026 09:00,VAKFA,13.73,14.35,13.73,14.29,51399557.0,0.06,0.56,0.08,582.93,0.56,26905295.4,91.04,0.11,True,68.62,0.2,0.16,0.04,2026-05-07,4.31,0,,13.06,ATH,False,False
07-05-2026 09:00,KATMR,2.96,3.14,2.95,3.1,391714630.0,0.04,0.14,0.0,13900.0,0.14,160747959.6,143.68,0.29,True,69.95,0.05,0.03,0.02,2026-05-07,5.44,0,,2.64,ATH,False,False
07-05-2026 09:00,MIATK,44.8,47.88,44.4,47.88,75158218.0,0.0,3.08,0.41,654.9,3.08,29958985.7,150.87,0.0,True,72.45,0.62,0.05,0.57,2026-05-07,9.97,0,,38.52,ATH,False,False
07-05-2026 09:00,NIBAS,6.02,6.61,5.82,6.61,22835047.0,0.0,0.59,0.05,1104.08,0.59,10707761.5,113.26,0.0,True,44.42,-0.57,-0.64,0.07,2026-05-07,9.98,0,,5.56,11.6,False,False
07-05-2026 09:00,AAGYO,19.0,20.7,18.68,20.7,151865369.0,0.0,1.7,0.02,6700.0,1.7,59906598.6,153.5,0.0,True,49.27,-0.41,-0.47,0.06,2026-05-07,9.52,0,,18.32,ATH,False,False
07-05-2026 09:00,LKMNH,15.42,16.22,15.4,16.15,5927754.0,0.07,0.73,0.04,1872.97,0.73,2580181.5,129.74,0.1,True,61.58,0.01,-0.03,0.03,2026-05-07,4.73,0,,14.75,16.2,False,False
06-05-2026 09:00,SDTTR,241.4,265.5,238.7,265.5,3281599.0,0.0,24.1,2.17,1010.6,24.1,1688832.5,94.31,0.0,True,75.42,5.95,2.8,3.15,2026-05-06,9.98,0,,216.0,ATH,False,False
06-05-2026 09:00,ALFAS,41.7,42.96,41.48,42.9,5036435.0,0.06,1.2,0.1,1053.85,1.2,2616617.9,92.48,0.05,True,73.55,0.95,0.73,0.22,2026-05-06,3.17,0,,35.8,ATH,False,False
06-05-2026 09:00,MGROS,660.5,687.5,660.0,683.5,5101224.0,4.0,23.0,0.55,4081.82,23.0,2475451.8,106.07,0.17,True,66.84,6.75,6.16,0.59,2026-05-06,6.22,0,,617.0,ATH,False,False
06-05-2026 09:00,KRSTL,8.9,9.76,8.88,9.54,60517229.0,0.22,0.64,0.04,1677.78,0.64,11452849.6,428.4,0.34,True,58.48,0.08,0.11,-0.03,2026-05-06,7.43,0,,8.78,ATH,False,False
06-05-2026 09:00,KZGYO,23.3,25.46,23.24,25.46,8268013.0,0.0,2.16,0.0,107900.0,2.16,2194656.7,276.73,0.0,True,73.05,0.21,0.13,0.08,2026-05-06,9.93,0,,22.66,ATH,False,False
06-05-2026 09:00,AVOD,4.68,5.04,4.66,5.04,80937750.0,0.0,0.36,0.04,700.0,0.36,30560882.8,164.84,0.0,True,65.56,0.07,0.01,0.06,2026-05-06,9.8,0,,4.17,5.05,False,False
06-05-2026 09:00,ELITE,31.1,33.7,30.88,33.46,6849896.0,0.24,2.36,0.2,1104.08,2.36,2115680.2,223.77,0.1,True,74.6,0.56,0.42,0.14,2026-05-06,8.64,0,,30.0,ATH,False,False
06-05-2026 09:00,ENKAI,107.0,110.8,106.6,110.5,14525679.0,0.3,3.5,0.02,17400.0,3.5,8743073.4,66.14,0.09,True,68.02,2.14,2.05,0.09,2026-05-06,4.15,0,,ATL,ATH,False,False
05-05-2026 09:00,VBTYZ,22.1,23.14,21.8,23.14,3697749.0,0.0,1.04,0.07,1429.41,1.04,1662894.9,122.37,0.0,True,63.77,0.34,0.24,0.1,2026-05-05,4.8,0,,18.74,23.2,False,False
05-05-2026 09:00,NTGAZ,13.39,13.89,13.37,13.89,75736430.0,0.0,0.5,0.03,1823.08,0.5,14287801.7,430.08,0.0,True,72.64,0.17,0.08,0.1,2026-05-05,9.98,1,13.89,ATL,ATH,False,False
05-05-2026 09:00,PENTA,14.54,15.57,14.54,15.34,10826903.0,0.23,0.8,0.07,981.08,0.8,4547989.4,138.06,0.29,True,75.45,0.33,0.26,0.07,2026-05-05,5.65,0,,12.63,ATH,False,False
05-05-2026 09:00,KCAER,11.97,12.59,11.71,12.59,72034804.0,0.0,0.62,0.03,2114.29,0.62,26721628.4,169.57,0.0,True,65.33,0.14,0.07,0.07,2026-05-05,3.54,0,,11.21,ATH,False,False
05-05-2026 09:00,SEKFK,6.17,6.78,6.08,6.78,2660541.25,0.0,0.61,0.05,1205.88,0.61,1007075.36,164.18,0.0,True,72.12,0.11,0.07,0.03,2026-05-05,10.0,0,,5.83,ATH,False,False
04-05-2026 09:00,TARKM,430.0,449.5,417.0,449.5,860068.0,0.0,19.5,1.72,1030.43,19.5,250205.3,243.74,0.0,True,73.72,9.2,7.69,1.51,2026-05-04,9.97,0,,403.5,ATH,False,False
04-05-2026 09:00,FONET,4.94,5.4,4.9,5.4,97190772.0,0.0,0.46,0.01,3185.71,0.46,64084318.4,51.66,0.0,True,63.98,0.04,-0.01,0.05,2026-05-04,9.98,0,,4.35,ATH,False,False
04-05-2026 09:00,LMKDC,34.16,36.84,33.68,36.84,30542511.0,0.0,2.68,0.58,358.9,2.68,8617711.8,254.42,0.0,True,70.76,0.86,0.54,0.32,2026-05-04,-1.23,0,,33.04,ATH,False,False
30-04-2026 09:00,AGESA,231.1,240.9,231.1,240.9,393095.0,0.0,9.8,0.16,6025.0,9.8,218290.8,80.08,0.0,True,60.89,2.01,2.2,-0.18,2026-04-30,5.2,0,,228.3,243.6,False,False
30-04-2026 09:00,KRVGD,2.98,3.17,2.95,3.12,24103973.0,0.05,0.14,0.02,677.78,0.14,12348134.1,95.2,0.36,True,69.52,0.05,0.03,0.02,2026-04-30,5.41,0,,2.6,ATH,False,False
30-04-2026 09:00,RALYH,301.25,339.0,293.0,336.5,3659985.0,2.5,35.25,7.3,382.88,35.25,2387808.4,53.28,0.07,True,70.36,29.14,27.17,1.96,2026-04-30,3.78,2,293.0,293.0,ATH,False,False
30-04-2026 09:00,BESLR,13.94,15.29,13.86,15.02,17725809.0,0.27,1.08,0.1,1013.4,1.08,5720049.0,209.89,0.25,True,68.35,0.18,0.1,0.08,2026-04-30,7.75,0,,ATL,ATH,False,False
30-04-2026 09:00,FENER,2.95,3.18,2.93,3.14,404501950.0,0.04,0.19,0.02,763.64,0.19,263232625.5,53.67,0.21,True,60.27,0.05,0.04,0.01,2026-04-30,7.9,0,,2.71,3.23,False,False
30-04-2026 09:00,EDIP,37.48,39.96,37.1,39.48,2179442.0,0.48,2.0,0.1,1823.08,2.0,948477.1,129.78,0.24,True,69.84,0.69,0.54,0.14,2026-04-30,6.36,0,,32.9,ATH,False,False
30-04-2026 09:00,QUAGR,3.45,3.72,3.3,3.72,419629780.0,0.0,0.27,0.01,1700.0,0.27,240319152.5,74.61,0.0,True,53.21,0.11,0.14,-0.03,2026-04-30,9.73,2,3.3,3.3,4.25,False,False
29-04-2026 09:00,AGYO,8.8,9.46,8.73,9.45,1746292.0,0.01,0.65,0.12,432.79,0.65,698818.8,149.89,0.02,True,70.99,0.14,0.07,0.07,2026-04-29,7.39,0,,8.1,ATH,False,False
29-04-2026 09:00,AHSGY,18.35,20.02,18.22,20.02,8547952.0,0.0,1.67,0.12,1315.25,1.67,3678890.6,132.35,0.0,True,62.15,0.03,-0.12,0.15,2026-04-29,10.0,0,,16.25,ATH,False,False
29-04-2026 09:00,PCILT,26.44,28.74,26.42,28.74,4178282.0,0.0,2.3,0.06,3865.52,2.3,2094151.7,99.52,0.0,True,55.67,-0.4,-0.47,0.07,2026-04-29,9.95,0,,25.56,31.38,False,False
29-04-2026 09:00,BYDNR,37.0,40.7,36.08,40.7,5405068.0,0.0,3.7,0.15,2366.67,3.7,1205161.7,348.49,0.0,True,56.94,-0.17,-0.04,-0.13,2026-04-29,10.0,2,36.08,36.08,ATH,False,False
28-04-2026 09:00,IZINV,65.6,72.3,64.8,71.9,1944426.0,0.4,6.3,0.39,1494.94,6.3,679516.0,186.15,0.06,True,61.25,0.27,0.15,0.12,2026-04-28,9.27,2,64.8,64.8,75.5,False,False
28-04-2026 09:00,SAYAS,46.56,50.7,45.98,50.7,4510627.0,0.0,4.14,0.7,494.83,4.14,1581112.2,185.28,0.0,True,77.58,1.21,0.56,0.65,2026-04-28,9.98,0,,38.76,ATH,False,False
28-04-2026 09:00,LXGYO,17.58,19.25,16.81,19.0,122088291.0,0.25,1.42,0.19,639.58,1.42,73745357.7,65.55,0.18,True,54.18,-0.45,-0.7,0.25,2026-04-28,8.57,1,19.25,15.66,19.25,False,False
28-04-2026 09:00,GWIND,26.3,28.86,26.02,28.86,69711081.0,0.0,2.56,0.08,3021.95,2.56,13292158.2,424.45,0.0,True,62.54,-0.19,-0.18,-0.01,2026-04-28,9.98,0,,25.64,31.68,False,False
27-04-2026 09:00,YYAPI,1.04,1.14,1.04,1.14,27724091.0,0.0,0.1,0.01,1566.67,0.1,11720558.0,136.54,0.0,True,52.0,-0.03,-0.04,0.02,2026-04-27,9.62,0,,0.95,ATH,False,False
27-04-2026 09:00,ULUFA,2.15,2.33,2.06,2.33,176228104.0,0.0,0.18,0.03,510.17,0.18,51254578.0,243.83,0.0,True,51.07,0.03,0.03,-0.0,2026-04-27,1.75,0,,2.16,2.58,False,False
24-04-2026 09:00,ARENA,34.62,37.96,34.6,37.76,14503095.0,0.2,3.14,0.96,227.08,3.14,6211163.4,133.5,0.06,True,90.49,1.91,0.92,0.99,2026-04-24,9.07,0,,23.9,ATH,False,False
24-04-2026 09:00,PENGD,13.7,15.05,12.48,15.05,45478230.0,0.0,1.35,0.28,387.36,1.35,24196478.7,87.95,0.0,True,81.98,0.85,0.46,0.39,2026-04-24,9.93,0,,9.91,ATH,False,False
24-04-2026 09:00,HRKET,67.35,71.95,66.5,71.2,2072862.0,0.75,3.85,0.56,581.42,3.85,957088.3,116.58,0.19,True,77.95,1.43,0.79,0.64,2026-04-24,6.03,0,,58.15,ATH,False,False
24-04-2026 09:00,MAGEN,60.3,64.85,59.95,63.9,16460894.0,0.95,3.6,0.36,900.0,3.6,10268316.6,60.31,0.26,True,76.44,1.85,1.8,0.05,2026-04-24,6.5,0,,57.9,ATH,False,False
24-04-2026 09:00,KAREL,10.56,11.61,10.4,11.61,32784251.0,0.0,1.05,0.22,372.97,1.05,16193632.6,102.45,0.0,True,80.13,0.47,0.31,0.17,2026-04-24,9.94,0,,ATL,ATH,False,False
22-04-2026 09:00,PLTUR,24.54,26.92,24.16,26.92,11704084.0,0.0,2.38,0.26,822.48,2.38,3968185.8,194.95,0.0,True,67.74,0.37,0.17,0.2,2026-04-22,9.97,0,,ATL,ATH,False,False
21-04-2026 09:00,BMSCH,17.19,18.85,17.19,18.49,17413328.0,0.36,1.3,0.15,790.41,1.3,3583125.0,385.98,0.28,True,65.93,0.04,-0.12,0.16,2026-04-21,7.88,0,,15.85,ATH,False,False
21-04-2026 09:00,ESEN,4.32,4.74,4.17,4.74,391211670.0,0.0,0.42,0.08,400.0,0.42,126506001.2,209.24,0.0,True,83.35,0.11,0.05,0.06,2026-04-21,9.98,0,,3.69,ATH,False,False
21-04-2026 09:00,GMTAS,41.9,46.08,41.72,46.08,7278027.0,0.0,4.18,1.71,144.16,4.18,4495748.8,61.89,0.0,True,96.18,3.0,1.7,1.31,2026-04-21,9.98,0,,ATL,ATH,False,False
21-04-2026 09:00,ZRGYO,21.42,22.34,21.32,22.22,2862782.0,0.12,0.8,0.02,4344.44,0.8,1230971.1,132.56,0.15,True,56.25,-0.06,-0.09,0.03,2026-04-21,4.32,0,,20.94,23.3,False,False
20-04-2026 09:00,MARBL,13.11,13.75,12.91,13.7,3255618.0,0.05,0.59,0.07,686.67,0.59,2058953.0,58.12,0.08,True,64.72,0.12,0.03,0.09,2026-04-20,3.4,0,,12.09,ATH,False,False
20-04-2026 09:00,GRNYO,16.15,18.86,15.59,18.35,2244491.0,0.51,2.2,0.45,392.17,2.2,816475.3,174.9,0.23,True,76.07,0.33,-0.0,0.34,2026-04-20,7.0,0,,13.9,ATH,False,False
20-04-2026 09:00,KARSN,10.79,11.65,10.7,11.47,32539009.0,0.18,0.68,0.15,347.37,0.68,19469101.1,67.13,0.26,True,78.42,0.28,0.14,0.14,2026-04-20,5.23,0,,ATL,ATH,False,False
20-04-2026 09:00,EGPRO,37.48,41.68,36.7,41.68,7356265.0,0.0,4.2,1.06,296.98,4.2,3733606.5,97.03,0.0,True,85.11,1.63,0.66,0.97,2026-04-20,9.97,0,,27.64,ATH,False,False
20-04-2026 09:00,MERCN,20.06,22.08,19.38,22.08,16526275.0,0.0,2.02,0.42,376.42,2.02,10508940.1,57.26,0.0,True,87.1,0.69,0.25,0.44,2026-04-20,9.96,0,,15.8,ATH,False,False
20-04-2026 09:00,DOFRB,110.0,122.1,109.1,122.1,15073304.0,0.0,12.1,1.03,1069.08,12.1,9401813.8,60.32,0.0,True,70.54,1.66,0.71,0.94,2026-04-20,10.0,0,,98.65,ATH,False,False
17-04-2026 09:00,YKBNK,37.5,39.36,37.14,39.3,396574270.0,0.06,1.8,0.19,837.5,1.8,197483082.2,100.81,0.03,True,69.71,0.82,0.55,0.27,2026-04-17,4.86,1,39.36,ATL,39.36,False,False
17-04-2026 09:00,XBANK,17591.7,18591.43,17454.99,18564.9,1944347143.0,26.53,973.2,139.64,596.94,973.2,1228386595.5,58.28,0.03,True,71.88,374.32,212.42,161.89,2026-04-17,5.63,1,18591.43,15274.01,18591.43,False,False
17-04-2026 09:00,MEGAP,2.48,2.72,2.48,2.72,4176135.0,0.0,0.24,0.05,410.64,0.24,2037285.4,104.99,0.0,True,63.27,0.03,0.02,0.01,2026-04-17,9.68,0,,2.27,ATH,False,False
17-04-2026 09:00,PGSUS,186.5,198.0,185.5,196.9,32820718.0,1.1,10.4,0.68,1429.41,10.4,19022838.2,72.53,0.11,True,69.19,2.42,1.3,1.12,2026-04-17,5.86,1,198.0,ATL,198.0,False,False
17-04-2026 09:00,TSKB,12.19,12.71,12.14,12.66,35432353.0,0.05,0.47,0.07,526.67,0.47,22694411.9,56.13,0.11,True,65.24,0.13,0.04,0.09,2026-04-17,3.86,1,12.71,10.97,12.71,False,False
17-04-2026 09:00,TSGYO,6.74,7.05,6.74,6.99,4958122.0,0.06,0.25,0.03,825.93,0.25,2597699.9,90.87,0.24,True,61.2,0.04,0.0,0.04,2026-04-17,3.71,0,,6.32,ATH,False,False
17-04-2026 09:00,EKGYO,20.98,22.34,20.82,22.34,156630981.0,0.0,1.36,0.17,700.0,1.36,103715273.7,51.02,0.0,True,67.35,0.34,0.17,0.17,2026-04-17,6.58,1,22.34,18.86,ATH,False,False
17-04-2026 09:00,ARFYE,29.9,32.84,29.86,32.84,24665525.0,0.0,2.94,0.21,1273.83,2.94,13090342.1,88.43,0.0,True,73.34,0.91,0.53,0.37,2026-04-17,9.98,0,,23.6,ATH,False,False
17-04-2026 09:00,HALKB,39.48,41.14,39.12,41.14,80332266.0,0.0,1.66,0.21,690.48,1.66,49782532.6,61.37,0.0,True,63.47,0.57,0.24,0.33,2026-04-17,4.36,0,,35.12,ATH,False,False
17-04-2026 09:00,BURCE,49.1,53.9,47.32,53.9,19357687.0,0.0,4.8,0.67,614.29,4.8,9021767.0,114.57,0.0,True,78.32,1.32,0.45,0.87,2026-04-17,10.0,0,,39.5,ATH,False,False
17-04-2026 09:00,BUCIM,6.11,6.5,6.08,6.42,25877046.0,0.08,0.31,0.01,2114.29,0.31,13703601.9,88.83,0.26,True,65.22,0.02,0.0,0.02,2026-04-17,5.59,1,6.5,5.9,6.5,False,False
17-04-2026 09:00,XU100,14235.63,14601.12,14183.21,14587.93,19669935834.0,13.19,352.3,98.43,257.92,352.3,11172850424.4,76.05,0.04,True,78.72,278.16,168.85,109.31,2026-04-17,2.72,0,,ATL,ATH,False,False
17-04-2026 09:00,XU030,16306.2,16753.33,16244.77,16723.23,13771564603.0,30.1,417.03,123.66,237.25,417.03,6669991925.9,106.47,0.07,True,77.83,341.11,211.89,129.22,2026-04-17,2.74,0,,14311.38,ATH,False,False
17-04-2026 09:00,ACSEL,115.1,123.7,115.1,123.2,749377.0,0.5,8.1,0.81,900.0,8.1,327578.5,128.76,0.06,True,70.82,2.26,1.41,0.85,2026-04-17,7.04,0,,ATL,ATH,False,False
17-04-2026 09:00,MACKO,38.64,42.1,38.54,41.66,6672128.0,0.44,3.02,0.34,777.91,3.02,3458798.9,92.9,0.15,True,78.59,1.09,0.77,0.31,2026-04-17,7.82,0,,ATL,ATH,False,False
17-04-2026 09:00,DOGUB,106.7,125.8,103.0,125.8,2679966.0,0.0,19.1,3.55,438.79,19.1,1464231.9,83.03,0.0,True,70.89,9.74,7.39,2.36,2026-04-17,9.97,0,,ATL,146.5,False,False
16-04-2026 09:00,DESA,13.75,14.96,13.75,14.75,5933891.0,0.21,1.0,0.11,800.9,1.0,1884871.5,214.82,0.21,True,80.19,0.2,0.12,0.08,2026-04-16,7.51,1,14.96,ATL,14.96,False,False
16-04-2026 09:00,YAPRK,15.3,16.92,15.21,16.92,8925917.0,0.0,1.62,0.18,775.68,1.62,4082582.1,118.63,0.0,True,59.97,0.04,-0.09,0.13,2026-04-16,9.94,1,16.92,13.67,ATH,False,False
15-04-2026 09:00,KAYSE,4.9,5.06,4.84,5.04,33665988.0,0.02,0.14,0.04,258.97,0.14,19574686.0,71.99,0.14,True,76.01,0.08,0.03,0.05,2026-04-15,3.7,0,,4.23,ATH,False,False
15-04-2026 09:00,AZTEK,4.15,4.59,4.1,4.59,75022204.0,0.0,0.44,0.05,816.67,0.44,15811058.5,374.49,0.0,True,76.29,0.06,0.01,0.05,2026-04-15,9.81,0,,3.76,ATH,False,False
15-04-2026 09:00,TRILC,2.49,2.64,2.49,2.61,57759699.44,0.03,0.12,0.01,927.4,0.12,23925343.91,141.42,0.28,True,69.99,0.01,-0.0,0.01,2026-04-15,4.76,0,,2.35,ATH,False,False
15-04-2026 09:00,GUBRF,495.75,541.5,495.0,529.5,4121164.0,12.0,33.75,0.38,8900.0,33.75,2139810.2,92.59,0.36,True,67.34,3.71,0.46,3.26,2026-04-15,7.51,0,,ATL,ATH,False,False
15-04-2026 09:00,HEKTS,3.14,3.41,3.12,3.34,467929080.0,0.07,0.2,0.03,545.16,0.2,169462420.7,176.13,0.35,True,72.79,0.05,0.02,0.03,2026-04-15,6.71,0,,ATL,ATH,False,False
15-04-2026 09:00,HKTM,12.32,13.54,12.26,13.42,13150342.0,0.12,1.1,0.1,978.43,1.1,8097289.1,62.4,0.11,True,68.39,0.2,0.1,0.09,2026-04-15,9.02,0,,11.11,ATH,False,False
15-04-2026 09:00,SASA,2.72,2.99,2.7,2.99,6255467200.0,0.0,0.27,0.05,462.5,0.27,3111965846.0,101.01,0.0,True,79.75,0.07,0.03,0.04,2026-04-15,9.93,0,,ATL,ATH,False,False
14-04-2026 09:00,CONSE,3.39,3.7,3.39,3.63,50825948.0,0.07,0.24,0.02,1233.33,0.24,18014552.0,182.14,0.29,True,59.09,0.02,0.01,0.02,2026-04-14,7.72,0,,3.09,ATH,False,False
14-04-2026 09:00,ATAKP,52.5,55.2,52.5,55.2,1090724.0,0.0,2.7,0.29,847.37,2.7,546115.2,99.72,0.0,True,63.23,0.33,0.09,0.23,2026-04-14,5.14,0,,ATL,ATH,False,False
14-04-2026 09:00,MAKTK,12.62,13.86,12.62,13.86,9241418.0,0.0,1.24,0.09,1262.64,1.24,3873420.1,138.59,0.0,True,60.79,0.04,-0.01,0.05,2026-04-14,10.0,0,,12.18,ATH,False,False
14-04-2026 09:00,BFREN,137.9,151.2,137.9,151.2,952019.0,0.0,13.3,1.2,1008.33,13.3,226106.1,321.05,0.0,True,69.55,0.79,-0.03,0.82,2026-04-14,9.96,0,,133.5,ATH,False,False
13-04-2026 09:00,NATEN,7.42,8.18,7.23,8.18,31739466.0,0.0,0.76,0.08,826.83,0.76,8804978.5,260.47,0.0,True,79.91,0.1,0.04,0.06,2026-04-13,9.95,0,,6.92,ATH,False,False
13-04-2026 09:00,ULUSE,174.9,196.5,172.6,196.5,564341.0,0.0,21.6,2.81,668.68,21.6,241737.3,133.45,0.0,True,67.86,1.27,-1.14,2.41,2026-04-13,9.96,0,,153.9,ATH,False,False
13-04-2026 09:00,ARCLK,115.0,120.8,114.5,119.2,4351460.0,1.6,4.2,0.6,600.0,4.2,2358738.5,84.48,0.38,True,64.81,0.56,-0.19,0.74,2026-04-13,1.62,0,,106.0,ATH,False,False
13-04-2026 09:00,EUREN,4.94,5.46,4.86,5.46,239990623.0,0.0,0.52,0.07,612.33,0.52,119535037.8,100.77,0.0,True,76.26,0.07,0.01,0.06,2026-04-13,9.86,0,,4.44,ATH,False,False
10-04-2026 09:00,YYLGD,11.0,11.9,10.98,11.86,24856946.0,0.04,0.86,0.02,3639.13,0.86,9730963.3,155.44,0.05,True,66.51,0.03,-0.02,0.05,2026-04-10,8.31,0,,10.52,ATH,False,False
10-04-2026 09:00,KTSKR,96.8,105.2,90.5,105.2,5977617.0,0.0,8.4,2.45,243.56,8.4,2152689.6,177.68,0.0,True,84.07,3.35,1.22,2.13,2026-04-10,9.93,0,,70.55,ATH,False,False
10-04-2026 09:00,HTTBT,39.04,41.9,38.96,41.9,1438561.0,0.0,2.86,0.19,1389.58,2.86,914377.0,57.33,0.0,True,72.67,0.44,0.13,0.31,2026-04-10,7.38,0,,36.28,ATH,False,False
10-04-2026 09:00,CEMTS,10.66,10.97,10.64,10.95,4657324.0,0.02,0.29,0.04,559.09,0.29,2743343.6,69.77,0.07,True,66.4,0.06,0.02,0.04,2026-04-10,3.4,0,,10.01,ATH,False,False
10-04-2026 09:00,TTRAK,463.75,480.25,462.0,478.0,318057.0,2.25,14.25,1.15,1139.13,14.25,193253.7,64.58,0.16,True,75.12,2.01,-0.11,2.12,2026-04-10,3.13,0,,434.25,ATH,False,False
09-04-2026 09:00,OBASE,34.22,37.9,34.02,37.34,1495145.0,0.56,3.12,0.27,1072.93,3.12,421312.7,254.88,0.18,True,71.78,0.26,0.03,0.23,2026-04-09,8.36,0,,32.38,ATH,False,False
09-04-2026 09:00,ASUZU,63.95,67.75,63.55,67.65,1204532.0,0.1,3.7,0.21,1704.88,3.7,498302.1,141.73,0.03,True,59.97,0.01,-0.29,0.3,2026-04-09,5.7,0,,60.05,ATH,False,False
09-04-2026 09:00,ALVES,3.36,3.74,3.36,3.73,379695180.0,0.01,0.37,0.05,722.22,0.37,175735909.9,116.06,0.03,True,72.33,0.07,0.04,0.03,2026-04-09,9.71,0,,ATL,ATH,False,False
08-04-2026 09:00,TMSN,104.0,109.7,102.0,109.7,12118787.0,0.0,5.7,0.06,10263.64,5.7,1662405.7,628.99,0.0,True,66.69,0.02,-0.36,0.37,2026-04-08,9.92,0,,98.85,ATH,False,False
07-04-2026 09:00,DMLKT,5.92,6.2,5.92,6.15,40319826.0,0.05,0.23,0.04,475.0,0.23,13750163.1,193.23,0.22,True,91.05,0.04,0.01,0.03,2026-04-07,3.89,0,,5.68,ATH,False,False
07-04-2026 09:00,ALKA,11.49,12.6,11.48,12.6,30842348.0,0.0,1.11,0.15,630.26,1.11,8541391.3,261.09,0.0,True,75.64,0.13,0.01,0.12,2026-04-07,9.95,0,,10.2,ATH,False,False
06-04-2026 09:00,IEYHO,93.6,96.8,93.6,96.8,13329289.0,0.0,3.2,0.47,580.85,3.2,8630193.9,54.45,0.0,True,96.64,0.66,0.37,0.29,2026-04-06,3.92,0,,ATL,ATH,False,False
03-04-2026 09:00,KAPLM,470.75,510.0,465.25,508.0,377286.0,2.0,37.25,10.22,264.3,37.25,245795.6,53.5,0.05,True,79.37,7.49,3.98,3.51,2026-04-03,7.91,0,,ATL,ATH,False,False
03-04-2026 09:00,YIGIT,23.7,26.04,23.6,26.04,11367731.0,0.0,2.34,0.3,669.74,2.34,4360973.3,160.67,0.0,True,88.69,0.3,0.12,0.18,2026-04-03,9.97,0,,ATL,ATH,False,False
02-04-2026 09:00,ATATR,14.28,15.88,13.97,15.8,239742956.0,0.08,1.52,0.34,340.58,1.52,103155288.0,132.41,0.05,True,86.8,0.46,0.19,0.28,2026-04-02,9.42,0,,ATL,ATH,False,False
02-04-2026 09:00,AYEN,33.2,36.38,33.2,36.38,8745698.0,0.0,3.18,0.52,513.9,3.18,3593655.8,143.36,0.0,True,81.75,0.73,0.32,0.41,2026-04-02,9.98,0,,ATL,ATH,False,False
01-04-2026 09:00,BIENY,21.96,24.14,21.96,24.14,5909592.0,0.0,2.18,0.05,3937.04,2.18,2132786.5,177.08,0.0,True,66.68,-0.02,-0.06,0.04,2026-04-01,9.93,0,,21.72,ATH,False,False
01-04-2026 09:00,BEGYO,4.1,4.47,4.1,4.47,19706654.0,0.0,0.37,0.01,2983.33,0.37,7756570.7,154.06,0.0,True,71.34,0.0,-0.01,0.01,2026-04-01,9.83,0,,4.01,ATH,False,False
01-04-2026 09:00,SMRVA,11.12,12.13,11.12,12.13,32701189.87,0.0,1.01,0.04,2295.35,1.01,12100735.28,170.24,0.0,True,59.31,-0.03,-0.04,0.0,2026-04-01,9.98,0,,10.92,ATH,False,False
31-03-2026 09:00,ULKER,112.5,117.8,111.9,117.8,11419850.0,0.0,5.3,1.2,341.67,5.3,6457168.9,76.86,0.0,True,81.41,0.3,0.04,0.26,2026-03-31,4.71,0,,ATL,ATH,False,False
