Tarih,Hisse,open,high,low,close,volume,YuksekKapanis_Fark,AcilisKapanis_Fark,AcilisKapanisFark_Ort,AcilisKapanisFark_OrtalamayaGoreDegisim,AcilisKapanisFarkOrt_MaxSon10,HacimOrtalama,%Hacim_HacimOrtalama,Fark_Orani,Kosul,rsi,MACD_12_26_9,MACDs_12_26_9,MACDh_12_26_9,Tarih1,prev_close,%Deg,isPivot,pointpos,destek,direnc,Tsinyal_Banker_Dip,Tsinyal_Banker_DipKarar
27-08-2026 10:00,DZGYO,7.29,7.37,7.26,7.35,348761.0,0.02,0.06,0.0,5900.0,0.06,90805.2,284.08,0.33,True,61.41,0.03,0.03,-0.0,2026-08-27,7.22,1.8,0,,7.08,7.36,False,False
27-08-2026 10:00,KLGYO,4.99,5.21,4.97,5.17,2756856.0,0.04,0.18,0.03,445.45,0.18,1666109.9,65.47,0.22,True,77.04,0.09,0.07,0.02,2026-08-27,5.02,2.99,0,,4.69,ATH,False,False
27-08-2026 10:00,LINK,5.62,5.71,5.6,5.69,2802012.0,0.02,0.07,0.0,3400.0,0.07,1430502.8,95.88,0.29,True,63.18,0.0,0.0,0.0,2026-08-27,5.59,1.79,0,,5.55,5.72,False,False
27-08-2026 09:00,ZOREN,2.28,2.29,2.27,2.29,2872462.0,0.0,0.01,0.0,400.0,0.01,1715584.2,67.43,0.0,True,52.61,0.0,0.0,-0.0,2026-08-27,2.29,0.0,0,,2.26,2.3,False,False
27-08-2026 09:00,ALKA,8.41,8.52,8.41,8.49,629118.0,0.03,0.08,0.02,400.0,0.08,206245.1,205.03,0.37,True,64.55,0.02,0.01,0.01,2026-08-27,8.34,1.8,0,,8.25,8.5,False,False
27-08-2026 09:00,FADE,15.68,16.1,15.6,16.03,1216181.0,0.07,0.35,0.05,614.29,0.35,348996.4,248.48,0.2,True,75.97,0.07,0.04,0.03,2026-08-27,15.59,2.82,0,,15.4,ATH,False,False
27-08-2026 09:00,EDIP,35.24,36.1,35.0,35.94,448882.0,0.16,0.7,0.05,1358.33,0.7,132413.2,239.0,0.23,True,57.16,0.06,0.07,-0.01,2026-08-27,35.52,1.18,0,,35.12,37.86,False,False
27-08-2026 09:00,MOBTL,12.9,13.11,12.9,13.08,740045.0,0.03,0.18,0.02,800.0,0.18,393899.1,87.88,0.17,True,67.67,0.05,-0.01,0.06,2026-08-27,12.75,2.59,0,,12.29,13.58,False,False
27-08-2026 09:00,VESTL,22.2,22.46,22.14,22.44,1158588.0,0.02,0.24,0.02,1100.0,0.24,585204.0,97.98,0.08,True,64.14,0.06,0.03,0.03,2026-08-27,22.08,1.63,0,,21.7,22.5,False,False
27-08-2026 09:00,SASA,2.35,2.39,2.34,2.38,508730821.0,0.01,0.03,0.0,900.0,0.03,202548007.2,151.17,0.33,True,64.47,0.01,0.01,0.0,2026-08-27,2.34,1.71,0,,2.29,2.39,False,False
27-08-2026 08:00,ESEN,3.62,3.66,3.61,3.65,3871460.0,0.01,0.03,0.0,900.0,0.03,2251846.0,71.92,0.33,True,63.26,0.01,0.0,0.01,2026-08-27,3.6,1.39,0,,3.54,3.7,False,False
27-08-2026 08:00,BETAE,97.35,100.7,97.25,99.9,3792762.0,0.8,2.55,0.05,5566.67,2.55,1140953.7,232.42,0.31,True,53.61,-0.75,-0.83,0.07,2026-08-27,96.9,3.1,0,,96.3,101.2,True,True
27-08-2026 08:00,BAHKM,153.5,159.0,151.1,159.0,870994.0,0.0,5.5,0.87,532.18,5.5,371991.2,134.14,0.0,True,88.95,6.35,4.96,1.4,2026-08-27,144.6,9.96,0,,125.5,ATH,False,False
27-08-2026 08:00,SANFM,11.06,11.25,11.02,11.2,1469103.0,0.05,0.14,0.02,460.0,0.14,702496.5,109.13,0.36,True,77.24,0.21,0.2,0.01,2026-08-27,10.92,2.56,0,,10.08,ATH,False,False
27-08-2026 08:00,ASTOR,346.75,357.75,346.75,355.75,14396252.0,2.0,9.0,1.05,757.14,9.0,4504906.2,219.57,0.22,True,70.6,2.3,1.72,0.58,2026-08-27,338.75,5.02,0,,334.0,ATH,False,False
27-08-2026 08:00,ARENA,21.48,22.06,21.48,21.94,255110.0,0.12,0.46,0.03,1542.86,0.46,78457.7,225.16,0.26,True,62.43,0.05,0.06,-0.01,2026-08-27,21.32,2.91,0,,20.82,22.12,False,False
27-08-2026 08:00,ESCOM,5.61,5.68,5.6,5.67,3960061.0,0.01,0.06,0.0,5900.0,0.06,1656361.4,139.08,0.17,True,52.56,-0.04,-0.05,0.01,2026-08-27,5.57,1.8,0,,5.51,5.96,True,False
27-08-2026 07:00,MNDTR,5.02,5.07,5.02,5.07,298087.0,0.0,0.05,0.0,1566.67,0.05,153106.3,94.69,0.0,True,60.2,-0.0,-0.01,0.01,2026-08-27,5.02,1.0,0,,4.94,5.13,False,False
27-08-2026 07:00,YESIL,1.23,1.24,1.22,1.24,1229544.0,0.0,0.01,0.0,400.0,0.01,663972.8,85.18,0.0,True,59.6,0.0,0.0,-0.0,2026-08-27,1.23,0.81,0,,1.2,1.25,False,False
27-08-2026 07:00,RNPOL,2.58,2.66,2.55,2.64,867289.0,0.02,0.06,0.0,5900.0,0.06,350863.2,147.19,0.33,True,55.53,0.02,0.03,-0.01,2026-08-27,2.6,1.54,0,,2.36,2.77,False,False
27-08-2026 07:00,BAYRK,4.31,4.38,4.3,4.36,1679806.0,0.02,0.05,0.0,4900.0,0.05,564631.3,197.5,0.4,True,50.58,-0.02,-0.03,0.01,2026-08-27,4.31,1.16,0,,4.31,4.38,True,True
27-08-2026 07:00,PRKME,18.25,18.8,18.11,18.69,1093082.0,0.11,0.44,0.04,947.62,0.44,352943.5,209.7,0.25,True,69.76,0.08,0.02,0.06,2026-08-27,18.25,2.41,0,,17.89,20.22,False,False
27-08-2026 07:00,PINSU,10.24,10.68,10.23,10.59,3216592.0,0.09,0.35,0.03,1029.03,0.35,483213.5,565.67,0.26,True,77.13,0.01,-0.02,0.03,2026-08-27,10.22,3.62,0,,10.2,ATH,True,False
27-08-2026 07:00,PAHOL,1.34,1.41,1.33,1.4,256591037.0,0.01,0.06,0.01,900.0,0.06,40980781.4,526.13,0.17,True,73.05,0.01,0.0,0.0,2026-08-27,1.33,5.26,0,,1.31,ATH,False,False
27-08-2026 07:00,OZKGY,13.82,14.15,13.75,14.07,1490335.0,0.08,0.25,0.04,468.18,0.25,515544.3,189.08,0.32,True,73.51,0.14,0.13,0.01,2026-08-27,13.82,1.81,0,,13.36,14.39,False,False
27-08-2026 07:00,NETCD,128.4,129.9,127.8,129.7,688702.0,0.2,1.3,0.12,983.33,1.3,234527.7,193.65,0.15,True,61.04,-0.05,-0.28,0.24,2026-08-27,127.8,1.49,0,,126.6,129.8,False,False
27-08-2026 07:00,ADESE,0.86,0.87,0.86,0.87,6970539.0,0.0,0.01,0.0,150.0,0.01,4608666.7,51.25,0.0,True,51.72,-0.0,-0.0,0.0,2026-08-27,0.86,1.16,0,,0.85,0.89,False,False
27-08-2026 07:00,MRGYO,1.44,1.46,1.43,1.46,20970414.0,0.0,0.02,0.01,185.71,0.02,6727453.3,211.71,0.0,True,72.21,0.02,0.02,0.0,2026-08-27,1.43,2.1,0,,1.35,ATH,False,False
27-08-2026 07:00,BRLSM,22.1,24.2,21.74,24.2,13464859.0,0.0,2.1,0.27,689.47,2.1,3546652.6,279.65,0.0,True,83.15,1.0,0.98,0.02,2026-08-27,22.0,10.0,0,,15.42,ATH,False,False
27-08-2026 07:00,BRSAN,709.5,728.0,708.5,725.5,974433.0,2.5,16.0,0.4,3900.0,16.0,247271.1,294.07,0.16,True,58.55,-1.54,-0.73,-0.82,2026-08-27,706.0,2.76,0,,675.5,759.5,False,False
27-08-2026 07:00,MGROS,560.0,565.5,559.5,564.0,677263.0,1.5,4.0,0.25,1500.0,4.0,264208.5,156.34,0.38,True,54.92,-0.86,-1.41,0.55,2026-08-27,558.5,0.98,0,,554.0,565.5,False,False
27-08-2026 07:00,BUCIM,5.57,5.66,5.54,5.65,874826.0,0.01,0.08,0.0,3900.0,0.08,378827.9,130.93,0.12,True,63.14,0.02,0.03,-0.0,2026-08-27,5.56,1.62,0,,5.49,5.71,False,False
27-08-2026 07:00,MEKAG,3.0,3.08,3.0,3.07,1059307.0,0.01,0.07,0.0,1650.0,0.07,547075.4,93.63,0.14,True,55.78,0.01,0.02,-0.01,2026-08-27,3.03,1.32,0,,2.9,3.19,False,False
27-08-2026 07:00,MEGMT,45.84,48.2,45.66,47.8,3739201.0,0.4,1.96,0.06,3166.67,1.96,1498065.9,149.6,0.2,True,46.57,-1.49,-1.74,0.25,2026-08-27,45.66,4.69,0,,44.92,54.75,True,True
27-08-2026 07:00,MCARD,157.5,163.2,156.5,162.4,540256.0,0.8,4.9,0.36,1261.11,4.9,188125.0,187.18,0.16,True,59.65,-1.02,-1.6,0.58,2026-08-27,156.9,3.51,0,,156.6,176.4,True,False
27-08-2026 07:00,CEMAS,4.41,4.65,4.41,4.61,10774033.0,0.04,0.2,0.02,1233.33,0.2,2325819.8,363.24,0.2,True,68.59,0.05,0.05,-0.01,2026-08-27,4.4,4.77,0,,4.18,4.66,False,False
27-08-2026 07:00,MARTI,1.4,1.47,1.4,1.47,59589106.0,0.0,0.07,0.01,677.78,0.07,9568121.1,522.79,0.0,True,74.65,0.0,-0.0,0.01,2026-08-27,1.38,6.52,0,,1.37,1.48,True,False
27-08-2026 07:00,IZMDC,14.01,14.48,14.01,14.45,3188735.0,0.03,0.44,0.06,658.62,0.44,809887.4,293.73,0.07,True,75.12,0.19,0.16,0.04,2026-08-27,13.97,3.44,0,,13.08,ATH,False,False
27-08-2026 07:00,IMASM,2.36,2.38,2.36,2.38,3254794.0,0.0,0.02,0.0,1900.0,0.02,1443381.3,125.5,0.0,True,56.52,-0.0,-0.01,0.0,2026-08-27,2.35,1.28,0,,2.34,2.43,True,False
27-08-2026 07:00,QUICK,69.5,70.8,69.45,70.65,1167491.0,0.15,1.15,0.13,820.0,1.15,470573.8,148.1,0.13,True,52.66,-0.52,-0.7,0.18,2026-08-27,69.45,1.73,0,,69.05,74.35,False,False
27-08-2026 07:00,ANELE,164.5,170.5,163.5,168.8,212709.0,1.7,4.3,0.9,377.78,4.3,127497.4,66.83,0.4,True,80.13,5.17,4.07,1.09,2026-08-27,165.0,2.3,0,,136.9,ATH,False,False
27-08-2026 07:00,GUBRF,485.75,494.75,484.25,492.25,819702.0,2.5,6.5,0.68,862.96,6.5,326407.8,151.13,0.38,True,65.84,2.46,2.29,0.17,2026-08-27,484.5,1.6,0,,472.5,505.0,False,False
27-08-2026 07:00,EUPWR,100.6,104.7,100.6,103.6,5423159.0,1.1,3.0,0.3,883.61,3.0,1603168.3,238.28,0.37,True,80.64,1.72,1.2,0.52,2026-08-27,99.5,4.12,0,,92.8,ATH,False,False
27-08-2026 07:00,TERA,181.4,185.8,181.3,185.3,3909738.0,0.5,3.9,0.51,664.71,3.9,1751113.7,123.27,0.13,True,74.93,0.91,0.55,0.36,2026-08-27,180.7,2.55,0,,178.0,ATH,False,False
27-08-2026 07:00,TUPRS,379.75,386.75,378.75,384.75,5196574.0,2.0,5.0,0.55,809.09,5.0,2750781.4,88.91,0.4,True,51.72,-2.71,-3.87,1.15,2026-08-27,380.0,1.25,0,,366.5,407.5,False,False
27-08-2026 07:00,DENGE,2.4,2.46,2.4,2.45,7125210.0,0.01,0.05,0.0,1566.67,0.05,1630711.0,336.94,0.2,True,57.18,-0.0,0.0,-0.0,2026-08-27,2.39,2.51,0,,2.27,2.7,False,False
27-08-2026 07:00,SUWEN,6.48,6.56,6.48,6.54,489087.0,0.02,0.06,0.01,1100.0,0.06,209923.9,132.98,0.33,True,59.34,0.02,0.03,-0.0,2026-08-27,6.44,1.55,0,,6.36,6.57,False,False
27-08-2026 07:00,ENSRI,5.87,6.14,5.8,6.14,21081768.0,0.0,0.27,0.03,900.0,0.27,2827030.2,645.72,0.0,True,93.98,0.19,0.12,0.06,2026-08-27,5.59,9.84,0,,5.07,ATH,False,False
27-08-2026 07:00,KARCL,119.4,131.0,115.1,130.9,2409164.0,0.1,11.5,2.03,466.5,11.5,651325.3,269.89,0.01,True,77.74,4.09,2.67,1.42,2026-08-27,119.3,9.72,0,,104.1,ATH,False,False
26-08-2026 14:00,SELEC,292.25,300.0,290.75,300.0,2361554.0,0.0,7.75,0.95,715.79,7.75,810135.9,191.5,0.0,True,60.31,3.12,3.04,0.07,2026-08-26,297.25,0.93,0,,284.5,302.5,False,False
26-08-2026 14:00,EKDMR,48.68,49.5,48.6,49.48,3556276.0,0.02,0.8,0.22,263.64,0.8,1167638.8,204.57,0.03,True,75.93,0.46,0.26,0.2,2026-08-26,47.32,4.56,0,,46.18,ATH,False,False
26-08-2026 14:00,EGEGY,31.74,32.22,31.64,32.14,797927.0,0.08,0.4,0.08,426.32,0.4,189971.5,320.02,0.2,True,61.95,0.14,0.15,-0.01,2026-08-26,31.62,1.64,0,,31.1,33.08,False,False
26-08-2026 14:00,LKMNH,13.74,13.85,13.71,13.85,152659.0,0.0,0.11,0.02,547.06,0.11,93530.1,63.22,0.0,True,62.74,0.01,-0.0,0.01,2026-08-26,13.69,1.17,0,,13.58,13.98,False,False
26-08-2026 14:00,IHYAY,1.22,1.23,1.22,1.23,664549.0,0.0,0.01,0.0,900.0,0.01,163373.4,306.77,0.0,True,47.97,-0.0,-0.0,0.0,2026-08-26,1.22,0.82,0,,1.22,1.26,True,False
26-08-2026 14:00,PASEU,230.0,239.8,229.7,238.6,3754592.0,1.2,8.6,0.72,1094.44,8.6,1046519.3,258.77,0.14,True,79.69,6.51,7.01,-0.5,2026-08-26,232.0,2.84,0,,209.7,ATH,False,False
26-08-2026 14:00,SNICA,3.51,3.64,3.5,3.63,8242857.0,0.01,0.12,0.02,531.58,0.12,2933382.9,181.0,0.08,True,76.45,0.06,0.04,0.02,2026-08-26,3.52,3.12,0,,3.4,ATH,False,False
26-08-2026 14:00,OYAKC,22.84,23.14,22.82,23.08,5630752.0,0.06,0.24,0.01,2900.0,0.24,2881540.5,95.41,0.25,True,64.47,0.15,0.17,-0.01,2026-08-26,22.86,0.96,0,,22.66,23.2,False,False
26-08-2026 14:00,ARTMS,38.98,40.02,38.9,39.76,393018.0,0.26,0.78,0.06,1118.75,0.78,125672.0,212.73,0.33,True,65.06,0.3,0.32,-0.02,2026-08-26,38.58,3.06,0,,36.28,40.46,False,False
26-08-2026 13:00,DMRGD,11.76,12.05,11.75,12.03,1781785.0,0.02,0.27,0.05,440.0,0.27,1169225.3,52.39,0.07,True,72.12,0.17,0.15,0.02,2026-08-26,11.65,3.26,0,,10.93,ATH,False,False
26-08-2026 13:00,AKSGY,10.13,10.27,10.13,10.27,2789807.0,0.0,0.14,0.01,1900.0,0.14,892683.1,212.52,0.0,True,62.08,0.05,0.05,0.0,2026-08-26,10.22,0.49,2,10.13,10.13,ATH,False,False
26-08-2026 13:00,AKSUE,43.86,44.66,43.82,44.64,253379.0,0.02,0.78,0.12,572.41,0.78,112263.3,125.7,0.03,True,61.6,0.07,-0.0,0.07,2026-08-26,44.2,1.0,0,,43.08,44.94,False,False
26-08-2026 13:00,TRENJ,106.1,108.8,106.0,108.4,427702.0,0.4,2.3,0.36,538.89,2.3,180222.9,137.32,0.17,True,63.43,0.23,0.17,0.06,2026-08-26,104.5,3.73,0,,104.2,112.5,False,False
26-08-2026 13:00,DGNMO,8.43,8.68,8.38,8.65,3990560.0,0.03,0.22,0.02,1194.12,0.22,833737.7,378.63,0.14,True,57.71,-0.02,-0.04,0.01,2026-08-26,8.45,2.37,0,,8.36,8.98,True,True
26-08-2026 13:00,ATATR,15.35,15.72,15.29,15.7,6142160.0,0.02,0.35,0.06,473.77,0.35,3570848.8,72.01,0.06,True,72.56,0.03,-0.02,0.05,2026-08-26,15.2,3.29,0,,15.03,15.85,False,False
26-08-2026 13:00,MNDRS,12.05,12.53,12.03,12.4,3272618.0,0.13,0.35,0.07,400.0,0.35,731811.4,347.19,0.37,True,78.36,0.18,0.13,0.05,2026-08-26,11.58,7.08,1,12.53,10.84,12.53,False,False
26-08-2026 13:00,YAPRK,11.14,11.98,11.11,11.92,6114878.0,0.06,0.78,0.1,672.28,0.78,1090254.2,460.87,0.08,True,83.02,0.09,0.02,0.07,2026-08-26,10.97,8.66,0,,10.89,ATH,False,False
26-08-2026 13:00,KCAER,16.2,16.41,16.18,16.38,2341782.0,0.03,0.18,0.0,5900.0,0.18,1492711.6,56.88,0.17,True,52.89,-0.04,-0.04,0.0,2026-08-26,16.23,0.92,0,,16.12,16.54,False,False
26-08-2026 13:00,OZSUB,43.42,44.38,43.32,44.22,322119.0,0.16,0.8,0.04,1718.18,0.8,191486.0,68.22,0.2,True,64.19,0.35,0.32,0.03,2026-08-26,43.52,1.61,0,,41.1,45.8,False,False
26-08-2026 12:00,ARSAN,4.21,4.35,4.19,4.33,11874247.0,0.02,0.12,0.01,1614.29,0.12,7406527.8,60.32,0.17,True,70.54,0.08,0.09,-0.01,2026-08-26,4.27,1.41,0,,4.07,ATH,False,False
26-08-2026 12:00,TNZTP,28.88,29.7,28.74,29.48,1904000.0,0.22,0.6,0.04,1400.0,0.6,412888.6,361.14,0.37,True,62.98,0.05,0.04,0.01,2026-08-26,28.82,2.29,0,,28.42,29.5,False,False
26-08-2026 12:00,ENKAI,86.65,89.0,86.65,88.75,9209150.0,0.25,2.1,0.5,324.24,2.1,3465647.1,165.73,0.12,True,82.08,0.95,0.52,0.43,2026-08-26,83.95,5.72,0,,82.45,ATH,False,False
26-08-2026 12:00,HDFGS,2.51,2.52,2.5,2.52,5088524.0,0.0,0.01,0.0,233.33,0.01,3085523.3,64.92,0.0,True,46.76,-0.01,-0.01,-0.0,2026-08-26,2.51,0.4,2,2.5,2.5,2.54,False,False
26-08-2026 12:00,AKFIS,18.72,19.25,18.72,19.12,6051792.0,0.13,0.4,0.1,288.35,0.4,2646685.8,128.66,0.32,True,80.32,0.37,0.33,0.04,2026-08-26,18.28,4.6,0,,15.89,ATH,False,False
26-08-2026 12:00,HRKET,100.4,103.7,100.4,103.2,434732.0,0.5,2.8,0.47,495.74,2.8,110636.6,292.94,0.18,True,69.78,0.21,-0.29,0.5,2026-08-26,98.15,5.15,1,103.7,96.95,103.7,False,False
26-08-2026 12:00,EDATA,19.6,20.08,19.57,20.04,845513.0,0.04,0.44,0.08,436.59,0.44,432224.7,95.62,0.09,True,60.03,-0.07,-0.15,0.08,2026-08-26,19.31,3.78,0,,19.16,21.32,False,False
26-08-2026 11:00,DOFRB,134.0,135.5,133.9,135.1,1422473.0,0.4,1.1,0.13,746.15,1.1,370360.1,284.08,0.36,True,62.11,0.59,0.55,0.05,2026-08-26,133.9,0.9,0,,129.9,136.8,False,False
26-08-2026 11:00,DOHOL,21.66,21.96,21.64,21.92,2645414.0,0.04,0.26,0.09,188.89,0.26,1172898.2,125.55,0.15,True,67.54,0.03,-0.04,0.07,2026-08-26,21.02,4.28,0,,20.96,21.94,False,False
26-08-2026 11:00,DEVA,89.25,92.2,89.25,91.75,539822.0,0.45,2.5,0.67,275.94,2.5,183927.2,193.5,0.18,True,75.83,1.37,0.9,0.48,2026-08-26,88.4,3.79,0,,82.75,ATH,False,False
26-08-2026 11:00,EGPRO,37.76,38.36,37.72,38.26,240542.0,0.1,0.5,0.1,380.77,0.5,91555.0,162.73,0.2,True,67.51,0.18,0.14,0.04,2026-08-26,37.36,2.41,0,,36.8,38.56,False,False
26-08-2026 11:00,MERIT,15.86,15.94,15.84,15.94,437679.0,0.0,0.08,0.02,344.44,0.08,216849.7,101.84,0.0,True,60.82,0.01,-0.0,0.01,2026-08-26,15.78,1.01,0,,15.76,16.02,False,False
26-08-2026 11:00,DCTTR,6.9,7.15,6.9,7.09,2473085.0,0.06,0.19,0.01,2614.29,0.19,1324566.9,86.71,0.32,True,48.22,-0.11,-0.11,0.0,2026-08-26,6.82,3.96,0,,6.8,7.55,True,True
26-08-2026 11:00,ULKER,91.8,92.9,91.75,92.6,2640352.0,0.3,0.8,0.23,247.83,0.8,913936.2,188.9,0.38,True,58.92,-0.26,-0.53,0.27,2026-08-26,90.75,2.04,0,,89.75,95.2,False,False
26-08-2026 11:00,KNFRT,12.7,13.08,12.7,13.05,2184651.0,0.03,0.35,0.06,483.33,0.35,683939.9,219.42,0.09,True,67.74,0.15,0.13,0.02,2026-08-26,12.65,3.16,0,,12.37,ATH,False,False
26-08-2026 10:00,KORDS,87.35,91.4,87.25,90.5,700335.0,0.9,3.15,0.18,1650.0,3.15,175195.4,299.75,0.29,True,59.76,-0.56,-0.71,0.15,2026-08-26,87.9,2.96,1,91.4,86.45,91.4,True,True
26-08-2026 10:00,ISKPL,8.34,8.84,8.3,8.81,32217260.0,0.03,0.47,0.07,581.16,0.47,6984215.3,361.29,0.06,True,68.6,0.05,0.02,0.03,2026-08-26,8.46,4.14,0,,7.96,ATH,False,False
26-08-2026 10:00,SMRTG,10.09,10.22,10.04,10.2,3056337.0,0.02,0.11,0.01,1471.43,0.11,1573708.3,94.21,0.18,True,57.94,0.02,0.03,-0.01,2026-08-26,10.1,0.99,0,,10.01,10.37,False,False
26-08-2026 10:00,SARKY,26.32,26.86,26.24,26.76,1649629.0,0.1,0.44,0.1,348.98,0.44,867747.9,90.1,0.23,True,75.39,0.23,0.13,0.1,2026-08-26,25.58,4.61,0,,24.86,27.02,False,False
26-08-2026 10:00,FORMT,1.69,1.7,1.68,1.7,2618550.0,0.0,0.01,0.0,400.0,0.01,1428910.2,83.26,0.0,True,54.03,-0.0,-0.0,0.0,2026-08-26,1.67,1.8,1,1.7,1.67,1.75,False,False
26-08-2026 09:00,KIMMR,13.8,13.97,13.78,13.93,220769.0,0.04,0.13,0.0,12900.0,0.13,106276.9,107.73,0.31,True,53.45,-0.05,-0.05,-0.0,2026-08-26,13.71,1.6,1,13.97,13.67,13.97,False,False
26-08-2026 09:00,DYOBY,13.69,13.78,13.68,13.78,226370.0,0.0,0.09,0.01,542.86,0.09,137193.0,65.0,0.0,True,54.62,0.0,0.01,-0.01,2026-08-26,13.65,0.95,0,,13.45,14.3,False,False
26-08-2026 09:00,ISFIN,19.84,20.18,19.84,20.1,1768002.0,0.08,0.26,0.02,1030.43,0.26,323341.8,446.79,0.31,True,61.61,-0.04,-0.07,0.03,2026-08-26,19.72,1.93,1,20.18,19.69,20.18,False,False
26-08-2026 09:00,SEGYO,3.77,3.81,3.77,3.8,377700.0,0.01,0.03,0.0,1400.0,0.03,239966.4,57.4,0.33,True,56.99,0.01,0.01,0.0,2026-08-26,3.77,0.8,0,,3.75,3.83,False,False
26-08-2026 09:00,GLYHO,16.88,17.13,16.88,17.08,578989.0,0.05,0.2,0.01,1328.57,0.2,368286.0,57.21,0.25,True,57.1,-0.04,-0.05,0.01,2026-08-26,16.7,2.28,0,,16.88,17.29,False,False
26-08-2026 09:00,ALKIM,15.7,16.05,15.68,16.01,461604.0,0.04,0.31,0.02,1622.22,0.31,172643.8,167.37,0.13,True,63.29,-0.03,-0.04,0.01,2026-08-26,15.67,2.17,0,,15.61,16.16,False,False
26-08-2026 08:00,ISGYO,27.74,28.1,27.68,28.0,291678.0,0.1,0.26,0.03,766.67,0.26,164372.0,77.45,0.38,True,63.41,0.11,0.11,0.01,2026-08-26,27.66,1.23,0,,26.76,28.6,False,False
26-08-2026 08:00,YIGIT,21.76,22.48,21.74,22.48,1023354.0,0.0,0.72,0.1,634.69,0.72,636101.3,60.88,0.0,True,74.88,0.22,0.18,0.04,2026-08-26,21.6,4.07,0,,21.12,ATH,False,False
26-08-2026 08:00,TUKAS,2.01,2.03,2.01,2.03,8559518.0,0.0,0.02,0.0,1900.0,0.02,4677152.0,83.01,0.0,True,57.04,-0.0,-0.0,-0.0,2026-08-26,2.0,1.5,0,,2.0,2.05,False,False
26-08-2026 08:00,CANTE,1.21,1.22,1.2,1.22,66202769.0,0.0,0.01,0.0,900.0,0.01,15708739.8,321.44,0.0,True,48.17,-0.0,-0.0,-0.0,2026-08-26,1.21,0.83,2,1.2,1.2,1.24,False,False
26-08-2026 08:00,METRO,8.77,8.99,8.75,8.99,3240237.0,0.0,0.22,0.04,478.95,0.22,826745.5,291.93,0.0,True,69.24,0.03,-0.01,0.03,2026-08-26,8.67,3.69,0,,8.48,ATH,False,False
26-08-2026 08:00,SKBNK,6.25,6.3,6.24,6.3,19635193.0,0.0,0.05,0.01,525.0,0.05,8874806.8,121.25,0.0,True,65.35,0.01,0.0,0.0,2026-08-26,6.18,1.94,0,,6.16,6.4,False,False
26-08-2026 08:00,MTRKS,33.08,34.36,33.06,34.18,176263.0,0.18,1.1,0.05,2191.67,1.1,90898.1,93.91,0.16,True,48.97,-0.32,-0.22,-0.1,2026-08-26,33.54,1.91,0,,33.0,37.2,False,False
26-08-2026 08:00,SRVGY,2.58,2.6,2.58,2.6,1278294.0,0.0,0.02,0.0,566.67,0.02,826068.1,54.74,0.0,True,57.74,0.0,0.01,-0.0,2026-08-26,2.57,1.17,0,,2.56,2.64,False,False
26-08-2026 08:00,LIDFA,2.69,2.72,2.68,2.72,1938024.0,0.0,0.03,0.01,400.0,0.03,600818.3,222.56,0.0,True,65.38,0.0,-0.0,0.01,2026-08-26,2.65,2.64,0,,2.64,2.74,False,False
26-08-2026 08:00,LMKDC,24.46,24.78,24.44,24.76,795054.0,0.02,0.3,0.04,689.47,0.3,412485.2,92.75,0.07,True,56.4,-0.15,-0.18,0.03,2026-08-26,24.22,2.23,0,,24.0,25.46,False,False
26-08-2026 08:00,YEOTK,34.66,36.06,34.66,35.9,4096469.0,0.16,1.24,0.19,566.67,1.24,1848988.3,121.55,0.13,True,65.09,-0.18,-0.39,0.21,2026-08-26,34.3,4.66,0,,33.26,37.8,False,False
26-08-2026 07:00,TRGYO,96.7,97.6,96.3,97.5,455643.0,0.1,0.8,0.04,1900.0,0.8,129701.7,251.3,0.12,True,65.31,0.35,0.44,-0.09,2026-08-26,96.5,1.04,0,,95.5,98.0,False,False
26-08-2026 07:00,SMRVA,11.44,11.69,11.41,11.65,2824508.0,0.04,0.21,0.01,1515.38,0.21,749589.3,276.81,0.19,True,65.49,-0.02,-0.03,0.02,2026-08-26,11.41,2.1,0,,11.39,12.09,True,True
26-08-2026 07:00,TURSG,6.17,6.29,6.15,6.27,16381988.0,0.02,0.1,0.02,488.24,0.1,6429699.9,154.79,0.2,True,58.89,-0.03,-0.04,0.01,2026-08-26,6.14,2.12,0,,6.08,6.41,False,False
26-08-2026 07:00,HALKB,36.3,38.12,36.26,38.12,23608080.0,0.0,1.82,0.14,1200.0,1.82,4943097.1,377.6,0.0,True,83.77,0.44,0.2,0.25,2026-08-26,34.66,9.98,1,38.12,34.46,ATH,False,False
26-08-2026 07:00,GSDHO,4.82,4.93,4.81,4.92,4212884.0,0.01,0.1,0.0,3233.33,0.1,1355051.4,210.9,0.1,True,61.52,0.0,-0.0,0.01,2026-08-26,4.78,2.93,0,,4.75,5.03,False,False
26-08-2026 07:00,GSDDE,14.4,15.25,14.35,15.09,3838871.0,0.16,0.69,0.04,1625.0,0.69,1056753.5,263.27,0.23,True,66.51,0.1,0.1,-0.0,2026-08-26,14.29,5.6,1,15.25,13.91,15.25,False,False
26-08-2026 07:00,FROTO,78.8,80.65,78.75,80.6,8601717.0,0.05,1.8,0.12,1400.0,1.8,2559891.9,236.02,0.03,True,63.26,-0.26,-0.29,0.03,2026-08-26,78.6,2.54,0,,78.0,81.7,False,False
26-08-2026 07:00,GENTS,5.35,5.46,5.35,5.44,2044341.0,0.02,0.09,0.01,800.0,0.09,989497.3,106.6,0.22,True,69.66,0.03,0.03,0.0,2026-08-26,5.32,2.26,0,,5.24,5.51,False,False
26-08-2026 07:00,YKBNK,36.86,37.76,36.86,37.66,81367316.0,0.1,0.8,0.08,900.0,0.8,20846168.4,290.32,0.13,True,78.35,0.35,0.31,0.04,2026-08-26,36.66,2.73,0,,34.64,ATH,False,False
26-08-2026 07:00,SAYAS,62.2,64.7,62.0,64.7,1442065.0,0.0,2.5,0.18,1251.35,2.5,504059.3,186.09,0.0,True,77.06,1.26,1.25,0.02,2026-08-26,61.9,4.52,0,,59.5,64.95,False,False
26-08-2026 07:00,SUNTK,36.18,36.98,36.18,36.8,253836.0,0.18,0.62,0.01,5066.67,0.62,136138.9,86.45,0.29,True,42.86,-0.68,-0.71,0.03,2026-08-26,36.16,1.77,0,,35.8,42.0,True,True
26-08-2026 07:00,FORTE,122.7,125.5,121.3,125.5,537753.0,0.0,2.8,0.06,4566.67,2.8,283644.4,89.59,0.0,True,46.9,-2.71,-2.94,0.23,2026-08-26,121.6,3.21,0,,118.8,144.0,True,True
26-08-2026 07:00,THYAO,305.75,309.25,304.75,308.5,22454216.0,0.75,2.75,0.38,633.33,2.75,7725200.8,190.66,0.27,True,69.43,0.86,0.21,0.65,2026-08-26,302.5,1.98,0,,299.5,ATH,False,False
26-08-2026 07:00,SISE,39.86,40.46,39.86,40.4,16222652.0,0.06,0.54,0.04,1250.0,0.54,7396655.9,119.32,0.11,True,66.75,0.03,-0.0,0.03,2026-08-26,39.7,1.76,0,,39.32,40.64,False,False
26-08-2026 07:00,KRDMA,61.0,64.5,59.1,64.0,8001244.0,0.5,3.0,0.62,380.0,3.0,2760422.5,189.86,0.17,True,83.39,2.44,1.92,0.52,2026-08-26,59.65,7.29,1,64.5,53.8,64.5,False,False
26-08-2026 07:00,VAKFN,1.18,1.2,1.17,1.2,18933926.0,0.0,0.02,0.0,900.0,0.02,3252052.1,482.21,0.0,True,58.52,-0.0,0.0,-0.0,2026-08-26,1.17,2.56,2,1.17,1.17,1.21,False,False
26-08-2026 07:00,SAHOL,93.9,96.05,93.9,95.65,11623917.0,0.4,1.75,0.12,1358.33,1.75,3220618.5,260.92,0.23,True,72.11,0.48,0.49,-0.01,2026-08-26,93.5,2.3,0,,92.85,ATH,False,False
26-08-2026 07:00,KRDMD,45.02,45.96,44.78,45.84,22502132.0,0.12,0.82,0.03,2633.33,0.82,7424961.3,203.06,0.15,True,63.69,0.02,-0.02,0.04,2026-08-26,44.9,2.09,0,,44.38,46.04,False,False
26-08-2026 07:00,XBANK,16363.02,16703.95,16361.23,16669.71,576430895.0,34.24,306.69,36.19,747.35,306.69,134723002.5,327.86,0.11,True,75.42,102.88,86.51,16.36,2026-08-26,16203.7,2.88,0,,16146.2,ATH,False,False
26-08-2026 07:00,ISCTR,12.53,12.84,12.53,12.83,301400728.0,0.01,0.3,0.02,1204.35,0.3,68640629.2,339.1,0.03,True,67.94,0.02,0.02,0.01,2026-08-26,12.48,2.8,0,,12.46,12.85,False,False
26-08-2026 07:00,PGSUS,151.5,153.5,151.3,153.2,5196898.0,0.3,1.7,0.19,794.74,1.7,1208138.8,330.16,0.18,True,71.03,0.37,0.1,0.27,2026-08-26,150.1,2.07,0,,149.0,153.6,False,False
26-08-2026 07:00,XU030,16757.38,16958.18,16732.35,16924.67,1294716222.0,33.51,167.29,10.42,1505.62,167.29,406021616.9,218.88,0.2,True,66.4,35.4,35.74,-0.34,2026-08-26,16707.2,1.3,0,,16610.64,16952.17,False,False
26-08-2026 07:00,ISDMR,53.6,54.55,53.5,54.4,402488.0,0.15,0.8,0.06,1233.33,0.8,114031.2,252.96,0.19,True,63.68,0.07,0.05,0.02,2026-08-26,53.6,1.49,0,,52.7,54.9,False,False
26-08-2026 07:00,ODAS,7.01,7.12,7.0,7.09,8315273.0,0.03,0.08,0.0,3900.0,0.08,2713008.1,206.5,0.38,True,47.12,-0.04,-0.05,0.0,2026-08-26,7.0,1.29,0,,6.97,7.25,True,True
26-08-2026 07:00,XU100,14528.0,14674.49,14515.48,14660.3,1840040195.0,14.19,132.3,14.81,793.38,132.3,642813965.2,186.25,0.11,True,67.56,18.34,7.94,10.4,2026-08-26,14473.42,1.29,0,,14341.93,ATH,False,False
26-08-2026 07:00,TSKB,10.99,11.2,10.99,11.19,6513485.0,0.01,0.2,0.01,1900.0,0.2,2800087.8,132.62,0.05,True,62.28,-0.01,-0.0,-0.01,2026-08-26,10.96,2.1,0,,10.95,11.34,False,False
26-08-2026 07:00,ISMEN,32.3,33.12,32.28,33.04,3271916.0,0.08,0.74,0.06,1133.33,0.74,726878.5,350.13,0.11,True,60.17,-0.1,-0.12,0.01,2026-08-26,32.28,2.35,0,,32.1,34.0,True,True
26-08-2026 07:00,MARBL,12.77,13.1,12.56,13.02,1194997.0,0.08,0.25,0.01,1823.08,0.25,203577.7,487.0,0.32,True,75.57,0.11,0.08,0.03,2026-08-26,12.52,3.99,0,,12.44,ATH,False,False
26-08-2026 07:00,LRSHO,2.55,2.57,2.55,2.57,2076404.0,0.0,0.02,0.0,1900.0,0.02,1297052.1,60.09,0.0,True,44.36,-0.02,-0.02,0.0,2026-08-26,2.54,1.18,0,,2.54,2.6,True,True
26-08-2026 07:00,IZFAS,54.6,58.1,54.55,57.9,2568859.0,0.2,3.3,0.47,602.13,3.3,626817.8,309.83,0.06,True,70.26,0.39,-0.29,0.68,2026-08-26,53.55,8.12,0,,48.7,65.65,False,False
26-08-2026 07:00,RUZYE,9.47,9.66,9.45,9.61,1142041.0,0.05,0.14,0.01,833.33,0.14,461544.9,147.44,0.36,True,63.82,0.06,0.06,-0.0,2026-08-26,9.44,1.8,1,9.66,9.07,9.66,False,False
26-08-2026 07:00,A1CAP,8.26,8.33,8.25,8.32,1495831.0,0.01,0.06,0.0,1400.0,0.06,609280.4,145.51,0.17,True,62.28,0.01,0.0,0.01,2026-08-26,8.26,0.73,0,,8.19,8.33,False,False
26-08-2026 07:00,CCOLA,77.35,79.05,77.35,78.6,1678422.0,0.45,1.25,0.07,1823.08,1.25,784136.8,114.05,0.36,True,43.48,-1.02,-1.03,0.01,2026-08-26,77.2,1.81,0,,77.15,83.7,False,False
26-08-2026 07:00,ENJSA,111.0,113.8,110.3,113.1,2923068.0,0.7,2.1,0.04,5150.0,2.1,480900.1,507.83,0.33,True,66.31,0.01,-0.14,0.15,2026-08-26,108.1,4.63,0,,108.1,ATH,False,False
26-08-2026 07:00,EKGYO,20.18,20.78,20.16,20.72,54595483.0,0.06,0.54,0.05,900.0,0.54,21585067.9,152.93,0.11,True,67.92,0.13,0.16,-0.03,2026-08-26,20.04,3.39,0,,19.84,20.8,False,False
26-08-2026 07:00,AKGRT,6.2,6.25,6.18,6.24,2043911.0,0.01,0.04,0.0,3900.0,0.04,1065312.1,91.86,0.25,True,54.23,-0.02,-0.03,0.0,2026-08-26,6.17,1.13,0,,6.15,6.34,True,True
26-08-2026 07:00,AKBNK,72.5,74.1,72.4,73.9,69819909.0,0.2,1.4,0.1,1373.68,1.4,17221292.1,305.43,0.14,True,72.62,0.5,0.46,0.05,2026-08-26,72.0,2.64,0,,69.3,ATH,False,False
26-08-2026 07:00,AKSEN,81.65,82.7,81.35,82.6,1290630.0,0.1,0.95,0.07,1166.67,0.95,572112.6,125.59,0.11,True,56.93,-0.26,-0.4,0.14,2026-08-26,81.3,1.6,0,,80.9,83.85,True,False
26-08-2026 07:00,ALARK,106.0,108.7,106.0,108.3,2013743.0,0.4,2.3,0.57,303.51,2.3,975984.0,106.33,0.17,True,62.2,-0.08,-0.57,0.5,2026-08-26,105.9,2.27,0,,102.2,116.3,False,False
26-08-2026 07:00,ALBRK,9.0,9.14,8.95,9.14,4267520.0,0.0,0.14,0.01,1650.0,0.14,1290624.4,230.66,0.0,True,65.12,0.06,0.06,-0.0,2026-08-26,8.92,2.47,0,,8.85,9.43,False,False
26-08-2026 07:00,BAGFS,26.18,26.76,26.18,26.62,282846.0,0.14,0.44,0.01,4300.0,0.44,99109.0,185.39,0.32,True,54.92,-0.12,-0.13,0.0,2026-08-26,26.18,1.68,0,,25.94,27.38,True,True
26-08-2026 07:00,EGSER,3.05,3.13,3.03,3.11,1116976.0,0.02,0.06,0.01,757.14,0.06,272935.3,309.25,0.33,True,65.51,0.01,0.0,0.01,2026-08-26,3.06,1.63,0,,2.99,3.13,False,False
26-08-2026 07:00,ATATP,335.25,360.0,331.75,359.25,907334.0,0.75,24.0,3.1,674.19,24.0,195826.4,363.34,0.03,True,79.47,8.52,6.41,2.11,2026-08-26,335.0,7.24,0,,305.25,ATH,False,False
26-08-2026 07:00,ASGYO,11.23,11.36,11.21,11.33,414980.0,0.03,0.1,0.0,1900.0,0.1,242324.1,71.25,0.3,True,57.71,0.0,0.02,-0.01,2026-08-26,11.22,0.98,1,11.36,11.17,11.36,False,False
26-08-2026 07:00,EREGL,38.38,39.3,38.26,39.22,63367279.0,0.08,0.84,0.11,692.45,0.84,17514456.0,261.8,0.1,True,74.29,0.1,0.03,0.07,2026-08-26,38.24,2.56,0,,37.88,ATH,False,False
26-08-2026 07:00,ARCLK,92.4,93.45,92.4,93.35,367014.0,0.1,0.95,0.04,2275.0,0.95,141010.5,160.27,0.11,True,60.98,-0.09,-0.12,0.02,2026-08-26,92.3,1.14,0,,92.25,93.4,True,True
26-08-2026 07:00,ANSGR,27.7,28.22,27.68,28.16,857308.0,0.06,0.46,0.0,22900.0,0.46,472515.8,81.43,0.13,True,49.47,-0.16,-0.14,-0.03,2026-08-26,27.72,1.59,0,,27.66,28.86,False,False
25-08-2026 14:00,KRDMB,129.5,135.0,129.3,133.7,1166062.0,1.3,4.2,0.27,1455.56,4.2,237956.1,390.03,0.31,True,57.95,-0.66,-0.69,0.02,2026-08-25,130.5,2.45,1,135.0,128.2,135.0,False,False
25-08-2026 14:00,BIGEN,152.9,159.9,152.6,159.9,380808.0,0.0,7.0,0.88,695.45,7.0,240512.7,58.33,0.0,True,71.85,2.91,2.18,0.73,2026-08-25,153.0,4.51,0,,141.4,ATH,False,False
25-08-2026 14:00,VBTYZ,38.62,39.7,38.62,39.66,1532205.0,0.04,1.04,0.08,1138.1,1.04,519718.3,194.81,0.04,True,71.43,0.81,0.8,0.02,2026-08-25,38.7,2.48,0,,30.74,ATH,False,False
25-08-2026 14:00,ZEDUR,7.85,7.93,7.85,7.91,159404.0,0.02,0.06,0.01,650.0,0.06,91634.4,73.96,0.33,True,57.85,0.02,0.02,0.0,2026-08-25,7.83,1.02,0,,7.66,7.95,False,False
25-08-2026 14:00,DURKN,22.96,24.08,22.9,23.82,3150881.0,0.26,0.86,0.19,343.3,0.86,707269.9,345.5,0.3,True,72.36,0.41,0.25,0.16,2026-08-25,21.9,8.77,0,,20.8,ATH,False,False
25-08-2026 14:00,FRIGO,2.32,2.4,2.32,2.4,18204643.0,0.0,0.08,0.01,515.38,0.08,4851864.9,275.21,0.0,True,76.96,0.01,-0.0,0.01,2026-08-25,2.31,3.9,0,,2.28,ATH,False,False
25-08-2026 14:00,MAKTK,9.95,10.2,9.9,10.15,995570.0,0.05,0.2,0.02,852.38,0.2,251110.9,296.47,0.25,True,71.84,0.04,0.04,0.01,2026-08-25,9.99,1.6,0,,9.84,10.2,False,False
25-08-2026 14:00,DITAS,24.88,27.38,24.82,27.12,2216556.0,0.26,2.24,0.21,946.73,2.24,288220.5,669.05,0.12,True,80.55,0.29,0.15,0.14,2026-08-25,24.98,8.57,1,27.38,24.32,27.38,False,False
25-08-2026 14:00,FZLGY,9.93,10.22,9.84,10.14,8036730.0,0.08,0.21,0.03,707.69,0.21,1985565.0,304.76,0.38,True,57.22,-0.05,-0.07,0.02,2026-08-25,9.85,2.94,0,,9.77,10.56,True,False
25-08-2026 13:00,KOCMT,4.89,5.24,4.88,5.15,26776437.0,0.09,0.26,0.02,1138.1,0.26,5888595.5,354.72,0.35,True,65.52,-0.02,-0.05,0.03,2026-08-25,4.87,5.75,0,,4.76,5.69,False,False
25-08-2026 13:00,BIMAS,412.75,417.0,412.75,416.25,1511533.0,0.75,3.5,0.38,833.33,3.5,726433.6,108.08,0.21,True,60.18,0.67,0.62,0.05,2026-08-25,412.25,0.97,0,,406.5,418.5,False,False
25-08-2026 12:00,CRFSA,261.5,279.75,260.75,279.75,427599.0,0.0,18.25,0.55,3218.18,18.25,279245.3,53.13,0.0,True,54.41,-3.99,-3.84,-0.15,2026-08-25,265.75,5.27,0,,259.5,303.0,False,False
25-08-2026 12:00,PCILT,34.74,36.3,34.64,35.92,916555.0,0.38,1.18,0.17,602.38,1.18,323474.9,183.35,0.32,True,69.72,0.37,0.31,0.05,2026-08-25,34.12,5.28,0,,33.44,38.02,False,False
25-08-2026 12:00,A1YEN,2.76,2.95,2.75,2.9,12642497.0,0.05,0.14,0.01,1172.73,0.14,3935583.4,221.24,0.36,True,68.03,0.0,0.0,0.0,2026-08-25,2.82,2.84,1,2.95,2.72,2.95,False,False
25-08-2026 12:00,TKNSA,18.79,20.22,18.77,20.06,3345680.0,0.16,1.27,0.12,949.59,1.27,1016534.1,229.13,0.13,True,62.28,-0.17,-0.27,0.1,2026-08-25,18.82,6.59,0,,18.72,21.48,False,False
25-08-2026 11:00,TEKTU,7.5,7.97,7.47,7.86,1890202.0,0.11,0.36,0.02,1465.22,0.36,668662.7,182.68,0.31,True,69.25,0.05,0.04,0.01,2026-08-25,7.6,3.42,2,7.47,7.47,7.88,False,False
25-08-2026 10:00,OBAMS,5.35,5.5,5.34,5.49,11570575.0,0.01,0.14,0.0,3400.0,0.14,6415641.1,80.35,0.07,True,62.29,0.06,0.06,0.0,2026-08-25,5.4,1.67,0,,5.28,5.59,False,False
25-08-2026 10:00,DAGI,10.48,10.79,10.43,10.73,1116363.0,0.06,0.25,0.05,371.7,0.25,680603.9,64.03,0.24,True,69.28,0.08,0.06,0.02,2026-08-25,10.51,2.09,0,,10.2,ATH,False,False
25-08-2026 10:00,HURGZ,7.71,8.1,7.71,8.01,3940278.0,0.09,0.3,0.01,2627.27,0.3,943104.6,317.8,0.3,True,56.38,-0.06,-0.05,-0.01,2026-08-25,7.71,3.89,1,8.1,7.6,8.1,True,True
25-08-2026 10:00,ZERGY,9.44,9.95,9.4,9.83,2939401.0,0.12,0.39,0.07,449.3,0.39,1633177.8,79.98,0.31,True,84.2,0.14,0.09,0.06,2026-08-25,9.24,6.39,0,,8.9,ATH,False,False
25-08-2026 09:00,MAVI,38.24,38.7,38.22,38.58,578500.0,0.12,0.34,0.03,1207.69,0.34,307730.5,87.99,0.35,True,64.24,0.08,0.07,0.0,2026-08-25,38.2,0.99,0,,37.86,38.68,False,False
25-08-2026 09:00,IHAAS,60.6,62.15,60.55,62.0,444890.0,0.15,1.4,0.08,1766.67,1.4,124275.5,257.99,0.11,True,66.89,0.62,0.56,0.06,2026-08-25,61.4,0.98,0,,60.25,64.0,False,False
25-08-2026 09:00,BURCE,35.84,36.24,35.84,36.14,138372.0,0.1,0.3,0.01,3650.0,0.3,82919.8,66.87,0.33,True,54.16,0.02,0.03,-0.02,2026-08-25,35.94,0.56,0,,35.74,36.78,False,False
25-08-2026 08:00,NIBAS,3.77,4.12,3.76,4.12,26448940.0,0.0,0.35,0.02,1650.0,0.35,5463926.6,384.06,0.0,True,70.35,0.07,0.08,-0.01,2026-08-25,3.75,9.87,0,,3.68,4.16,False,False
25-08-2026 07:00,ORCAY,3.52,3.71,3.51,3.7,1153398.0,0.01,0.18,0.02,1025.0,0.18,290279.9,297.34,0.06,True,70.08,-0.0,-0.02,0.02,2026-08-25,3.53,4.82,0,,3.44,3.8,False,False
25-08-2026 07:00,KRGYO,2.79,3.01,2.79,3.0,19458250.0,0.01,0.21,0.02,1066.67,0.21,2873917.9,577.06,0.05,True,77.42,0.01,-0.01,0.01,2026-08-25,2.78,7.91,0,,2.77,3.04,False,False
25-08-2026 07:00,ADEL,35.8,37.98,35.44,37.76,5993140.0,0.22,1.96,0.2,870.3,1.96,1208468.1,395.93,0.11,True,86.93,0.86,0.67,0.19,2026-08-25,35.76,5.59,0,,32.02,ATH,False,False
25-08-2026 07:00,ASELS,399.5,410.75,396.5,410.5,9782655.0,0.25,11.0,0.9,1122.22,11.0,3550996.8,175.49,0.02,True,63.76,1.17,1.19,-0.02,2026-08-25,399.75,2.69,2,396.5,396.5,ATH,False,False
25-08-2026 07:00,REEDR,5.99,6.03,5.99,6.02,1688708.0,0.01,0.03,0.0,1400.0,0.03,984775.3,71.48,0.33,True,52.68,-0.0,-0.0,-0.0,2026-08-25,5.99,0.5,0,,5.98,6.06,False,False
25-08-2026 07:00,KPEKS,120.0,125.0,114.0,125.0,4478929.0,0.0,5.0,0.5,900.0,5.0,565734.6,691.7,0.0,True,100.0,2.6,1.74,0.87,2026-08-25,113.7,9.94,1,125.0,113.7,ATH,False,False
25-08-2026 07:00,CWENE,35.58,37.36,35.26,36.88,22931658.0,0.48,1.3,0.07,1869.7,1.3,5068667.3,352.42,0.37,True,53.0,-0.27,-0.25,-0.02,2026-08-25,35.54,3.77,2,35.26,35.26,37.9,True,True
25-08-2026 07:00,RGYAS,208.7,212.5,208.3,211.8,551758.0,0.7,3.1,0.47,559.57,3.1,253212.9,117.9,0.23,True,69.13,1.17,0.87,0.3,2026-08-25,208.4,1.63,0,,206.0,ATH,False,False
25-08-2026 07:00,CVKMD,16.16,16.37,16.07,16.35,5203914.0,0.02,0.19,0.0,4650.0,0.19,2759762.6,88.56,0.11,True,49.44,-0.07,-0.06,-0.01,2026-08-25,16.15,1.24,0,,15.89,16.79,False,False
25-08-2026 07:00,KTLEV,55.4,58.6,53.75,58.4,31481291.0,0.2,3.0,0.09,3233.33,3.0,14518206.4,116.84,0.07,True,43.36,-0.43,0.3,-0.72,2026-08-25,58.6,-0.34,2,53.75,53.75,66.9,False,False
25-08-2026 07:00,NATEN,5.62,5.7,5.59,5.68,2543604.0,0.02,0.06,0.0,2900.0,0.06,684704.8,271.49,0.33,True,57.91,-0.0,-0.01,0.01,2026-08-25,5.6,1.43,1,5.7,5.56,5.7,False,False
25-08-2026 07:00,AVGYO,18.15,18.48,17.54,18.39,685062.0,0.09,0.24,0.02,1500.0,0.24,118301.8,479.08,0.37,True,64.54,0.21,0.24,-0.03,2026-08-25,17.94,2.51,1,18.48,16.29,18.48,False,False
25-08-2026 07:00,POLHO,22.52,22.82,22.52,22.76,252221.0,0.06,0.24,0.02,900.0,0.24,90175.4,179.7,0.25,True,57.42,-0.03,-0.04,0.01,2026-08-25,22.5,1.16,1,22.82,22.4,22.82,True,True
25-08-2026 07:00,AKFGY,2.73,2.78,2.71,2.77,8327744.0,0.01,0.04,0.01,471.43,0.04,1823906.1,356.59,0.25,True,78.9,0.03,0.03,0.0,2026-08-25,2.72,1.84,0,,2.57,ATH,False,False
25-08-2026 07:00,ENERY,8.88,9.07,8.8,9.02,12223955.0,0.05,0.14,0.02,566.67,0.14,2899578.0,321.58,0.36,True,70.2,0.03,0.01,0.01,2026-08-25,8.88,1.58,0,,8.75,9.15,False,False
25-08-2026 07:00,CEMTS,9.05,9.15,9.02,9.13,538095.0,0.02,0.08,0.0,3900.0,0.08,131289.9,309.85,0.25,True,71.04,0.03,0.03,0.0,2026-08-25,9.03,1.11,1,9.15,8.84,9.15,False,False
25-08-2026 07:00,GEREL,39.0,40.24,38.78,39.94,995196.0,0.3,0.94,0.15,543.84,0.94,545244.1,82.52,0.32,True,49.07,-0.59,-0.77,0.18,2026-08-25,39.0,2.41,1,40.24,38.5,40.24,True,False
25-08-2026 07:00,GIPTA,101.5,103.2,99.2,103.2,2714834.0,0.0,1.7,0.17,900.0,1.7,395951.6,585.65,0.0,True,90.27,4.52,3.6,0.92,2026-08-25,93.9,9.9,1,103.2,93.9,ATH,False,False
25-08-2026 07:00,KBORU,21.82,23.42,21.72,23.32,5646043.0,0.1,1.5,0.18,715.22,1.5,998639.6,465.37,0.07,True,74.15,0.13,-0.04,0.16,2026-08-25,22.0,6.0,0,,21.26,24.22,False,False
25-08-2026 07:00,MOGAN,20.66,21.16,20.56,21.1,3071762.0,0.06,0.44,0.02,1733.33,0.44,1358785.1,126.07,0.14,True,61.32,-0.0,-0.01,0.01,2026-08-25,20.66,2.13,0,,20.2,21.44,False,False
25-08-2026 07:00,ISVEA,68.0,75.15,65.1,74.0,2302934.0,1.15,6.0,0.6,891.74,6.0,475205.1,384.62,0.19,True,54.29,0.23,0.91,-0.68,2026-08-25,69.6,6.32,2,65.1,65.1,79.05,False,False
25-08-2026 07:00,BLUME,43.58,45.0,43.36,44.96,1306113.0,0.04,1.38,0.16,762.5,1.38,382541.6,241.43,0.03,True,81.97,0.82,0.76,0.06,2026-08-25,43.6,3.12,0,,38.3,ATH,False,False
25-08-2026 07:00,SURGY,33.3,35.24,33.1,34.84,3252715.0,0.4,1.54,0.14,969.44,1.54,793999.7,309.66,0.26,True,63.33,-0.26,-0.42,0.16,2026-08-25,33.28,4.69,3,,32.98,37.62,True,False
25-08-2026 07:00,EGEPO,16.3,16.99,16.3,16.83,1059453.0,0.16,0.53,0.05,900.0,0.53,337005.1,214.37,0.3,True,54.34,-0.18,-0.21,0.03,2026-08-25,16.3,3.25,0,,15.9,17.9,True,True
24-08-2026 14:00,GARFA,26.66,26.86,26.48,26.84,270522.0,0.02,0.18,0.02,650.0,0.18,110635.9,144.52,0.11,True,60.83,0.03,0.01,0.03,2026-08-24,26.26,2.21,0,,26.26,26.86,False,False
24-08-2026 14:00,SEKFK,4.47,4.6,4.45,4.57,298378.0,0.03,0.1,0.02,525.0,0.1,110189.1,170.79,0.3,True,61.74,-0.01,-0.03,0.02,2026-08-24,4.45,2.7,1,4.6,4.33,4.6,False,False
24-08-2026 14:00,OFSYM,64.8,67.65,64.75,67.0,2201530.0,0.65,2.2,0.45,394.38,2.2,484455.3,354.43,0.3,True,66.0,0.61,0.38,0.22,2026-08-24,62.8,6.69,0,,61.5,67.1,False,False
24-08-2026 14:00,RYSAS,23.24,24.04,23.24,23.94,3677710.0,0.1,0.7,0.06,1106.9,0.7,990857.8,271.16,0.14,True,63.83,0.13,0.14,-0.01,2026-08-24,23.2,3.19,0,,22.2,24.78,False,False
24-08-2026 14:00,NUGYO,9.36,9.63,9.36,9.59,628289.0,0.04,0.23,0.02,1110.53,0.23,258334.0,143.21,0.17,True,70.28,0.07,0.05,0.02,2026-08-24,9.24,3.79,0,,9.15,ATH,False,False
24-08-2026 14:00,ALTIN,79.69,80.25,79.55,80.21,3507743.0,0.04,0.52,0.12,322.76,0.52,2104023.6,66.72,0.08,True,83.49,1.15,1.01,0.14,2026-08-24,77.2,3.9,1,80.25,74.44,80.25,False,False
24-08-2026 14:00,BIENY,21.62,22.0,21.62,21.98,909023.0,0.02,0.36,0.07,429.41,0.36,602678.9,50.83,0.06,True,65.64,0.12,0.03,0.1,2026-08-24,21.28,3.29,0,,20.7,23.32,False,False
24-08-2026 14:00,TRCAS,46.64,48.6,46.54,48.5,452160.0,0.1,1.86,0.12,1424.59,1.86,207413.9,118.0,0.05,True,69.86,0.23,0.11,0.11,2026-08-24,47.2,2.75,1,48.6,45.92,48.6,False,False
24-08-2026 14:00,GESAN,86.85,89.4,86.1,88.85,9438523.0,0.55,2.0,0.22,830.23,2.0,1553214.5,507.68,0.28,True,72.96,0.55,0.53,0.02,2026-08-24,86.05,3.25,0,,86.0,ATH,False,False
24-08-2026 14:00,SKYMD,15.18,15.46,15.12,15.44,684990.0,0.02,0.26,0.03,766.67,0.26,195857.1,249.74,0.08,True,67.07,0.13,0.11,0.03,2026-08-24,14.95,3.28,0,,14.57,15.49,False,False
24-08-2026 13:00,VAKFA,11.06,11.49,11.05,11.42,3991105.0,0.07,0.36,0.04,757.14,0.36,1362089.9,193.01,0.19,True,79.67,0.06,0.04,0.03,2026-08-24,11.01,3.72,0,,10.9,ATH,False,False
24-08-2026 12:00,PATEK,21.0,22.04,20.94,22.04,27058534.0,0.0,1.04,0.19,459.14,1.04,4636875.2,483.55,0.0,True,79.2,0.46,0.32,0.14,2026-08-24,20.04,9.98,0,,20.0,ATH,False,False
24-08-2026 12:00,BEGYO,3.63,3.67,3.62,3.66,845715.0,0.01,0.03,0.01,500.0,0.03,399406.7,111.74,0.33,True,68.66,0.02,0.01,0.0,2026-08-24,3.59,1.95,0,,3.54,ATH,False,False
24-08-2026 12:00,PLTUR,20.72,21.84,20.62,21.74,1159220.0,0.1,1.02,0.15,598.63,1.02,378044.8,206.64,0.1,True,82.27,0.29,0.18,0.11,2026-08-24,20.52,5.95,0,,19.7,ATH,False,False
24-08-2026 11:00,KLRHO,68.4,70.5,68.25,70.2,1249810.0,0.3,1.8,0.37,386.49,1.8,458423.9,172.63,0.17,True,71.75,0.21,-0.28,0.49,2026-08-24,65.5,7.18,1,70.5,65.25,70.5,False,False
24-08-2026 10:00,AHSGY,19.19,19.76,19.1,19.72,323393.0,0.04,0.53,0.06,768.85,0.53,142874.5,126.35,0.08,True,72.36,0.16,0.1,0.06,2026-08-24,19.26,2.39,0,,18.6,ATH,False,False
24-08-2026 09:00,ECILC,75.7,78.7,75.65,78.3,4153589.0,0.4,2.6,0.1,2500.0,2.6,929332.7,346.94,0.15,True,65.27,0.3,0.22,0.08,2026-08-24,76.05,2.96,0,,75.0,79.05,False,False
24-08-2026 09:00,DMSAS,9.04,9.16,9.03,9.15,556624.0,0.01,0.11,0.02,547.06,0.11,149303.4,272.81,0.09,True,67.46,0.03,0.02,0.02,2026-08-24,9.01,1.55,0,,8.9,9.25,False,False
24-08-2026 08:00,DURDO,5.0,5.07,5.0,5.07,535470.0,0.0,0.07,0.01,775.0,0.07,142241.6,276.45,0.0,True,57.04,-0.01,-0.02,0.01,2026-08-24,4.98,1.81,0,,4.96,5.16,False,False
24-08-2026 08:00,TEZOL,10.06,10.25,10.06,10.21,2457319.0,0.04,0.15,0.04,328.57,0.15,809828.0,203.44,0.27,True,74.01,0.02,-0.01,0.04,2026-08-24,9.87,3.44,1,10.25,9.77,10.25,False,False
24-08-2026 08:00,PEKGY,14.87,15.11,14.81,15.1,25422513.0,0.01,0.23,0.01,1542.86,0.23,16260340.8,56.35,0.04,True,52.92,-0.06,-0.06,-0.0,2026-08-24,14.89,1.41,0,,14.77,15.36,True,True
24-08-2026 07:00,TSGYO,5.84,5.97,5.83,5.97,1538391.0,0.0,0.13,0.01,1344.44,0.13,347247.2,343.02,0.0,True,65.56,-0.01,-0.02,0.01,2026-08-24,5.82,2.58,1,5.97,5.78,6.11,True,True
24-08-2026 07:00,ENDAE,18.9,20.72,18.86,20.72,4857963.0,0.0,1.82,0.16,1051.9,1.82,1224279.4,296.8,0.0,True,77.57,0.16,-0.01,0.17,2026-08-24,18.84,9.98,1,20.72,18.01,ATH,False,False
24-08-2026 07:00,VEYAS,136.0,149.4,131.2,149.4,8887052.0,0.0,13.4,1.35,892.59,13.4,4166233.0,113.31,0.0,True,74.66,0.86,0.3,0.56,2026-08-24,135.9,9.93,3,,135.9,ATH,False,False
24-08-2026 07:00,PAPIL,12.54,13.47,12.52,13.47,4940227.0,0.0,0.93,0.09,889.36,0.93,924649.4,434.28,0.0,True,84.58,0.19,0.1,0.09,2026-08-24,12.25,9.96,1,13.47,11.79,ATH,False,False
24-08-2026 07:00,PSGYO,3.46,3.5,3.46,3.5,24380773.0,0.0,0.04,0.0,1233.33,0.04,8699706.1,180.25,0.0,True,63.4,0.0,-0.0,0.01,2026-08-24,3.43,2.04,0,,3.41,3.6,False,False
24-08-2026 07:00,LILAK,30.64,31.22,30.42,31.12,2572405.0,0.1,0.48,0.11,328.57,0.48,540087.7,376.29,0.21,True,88.25,0.3,0.11,0.19,2026-08-24,29.78,4.5,0,,28.74,ATH,False,False
24-08-2026 07:00,ALGYO,3.69,3.75,3.69,3.74,5034616.0,0.01,0.05,0.01,614.29,0.05,2090678.2,140.81,0.2,True,68.33,0.01,0.0,0.01,2026-08-24,3.65,2.47,0,,3.6,ATH,False,False
24-08-2026 07:00,BJKAS,2.79,3.2,2.76,3.11,325986261.0,0.09,0.32,0.04,680.49,0.32,92436937.5,252.66,0.28,True,73.81,0.13,0.13,-0.0,2026-08-24,2.94,5.78,1,3.2,2.22,3.2,False,False
24-08-2026 07:00,ALBTN,32.2,35.0,32.2,34.22,11621359.0,0.78,2.02,0.22,801.79,2.02,3060268.0,279.75,0.39,True,83.13,1.04,0.92,0.12,2026-08-24,32.0,6.94,0,,29.34,ATH,False,False
24-08-2026 07:00,BULGS,33.44,34.18,33.16,34.06,1118014.0,0.12,0.62,0.03,2114.29,0.62,226701.2,393.17,0.19,True,64.07,-0.11,-0.22,0.12,2026-08-24,32.94,3.4,0,,32.86,ATH,True,False
24-08-2026 07:00,KZBGY,2.03,2.07,2.03,2.06,14125192.0,0.01,0.03,0.0,1400.0,0.03,3005228.3,370.02,0.33,True,64.54,0.01,0.0,0.0,2026-08-24,2.01,2.49,1,2.07,2.0,2.07,False,False
24-08-2026 07:00,INDES,11.47,11.69,11.44,11.63,2570874.0,0.06,0.16,0.01,1130.77,0.16,816044.6,215.04,0.37,True,66.46,0.08,0.09,-0.01,2026-08-24,11.43,1.75,0,,11.3,11.67,False,False
24-08-2026 07:00,EYGYO,2.57,2.66,2.57,2.65,1270426.0,0.01,0.08,0.01,900.0,0.08,691577.3,83.7,0.13,True,63.84,0.02,0.01,0.0,2026-08-24,2.56,3.52,0,,2.52,2.69,False,False
24-08-2026 07:00,TUREX,6.79,7.09,6.78,7.02,12150101.0,0.07,0.23,0.02,995.24,0.23,2404656.1,405.27,0.3,True,67.22,-0.0,-0.0,0.0,2026-08-24,6.78,3.54,1,7.09,6.74,7.09,False,False
24-08-2026 07:00,SNGYO,3.3,3.46,3.3,3.42,17983509.0,0.04,0.12,0.01,1400.0,0.12,2680012.8,571.02,0.33,True,81.26,0.03,0.01,0.02,2026-08-24,3.18,7.55,1,3.46,3.18,3.46,False,False
24-08-2026 07:00,HKTM,14.91,16.22,14.9,16.22,8159471.0,0.0,1.31,0.07,1798.55,1.31,3240998.8,151.76,0.0,True,64.47,0.25,0.26,-0.01,2026-08-24,14.75,9.97,1,16.22,13.89,ATH,False,False
24-08-2026 07:00,ADGYO,63.45,65.45,63.45,65.0,358443.0,0.45,1.55,0.26,484.91,1.55,95554.5,275.12,0.29,True,78.14,1.31,1.45,-0.14,2026-08-24,63.85,1.8,0,,55.1,65.2,False,False
24-08-2026 07:00,BMSTL,45.2,45.84,44.82,45.68,569604.0,0.16,0.48,0.0,11900.0,0.48,229277.4,148.43,0.33,True,49.57,-0.36,-0.36,-0.0,2026-08-24,44.82,1.92,1,45.84,ATL,45.84,True,True
24-08-2026 07:00,ORGE,22.68,23.72,22.42,23.54,3051940.0,0.18,0.86,0.05,1492.59,0.86,676281.7,351.28,0.21,True,64.17,-0.01,-0.07,0.06,2026-08-24,22.4,5.09,0,,22.0,24.56,False,False
24-08-2026 07:00,TSPOR,1.09,1.17,1.09,1.17,440596747.0,0.0,0.08,0.01,1233.33,0.08,68925285.3,539.24,0.0,True,71.34,0.0,-0.0,0.0,2026-08-24,1.07,9.35,1,1.17,1.06,ATH,False,False
21-08-2026 14:00,SMART,24.58,25.12,24.58,25.08,521672.0,0.04,0.5,0.1,400.0,0.5,137468.4,279.49,0.08,True,68.72,0.13,0.05,0.08,2026-08-21,24.26,3.38,0,,23.6,26.74,False,False
21-08-2026 14:00,NTHOL,43.86,44.54,43.86,44.38,351200.0,0.16,0.52,0.02,2500.0,0.52,164453.2,113.56,0.31,True,54.41,-0.08,-0.15,0.07,2026-08-21,44.2,0.41,0,,43.38,45.08,False,False
21-08-2026 14:00,AVHOL,35.62,35.9,35.56,35.9,1057936.0,0.0,0.28,0.01,3400.0,0.28,504677.8,109.63,0.0,True,36.29,-0.48,-0.54,0.07,2026-08-21,35.84,0.17,0,,ATL,39.06,True,True
21-08-2026 14:00,RALYH,265.25,271.0,263.0,270.75,500139.0,0.25,5.5,0.08,7233.33,5.5,144664.7,245.72,0.05,True,56.67,-0.31,0.08,-0.38,2026-08-21,273.0,-0.82,2,263.0,263.0,281.0,False,False
21-08-2026 14:00,DAPGM,8.55,8.95,8.51,8.87,40984013.0,0.08,0.32,0.03,869.7,0.32,14938208.4,174.36,0.25,True,68.72,0.04,0.02,0.02,2026-08-21,8.56,3.62,0,,8.38,9.1,False,False
21-08-2026 14:00,HUBVC,2.57,2.59,2.55,2.59,456257.0,0.0,0.02,0.0,1900.0,0.02,165267.8,176.07,0.0,True,44.52,-0.01,-0.01,-0.0,2026-08-21,2.61,-0.77,0,,2.58,2.69,False,False
21-08-2026 14:00,ARDYZ,93.45,96.7,93.1,95.85,1352829.0,0.85,2.4,0.26,823.08,2.4,452341.3,199.07,0.35,True,66.53,0.77,0.83,-0.06,2026-08-21,93.3,2.73,0,,92.1,97.0,False,False
21-08-2026 14:00,SARAE,82.5,91.35,82.4,91.35,31631384.0,0.0,8.85,0.78,1027.39,8.85,7841034.1,303.41,0.0,True,83.15,2.21,1.73,0.48,2026-08-21,83.05,9.99,0,,75.05,ATH,False,False
21-08-2026 13:00,ZGYO,29.16,30.46,28.7,30.34,1756610.0,0.12,1.18,0.04,2709.52,1.18,575659.0,205.15,0.1,True,50.01,-0.63,-0.8,0.17,2026-08-21,29.5,2.85,2,28.7,28.7,31.04,True,False
21-08-2026 13:00,MAKIM,16.5,17.62,16.46,17.46,3622180.0,0.16,0.96,0.13,655.91,0.96,547459.1,561.63,0.17,True,81.3,0.22,0.12,0.1,2026-08-21,16.16,8.04,0,,15.48,ATH,False,False
21-08-2026 13:00,KOTON,12.74,13.22,12.72,13.2,1400641.0,0.02,0.46,0.04,945.45,0.46,283181.8,394.61,0.04,True,83.29,0.06,0.03,0.03,2026-08-21,12.67,4.18,0,,12.6,ATH,False,False
21-08-2026 12:00,EFOR,19.83,20.1,19.77,20.04,9778959.0,0.06,0.21,0.07,195.77,0.21,6409715.6,52.56,0.29,True,57.86,0.15,0.17,-0.02,2026-08-21,19.25,4.1,0,,19.07,21.84,False,False
21-08-2026 11:00,HUNER,3.84,4.01,3.84,3.99,20355422.0,0.02,0.15,0.02,525.0,0.15,6108203.9,233.25,0.13,True,78.46,0.04,0.02,0.02,2026-08-21,3.75,6.4,0,,3.7,ATH,False,False
21-08-2026 11:00,TTKOM,54.1,54.8,54.05,54.7,7173086.0,0.1,0.6,0.09,566.67,0.6,2855571.3,151.2,0.17,True,63.88,0.12,0.07,0.05,2026-08-21,53.85,1.58,0,,53.5,54.75,False,False
21-08-2026 11:00,HATEK,12.98,14.11,12.98,14.11,1549828.0,0.0,1.13,0.15,663.51,1.13,356621.7,334.59,0.0,True,87.88,0.24,0.14,0.1,2026-08-21,12.83,9.98,0,,12.09,ATH,False,False
21-08-2026 11:00,ECOGR,37.32,38.0,37.0,37.92,6990355.0,0.08,0.6,0.14,328.57,0.6,1042332.9,570.65,0.13,True,66.25,0.15,0.13,0.03,2026-08-21,37.1,2.21,0,,36.74,ATH,False,False
21-08-2026 11:00,AYDEM,27.4,27.88,27.38,27.84,597417.0,0.04,0.44,0.1,340.0,0.44,383506.0,55.78,0.09,True,64.29,0.13,0.07,0.06,2026-08-21,27.16,2.5,0,,26.26,29.16,False,False
21-08-2026 11:00,EKIM,18.81,19.32,18.77,19.18,8107651.0,0.14,0.37,0.01,5185.71,0.37,2637339.2,207.42,0.38,True,65.89,0.19,0.22,-0.03,2026-08-21,18.37,4.41,0,,18.26,19.99,False,False
21-08-2026 11:00,TRALT,53.2,54.3,53.15,54.15,19607324.0,0.15,0.95,0.3,216.67,0.95,11051043.1,77.43,0.16,True,85.72,1.15,0.9,0.25,2026-08-21,51.45,5.25,0,,47.16,ATH,False,False
21-08-2026 10:00,SKTAS,3.26,3.37,3.26,3.35,11220954.0,0.02,0.09,0.01,718.18,0.09,2331842.9,381.21,0.22,True,58.53,-0.01,-0.01,0.0,2026-08-21,3.24,3.4,0,,3.21,3.39,True,False
21-08-2026 10:00,KMPUR,20.78,21.4,20.74,21.26,829019.0,0.14,0.48,0.02,1900.0,0.48,268380.0,208.9,0.29,True,53.79,-0.13,-0.17,0.04,2026-08-21,20.7,2.71,0,,20.42,21.88,False,False
21-08-2026 09:00,BERA,13.48,14.13,13.48,14.0,7489477.0,0.13,0.52,0.06,738.71,0.52,1185364.5,531.83,0.25,True,76.22,0.05,0.01,0.05,2026-08-21,13.27,5.5,0,,13.21,ATH,False,False
21-08-2026 09:00,OSTIM,1.64,1.72,1.63,1.72,17270012.0,0.0,0.08,0.01,433.33,0.08,2809322.2,514.74,0.0,True,83.79,0.01,0.0,0.01,2026-08-21,1.58,8.86,1,1.72,1.55,ATH,False,False
21-08-2026 08:00,GLRMK,170.9,179.8,170.6,179.3,2578633.0,0.5,8.4,0.59,1323.73,8.4,544779.5,373.34,0.06,True,67.59,-0.48,-0.9,0.41,2026-08-21,171.6,4.49,0,,169.6,ATH,True,True
21-08-2026 08:00,KOPOL,5.8,6.12,5.8,6.09,6536771.0,0.03,0.29,0.05,491.84,0.29,2019019.4,223.76,0.1,True,83.56,0.07,0.03,0.04,2026-08-21,5.81,4.82,1,6.12,5.54,6.12,False,False
21-08-2026 08:00,SOKM,58.5,59.25,58.05,59.1,1436175.0,0.15,0.6,0.12,380.0,0.6,556401.7,158.12,0.25,True,72.59,0.91,0.87,0.03,2026-08-21,57.65,2.52,0,,50.0,ATH,False,False
21-08-2026 08:00,ALTNY,18.37,19.2,18.29,19.11,15197357.0,0.09,0.74,0.1,618.45,0.74,7527497.8,101.89,0.12,True,83.15,0.64,0.59,0.05,2026-08-21,18.63,2.58,0,,17.55,ATH,False,False
21-08-2026 08:00,SEGMN,54.4,55.6,54.0,55.6,212336.0,0.0,1.2,0.29,321.05,1.2,126914.6,67.31,0.0,True,61.09,-0.01,-0.26,0.26,2026-08-21,54.4,2.21,0,,51.3,58.2,False,False
21-08-2026 08:00,NTGAZ,11.0,11.12,10.99,11.1,582847.0,0.02,0.1,0.03,257.14,0.1,342522.7,70.16,0.2,True,77.92,0.08,0.06,0.02,2026-08-21,10.87,2.12,0,,10.53,11.18,False,False
21-08-2026 08:00,AYGAZ,329.25,333.0,327.25,332.0,216154.0,1.0,2.75,0.62,340.0,2.75,134748.8,60.41,0.36,True,71.72,4.2,4.11,0.1,2026-08-21,330.0,0.61,0,,324.25,332.5,False,False
21-08-2026 08:00,GENIL,12.19,12.62,12.15,12.6,18790405.0,0.02,0.41,0.03,1181.25,0.41,6351975.9,195.82,0.05,True,75.08,0.29,0.23,0.05,2026-08-21,12.09,4.22,0,,10.9,ATH,False,False
21-08-2026 08:00,TEHOL,50.6,51.75,50.55,51.5,18811656.0,0.25,0.9,0.0,17900.0,0.9,8336639.3,125.65,0.28,True,49.84,-0.08,-0.01,-0.07,2026-08-21,51.45,0.1,2,50.55,50.55,52.15,False,False
21-08-2026 07:00,OZGYO,2.05,2.12,2.05,2.11,9117640.0,0.01,0.06,0.01,757.14,0.06,2461435.9,270.42,0.17,True,67.57,-0.0,-0.0,0.0,2026-08-21,2.05,2.93,0,,2.04,2.2,True,True
21-08-2026 07:00,TOASO,271.5,280.0,270.75,279.5,1467020.0,0.5,8.0,0.75,966.67,8.0,301763.3,386.15,0.06,True,75.25,1.52,1.05,0.47,2026-08-21,271.0,3.14,0,,269.5,ATH,False,False
21-08-2026 07:00,HLGYO,4.29,4.32,4.29,4.32,1936734.0,0.0,0.03,0.01,328.57,0.03,1216050.7,59.26,0.0,True,62.99,0.0,-0.01,0.01,2026-08-21,4.29,0.7,0,,4.23,ATH,False,False
21-08-2026 07:00,CIMSA,45.18,45.94,45.14,45.9,2168218.0,0.04,0.72,0.02,3172.73,0.72,676981.4,220.28,0.06,True,62.19,-0.01,-0.03,0.01,2026-08-21,45.2,1.55,0,,44.8,46.1,False,False
21-08-2026 07:00,MOPAS,28.32,28.74,28.26,28.72,623897.0,0.02,0.4,0.03,1233.33,0.4,385718.8,61.75,0.05,True,60.68,0.01,-0.0,0.01,2026-08-21,28.24,1.7,0,,27.84,28.8,False,False
21-08-2026 07:00,AGHOL,31.2,31.44,31.1,31.38,904303.0,0.06,0.18,0.01,2150.0,0.18,352256.0,156.72,0.33,True,58.67,-0.01,-0.04,0.03,2026-08-21,31.06,1.03,0,,30.92,31.5,False,False
21-08-2026 07:00,AFYON,12.38,13.1,12.38,12.96,1379955.0,0.14,0.58,0.04,1248.84,0.58,219396.3,528.98,0.24,True,82.64,0.03,-0.01,0.04,2026-08-21,12.36,4.85,0,,12.31,ATH,False,False
21-08-2026 07:00,KRPLS,10.9,11.14,10.85,11.08,952852.0,0.06,0.18,0.02,650.0,0.18,616940.7,54.45,0.33,True,68.42,0.19,0.17,0.02,2026-08-21,10.96,1.09,0,,9.89,11.2,False,False
21-08-2026 07:00,TMPOL,613.0,627.5,609.0,627.5,137527.0,0.0,14.5,1.45,900.0,14.5,74770.7,83.93,0.0,True,81.64,25.32,16.9,8.41,2026-08-21,570.5,9.99,1,627.5,425.25,ATH,False,False
21-08-2026 07:00,DESA,9.91,10.4,9.83,10.32,2769504.0,0.08,0.41,0.07,469.44,0.41,862035.3,221.28,0.2,True,63.01,-0.02,-0.08,0.06,2026-08-21,9.84,4.88,0,,9.47,10.55,False,False
21-08-2026 07:00,KAYSE,3.88,4.15,3.87,4.08,21357352.0,0.07,0.2,0.02,952.63,0.2,3359240.2,535.78,0.35,True,87.17,0.03,0.02,0.02,2026-08-21,3.86,5.7,0,,3.72,ATH,False,False
21-08-2026 07:00,GWIND,23.0,23.32,23.0,23.3,805182.0,0.02,0.3,0.01,2400.0,0.3,320419.4,151.29,0.07,True,65.29,0.01,0.02,-0.0,2026-08-21,23.0,1.3,0,,22.92,23.4,False,False
21-08-2026 07:00,TCELL,103.0,104.9,102.6,104.7,7680205.0,0.2,1.7,0.11,1445.45,1.7,2250975.8,241.19,0.12,True,62.33,-0.1,-0.12,0.02,2026-08-21,102.8,1.85,0,,102.2,105.3,False,False
21-08-2026 07:00,HATSN,61.6,63.0,60.85,63.0,1723828.0,0.0,1.4,0.14,900.0,1.4,328795.0,424.29,0.0,True,92.12,2.16,1.56,0.6,2026-08-21,57.3,9.95,1,63.0,49.5,ATH,False,False
20-08-2026 14:00,BSOKE,33.54,34.6,33.54,34.58,1770951.0,0.02,1.04,0.11,881.13,1.04,655441.9,170.19,0.02,True,62.63,0.04,-0.04,0.08,2026-08-20,33.32,3.78,0,,33.3,ATH,False,False
20-08-2026 14:00,CEMZY,15.5,16.5,15.5,16.4,48754949.0,0.1,0.9,0.0,17900.0,0.9,12683766.1,284.39,0.11,True,68.67,0.38,0.37,0.01,2026-08-20,16.15,1.55,0,,15.36,ATH,False,False
20-08-2026 14:00,YAYLA,22.82,23.28,22.76,23.18,209433.0,0.1,0.36,0.01,5900.0,0.36,66172.8,216.49,0.28,True,56.43,0.02,-0.03,0.04,2026-08-20,23.16,0.09,0,,22.7,23.44,False,False
20-08-2026 14:00,VKGYO,1.88,1.9,1.88,1.9,2893085.0,0.0,0.02,0.0,566.67,0.02,1761650.9,64.23,0.0,True,52.94,-0.01,-0.01,0.0,2026-08-20,1.89,0.53,0,,1.86,1.94,True,False
20-08-2026 14:00,PENTA,13.07,13.2,13.07,13.19,527512.0,0.01,0.12,0.01,1900.0,0.12,181498.4,190.64,0.08,True,62.54,0.01,-0.0,0.01,2026-08-20,13.07,0.92,0,,12.99,13.21,False,False
20-08-2026 13:00,BALSU,11.36,11.76,11.36,11.69,15724912.0,0.07,0.33,0.06,423.81,0.33,9602242.5,63.76,0.21,True,74.08,0.26,0.18,0.09,2026-08-20,10.74,8.85,0,,10.12,ATH,False,False
20-08-2026 13:00,MSGYO,5.89,5.91,5.88,5.91,263125.0,0.0,0.02,0.0,900.0,0.02,138505.3,89.97,0.0,True,46.7,-0.01,-0.01,0.0,2026-08-20,5.91,0.0,0,,5.85,5.96,False,False
20-08-2026 13:00,EKSUN,6.42,6.66,6.4,6.63,1503580.0,0.03,0.21,0.04,500.0,0.21,950833.1,58.13,0.14,True,78.35,0.07,0.05,0.02,2026-08-20,6.23,6.42,0,,6.18,ATH,False,False
20-08-2026 13:00,LIDER,39.26,40.38,39.04,40.36,12151729.0,0.02,1.1,0.25,333.07,1.1,5292579.7,129.6,0.02,True,50.85,-0.94,-1.27,0.33,2026-08-20,38.08,5.99,0,,36.32,49.78,True,False
20-08-2026 13:00,AKHAN,41.1,42.32,41.02,42.14,505099.0,0.18,1.04,0.17,497.7,1.04,249450.8,102.48,0.17,True,67.69,0.17,0.05,0.12,2026-08-20,40.76,3.39,0,,40.0,ATH,False,False
20-08-2026 13:00,LXGYO,10.76,11.04,10.74,10.96,1880007.0,0.08,0.2,0.06,263.64,0.2,983206.8,91.21,0.4,True,73.99,0.04,0.0,0.04,2026-08-20,10.54,3.98,0,,10.4,11.03,False,False
20-08-2026 13:00,EMPAE,72.75,76.0,72.5,75.65,3155075.0,0.35,2.9,0.07,4042.86,2.9,907212.7,247.78,0.12,True,56.05,-0.63,-0.89,0.26,2026-08-20,72.7,4.06,2,72.5,72.5,77.5,True,True
20-08-2026 13:00,GENKM,10.34,10.51,10.34,10.51,1392540.0,0.0,0.17,0.01,1600.0,0.17,914981.2,52.19,0.0,True,50.71,-0.06,-0.07,0.01,2026-08-20,10.48,0.29,0,,10.3,10.58,False,False
20-08-2026 12:00,CGCAM,36.84,38.0,36.76,37.8,667213.0,0.2,0.96,0.16,500.0,0.96,258841.8,157.77,0.21,True,74.08,0.23,0.06,0.17,2026-08-20,36.12,4.65,1,38.0,35.2,38.0,False,False
20-08-2026 12:00,GOLDA,12.24,12.78,12.18,12.78,13363858.0,0.0,0.54,0.11,395.41,0.54,5040199.4,165.15,0.0,True,78.6,0.1,-0.01,0.11,2026-08-20,11.62,9.98,0,,11.57,ATH,False,False
20-08-2026 11:00,SAMAT,5.5,5.65,5.49,5.62,536463.0,0.03,0.12,0.03,380.0,0.12,207575.5,158.44,0.25,True,77.33,0.03,0.0,0.03,2026-08-20,5.32,5.64,1,5.65,5.25,5.65,False,False
20-08-2026 11:00,PETKM,20.34,20.72,20.32,20.72,8742828.0,0.0,0.38,0.06,555.17,0.38,5754116.4,51.94,0.0,True,84.64,0.24,0.22,0.03,2026-08-20,20.12,2.98,0,,18.97,ATH,False,False
20-08-2026 11:00,GEDIK,6.43,6.56,6.43,6.56,6618332.0,0.0,0.13,0.0,6400.0,0.13,3028460.8,118.54,0.0,True,58.5,0.02,0.02,-0.01,2026-08-20,6.53,0.46,0,,6.41,6.64,False,False
20-08-2026 11:00,BESTE,33.28,34.12,33.14,34.02,1983067.0,0.1,0.74,0.02,4525.0,0.74,939361.3,111.11,0.14,True,53.47,-0.3,-0.32,0.02,2026-08-20,33.28,2.22,0,,32.62,36.7,True,True
20-08-2026 10:00,KRSTL,9.17,9.32,9.16,9.31,1080922.0,0.01,0.14,0.0,4566.67,0.14,672959.5,60.62,0.07,True,47.13,-0.02,-0.02,0.0,2026-08-20,9.37,-0.64,2,9.16,9.16,9.42,True,True
20-08-2026 10:00,PNLSN,43.32,45.36,43.32,45.26,406681.0,0.1,1.94,0.22,773.87,1.94,93705.8,334.0,0.05,True,73.57,0.29,0.16,0.14,2026-08-20,43.62,3.76,0,,42.04,ATH,False,False
20-08-2026 09:00,ULUUN,8.36,8.64,8.36,8.61,3451612.0,0.03,0.25,0.02,986.96,0.25,1247652.9,176.65,0.12,True,63.32,0.02,0.01,0.02,2026-08-20,8.4,2.5,0,,8.22,ATH,False,False
20-08-2026 09:00,CATES,54.55,59.3,54.45,58.7,1139456.0,0.6,4.15,0.46,812.09,4.15,300476.1,279.22,0.14,True,76.84,0.4,0.22,0.18,2026-08-20,54.6,7.51,0,,53.3,ATH,False,False
20-08-2026 09:00,GLRYH,3.13,3.2,3.13,3.18,1616349.0,0.02,0.05,0.0,1566.67,0.05,937129.2,72.48,0.4,True,50.19,-0.0,0.01,-0.01,2026-08-20,3.2,-0.63,0,,3.12,3.26,False,False
20-08-2026 09:00,SDTTR,251.75,264.75,251.5,261.25,357421.0,3.5,9.5,1.8,426.32,9.5,214471.0,66.65,0.37,True,71.75,2.04,0.31,1.74,2026-08-20,251.5,3.88,0,,236.7,ATH,False,False
20-08-2026 08:00,BNTAS,6.34,6.56,6.34,6.55,2762843.0,0.01,0.21,0.03,677.78,0.21,499559.2,453.06,0.05,True,80.01,0.02,-0.0,0.02,2026-08-20,6.32,3.64,0,,6.26,ATH,False,False
20-08-2026 07:00,MANAS,33.94,34.34,33.94,34.34,1851923.0,0.0,0.4,0.02,1900.0,0.4,1055821.6,75.4,0.0,True,62.92,0.14,0.11,0.02,2026-08-20,33.78,1.66,0,,33.76,34.48,False,False
20-08-2026 07:00,VRGYO,1.78,1.8,1.78,1.8,1983122.0,0.0,0.02,0.0,400.0,0.02,812658.5,144.03,0.0,True,61.83,0.0,0.0,0.0,2026-08-20,1.77,1.69,0,,1.75,1.81,False,False
20-08-2026 07:00,YYLGD,10.22,10.38,10.21,10.34,3548819.0,0.04,0.12,0.02,471.43,0.12,1003737.1,253.56,0.33,True,64.22,0.0,-0.02,0.02,2026-08-20,10.21,1.27,0,,10.08,10.45,False,False
20-08-2026 07:00,EPLAS,6.03,6.2,5.91,6.19,3868613.0,0.01,0.16,0.02,742.11,0.16,556146.0,595.61,0.06,True,82.51,0.08,0.03,0.05,2026-08-20,5.74,7.84,0,,5.5,ATH,False,False
20-08-2026 07:00,SEYKM,4.67,4.76,4.67,4.75,300445.0,0.01,0.08,0.02,321.05,0.08,164155.4,83.02,0.12,True,57.79,0.01,-0.0,0.01,2026-08-20,4.73,0.42,0,,4.55,4.78,False,False
20-08-2026 07:00,FENER,3.12,3.2,3.12,3.18,64391733.0,0.02,0.06,0.01,566.67,0.06,13827282.7,365.69,0.33,True,61.54,-0.0,-0.0,0.0,2026-08-20,3.1,2.58,1,3.2,3.07,3.2,False,False
20-08-2026 07:00,ANGEN,9.29,9.4,9.28,9.38,666607.0,0.02,0.09,0.02,328.57,0.09,240858.7,176.76,0.22,True,71.37,0.04,0.02,0.02,2026-08-20,9.27,1.19,0,,9.06,ATH,False,False
20-08-2026 07:00,KLYPV,58.85,59.65,58.75,59.55,387406.0,0.1,0.7,0.09,677.78,0.7,114397.8,238.65,0.14,True,64.06,0.1,0.04,0.06,2026-08-20,58.85,1.19,0,,57.85,59.9,False,False
20-08-2026 07:00,AKFYE,23.0,23.28,22.82,23.22,1393733.0,0.06,0.22,0.05,307.41,0.22,766094.7,81.93,0.27,True,64.43,-0.0,-0.07,0.06,2026-08-20,22.92,1.31,0,,22.28,23.3,False,False
20-08-2026 07:00,IEYHO,184.0,186.6,183.9,186.5,215616.0,0.1,2.5,0.22,1036.36,2.5,46987.6,358.88,0.04,True,85.98,0.75,0.65,0.09,2026-08-20,183.3,1.75,0,,178.6,ATH,False,False
20-08-2026 07:00,KARSN,9.39,9.57,9.37,9.53,4533527.0,0.04,0.14,0.02,723.53,0.14,1614205.7,180.85,0.29,True,55.53,-0.05,-0.08,0.03,2026-08-20,9.34,2.03,1,9.57,9.26,9.57,True,False
20-08-2026 07:00,NETAS,85.65,90.85,85.55,89.45,3489958.0,1.4,3.8,0.38,900.0,3.8,375871.9,828.5,0.37,True,98.86,3.81,3.4,0.41,2026-08-20,82.6,8.29,1,90.85,68.3,90.85,False,False
20-08-2026 07:00,ALFAS,42.22,43.46,41.8,43.46,861105.0,0.0,1.24,0.09,1219.15,1.24,212459.1,305.3,0.0,True,84.55,0.21,-0.14,0.34,2026-08-20,39.52,9.97,1,43.46,39.38,ATH,False,False
20-08-2026 07:00,BOBET,19.8,20.28,19.8,20.2,957789.0,0.08,0.4,0.04,1011.11,0.4,435420.4,119.97,0.2,True,63.9,0.12,0.1,0.02,2026-08-20,19.84,1.81,0,,18.86,20.32,False,False
20-08-2026 07:00,DNISI,4.44,4.82,4.44,4.82,7274549.0,0.0,0.38,0.04,783.72,0.38,1050554.0,592.45,0.0,True,72.09,0.02,-0.0,0.03,2026-08-20,4.39,9.79,1,4.82,4.31,ATH,False,False
20-08-2026 07:00,JANTS,16.27,16.52,16.26,16.52,2246954.0,0.0,0.25,0.04,575.68,0.25,428901.9,423.89,0.0,True,83.87,0.21,0.07,0.14,2026-08-20,15.02,9.99,1,16.52,14.79,ATH,False,False
20-08-2026 07:00,RYGYO,41.22,41.98,41.22,41.9,305397.0,0.08,0.68,0.02,3300.0,0.68,127979.5,138.63,0.12,True,61.33,0.08,0.04,0.04,2026-08-20,41.22,1.65,0,,39.9,42.0,False,False
19-08-2026 14:00,YUNSA,8.64,8.81,8.6,8.81,2764012.0,0.0,0.17,0.01,1600.0,0.17,693835.8,298.37,0.0,True,58.49,-0.04,-0.06,0.02,2026-08-19,8.7,1.26,1,8.81,8.5,ATH,True,False
19-08-2026 14:00,FONET,5.3,5.44,5.27,5.42,6881277.0,0.02,0.12,0.01,1100.0,0.12,3769872.7,82.53,0.17,True,59.68,-0.0,-0.0,-0.0,2026-08-19,5.34,1.5,0,,5.15,5.68,False,False
19-08-2026 13:00,AHGAZ,32.78,33.5,32.76,33.34,911045.0,0.16,0.56,0.09,495.74,0.56,361310.9,152.15,0.29,True,60.91,-0.11,-0.21,0.1,2026-08-19,32.28,3.28,0,,31.98,34.64,True,False
19-08-2026 12:00,PETUN,11.11,11.17,11.1,11.17,148669.0,0.0,0.06,0.01,650.0,0.06,89011.6,67.02,0.0,True,62.49,0.01,0.01,0.0,2026-08-19,11.12,0.45,0,,11.02,11.23,False,False
19-08-2026 12:00,BORLS,4.09,4.58,4.08,4.54,10183549.0,0.04,0.45,0.03,1185.71,0.45,1895757.0,437.18,0.09,True,73.64,0.01,-0.01,0.02,2026-08-19,4.18,8.61,0,,4.07,ATH,False,False
19-08-2026 12:00,PENGD,9.49,9.65,9.48,9.64,492009.0,0.01,0.15,0.03,455.56,0.15,165423.1,197.42,0.07,True,63.0,-0.01,-0.02,0.02,2026-08-19,9.49,1.58,0,,9.37,9.73,False,False
19-08-2026 11:00,KLKIM,25.56,26.54,25.48,26.42,749546.0,0.12,0.86,0.13,541.79,0.86,327159.0,129.11,0.14,True,59.51,-0.08,-0.08,0.0,2026-08-19,26.22,0.76,0,,25.7,26.7,False,False
19-08-2026 11:00,RTALB,2.97,3.01,2.96,3.0,2369015.0,0.01,0.03,0.0,900.0,0.03,1551024.1,52.74,0.33,True,63.26,0.0,-0.0,0.01,2026-08-19,2.93,2.39,0,,2.91,3.04,False,False
19-08-2026 11:00,MHRGY,3.33,3.39,3.32,3.38,796799.0,0.01,0.05,0.01,455.56,0.05,293167.2,171.79,0.2,True,64.09,0.0,-0.01,0.01,2026-08-19,3.31,2.11,0,,3.27,ATH,False,False
19-08-2026 11:00,YKSLN,2.79,2.87,2.78,2.86,1904251.0,0.01,0.07,0.0,1300.0,0.07,634072.4,200.32,0.14,True,62.73,-0.01,-0.01,0.0,2026-08-19,2.77,3.25,0,,2.76,ATH,True,True
19-08-2026 11:00,TATGD,17.98,18.18,17.98,18.16,339118.0,0.02,0.18,0.01,1100.0,0.18,220188.4,54.01,0.11,True,54.36,-0.09,-0.12,0.03,2026-08-19,17.9,1.45,0,,17.75,18.97,True,False
19-08-2026 10:00,DARDL,1.68,1.71,1.68,1.71,2356547.0,0.0,0.03,0.0,1400.0,0.03,1227425.8,91.99,0.0,True,56.4,-0.0,-0.0,-0.0,2026-08-19,1.68,1.79,0,,1.67,1.73,False,False
19-08-2026 10:00,SELVA,1.71,1.73,1.71,1.73,2666128.0,0.0,0.02,0.0,400.0,0.02,1364702.5,95.36,0.0,True,43.94,-0.01,-0.02,0.0,2026-08-19,1.71,1.17,1,1.73,1.7,ATH,True,False
19-08-2026 10:00,ALVES,1.75,1.78,1.73,1.78,29622855.0,0.0,0.03,0.0,2900.0,0.03,9400748.7,215.11,0.0,True,63.77,-0.0,-0.01,0.0,2026-08-19,1.72,3.49,0,,1.71,1.81,True,False
19-08-2026 09:00,PRZMA,82.75,92.8,81.0,90.3,3239286.0,2.5,7.55,0.01,75400.0,7.55,958012.0,238.13,0.33,True,64.34,2.91,2.88,0.04,2026-08-19,87.1,3.67,2,81.0,81.0,95.45,False,False
19-08-2026 08:00,GZNMI,60.85,64.65,60.85,64.35,1610497.0,0.3,3.5,0.45,677.78,3.5,291754.2,452.0,0.09,True,76.6,0.75,0.44,0.31,2026-08-19,59.3,8.52,1,64.65,58.75,64.65,False,False
19-08-2026 08:00,DOKTA,24.48,25.12,24.22,25.12,811711.0,0.0,0.64,0.15,338.36,0.64,247477.4,227.99,0.0,True,82.72,0.5,0.3,0.19,2026-08-19,22.84,9.98,0,,21.62,ATH,False,False
19-08-2026 08:00,QUAGR,3.35,3.5,3.34,3.5,22373391.0,0.0,0.15,0.02,614.29,0.15,7777311.0,187.68,0.0,True,80.0,0.03,0.01,0.02,2026-08-19,3.19,9.72,0,,3.17,ATH,False,False
19-08-2026 08:00,IDGYO,2.99,3.04,2.98,3.04,370086.0,0.0,0.05,0.0,900.0,0.05,180205.9,105.37,0.0,True,36.81,-0.06,-0.06,-0.0,2026-08-19,3.11,-2.25,2,2.98,2.98,3.49,False,False
19-08-2026 07:00,TRMET,126.0,127.7,124.6,127.5,966322.0,0.2,1.5,0.01,14900.0,1.5,288608.4,234.82,0.13,True,49.03,-0.32,-0.29,-0.03,2026-08-19,126.1,1.11,2,124.6,124.6,129.8,False,False
19-08-2026 07:00,AGROT,2.33,2.55,2.31,2.55,283086936.0,0.0,0.22,0.02,856.52,0.22,29233863.6,868.35,0.0,True,83.43,0.01,-0.0,0.01,2026-08-19,2.32,9.91,3,,ATL,ATH,True,True
19-08-2026 07:00,TATEN,9.31,9.79,9.0,9.79,11284524.0,0.0,0.48,0.02,2300.0,0.48,4177944.6,170.1,0.0,True,78.0,0.16,0.12,0.05,2026-08-19,8.9,10.0,1,9.79,8.42,ATH,False,False
19-08-2026 07:00,KCHOL,207.7,211.6,207.4,211.3,9658440.0,0.3,3.6,0.46,682.61,3.6,3006115.4,221.29,0.08,True,71.68,0.93,0.62,0.31,2026-08-19,207.9,1.64,0,,202.8,ATH,False,False
19-08-2026 07:00,GARAN,129.1,130.2,129.0,130.0,4035280.0,0.2,0.9,0.06,1400.0,0.9,1564768.0,157.88,0.22,True,54.59,-0.16,-0.19,0.04,2026-08-19,129.3,0.54,0,,127.8,131.8,False,False
19-08-2026 07:00,BIOEN,17.15,17.89,17.09,17.88,6664672.0,0.01,0.73,0.08,860.53,0.73,936692.1,611.51,0.01,True,76.36,0.02,-0.04,0.07,2026-08-19,16.97,5.36,0,,16.78,ATH,False,False
19-08-2026 07:00,GOKNR,19.22,20.3,19.18,20.04,8470593.0,0.26,0.82,0.03,3053.85,0.82,1474861.0,474.33,0.32,True,64.26,0.01,-0.01,0.02,2026-08-19,18.89,6.09,0,,18.88,20.24,False,False
19-08-2026 07:00,ORZAX,101.6,103.2,100.1,103.0,1256965.0,0.2,1.4,0.19,636.84,1.4,650852.3,93.13,0.14,True,67.71,0.78,0.65,0.12,2026-08-19,101.6,1.38,0,,96.6,103.8,False,False
19-08-2026 07:00,ESCAR,45.1,47.1,44.6,46.86,3777041.0,0.24,1.76,0.08,2100.0,1.76,511486.6,638.44,0.14,True,62.95,0.16,0.24,-0.09,2026-08-19,45.1,3.9,0,,44.52,48.8,False,False
19-08-2026 07:00,METEN,25.84,27.5,24.6,27.5,35709123.0,0.0,1.66,0.34,382.56,1.66,9728545.8,267.06,0.0,True,92.43,1.03,0.8,0.23,2026-08-19,25.0,10.0,1,27.5,22.02,ATH,False,False
19-08-2026 07:00,MASFN,44.96,47.24,44.12,46.76,15915363.0,0.48,1.8,0.33,442.17,1.8,5724507.9,178.02,0.27,True,69.46,0.66,0.51,0.15,2026-08-19,45.28,3.27,0,,41.94,ATH,False,False
19-08-2026 07:00,GSRAY,1.06,1.09,1.05,1.09,126522735.0,0.0,0.03,0.0,1400.0,0.03,46027661.9,174.88,0.0,True,69.15,0.01,0.01,0.0,2026-08-19,1.06,2.83,3,,1.01,1.1,False,False
19-08-2026 07:00,DMLKT,7.0,7.28,6.99,7.28,12928543.0,0.0,0.28,0.04,656.76,0.28,2606301.6,396.05,0.0,True,96.81,0.15,0.13,0.02,2026-08-19,6.95,4.75,1,7.28,ATL,ATH,False,False
19-08-2026 07:00,AEFES,19.13,19.45,19.08,19.39,13492246.0,0.06,0.26,0.04,550.0,0.26,5243752.9,157.3,0.23,True,62.85,0.01,-0.01,0.02,2026-08-19,19.13,1.36,0,,18.78,19.44,False,False
19-08-2026 07:00,AAGYO,12.46,12.63,12.41,12.59,1382121.0,0.04,0.13,0.0,4233.33,0.13,473552.4,191.86,0.31,True,51.89,-0.05,-0.05,0.0,2026-08-19,12.45,1.12,2,12.41,12.41,ATH,True,True
18-08-2026 13:00,ARZUM,1.71,1.81,1.7,1.81,29188590.0,0.0,0.1,0.01,614.29,0.1,5442519.5,436.31,0.0,True,82.09,0.01,0.0,0.01,2026-08-18,1.65,9.7,0,,1.64,ATH,False,False
18-08-2026 13:00,SVGYO,15.3,16.75,15.1,16.75,100075205.0,0.0,1.45,0.15,853.95,1.45,10696830.4,835.56,0.0,True,86.44,0.09,0.0,0.09,2026-08-18,15.23,9.98,2,15.1,15.1,ATH,False,False
18-08-2026 12:00,SOKE,14.76,15.22,14.76,15.1,802443.0,0.12,0.34,0.01,3300.0,0.34,248056.0,223.49,0.35,True,61.31,-0.02,-0.02,0.0,2026-08-18,14.83,1.82,1,15.22,14.84,15.22,False,False
18-08-2026 11:00,USAK,1.23,1.25,1.22,1.25,20328698.0,0.0,0.02,0.0,1900.0,0.02,4565898.5,345.23,0.0,True,58.29,0.0,-0.0,0.0,2026-08-18,1.24,0.81,3,,1.22,ATH,False,False
18-08-2026 09:00,CONSE,2.26,2.29,2.26,2.29,1005371.0,0.0,0.03,0.0,900.0,0.03,537829.4,86.93,0.0,True,55.86,0.0,0.0,-0.0,2026-08-18,2.29,0.0,0,,2.27,2.31,False,False
18-08-2026 08:00,MACKO,34.62,36.28,34.62,36.02,471579.0,0.26,1.4,0.23,514.04,1.4,116412.6,305.09,0.19,True,74.32,0.24,0.05,0.19,2026-08-18,34.18,5.38,0,,33.24,ATH,False,False
18-08-2026 07:00,ELITE,28.6,28.98,28.36,28.96,352251.0,0.02,0.36,0.05,682.61,0.36,132724.7,165.4,0.06,True,76.37,0.17,0.13,0.04,2026-08-18,28.54,1.47,0,,ATL,ATH,False,False
18-08-2026 07:00,OSMEN,8.0,8.5,7.91,8.46,4547649.0,0.04,0.46,0.04,1177.78,0.46,682011.4,566.8,0.09,True,76.72,0.05,0.02,0.03,2026-08-18,7.88,7.36,0,,7.64,ATH,False,False
18-08-2026 07:00,ARFYE,24.04,24.44,23.5,24.38,1338521.0,0.06,0.34,0.05,553.85,0.34,424345.1,215.43,0.18,True,73.69,0.13,0.13,-0.0,2026-08-18,24.02,1.5,0,,ATL,ATH,False,False
18-08-2026 07:00,FRMPL,37.7,38.7,36.94,38.44,996188.0,0.26,0.74,0.06,1221.43,0.74,406898.0,144.82,0.35,True,63.54,0.3,0.39,-0.09,2026-08-18,38.0,1.16,0,,ATL,39.74,False,False
17-08-2026 14:00,YATAS,33.94,35.0,33.9,35.0,257909.0,0.0,1.06,0.01,7471.43,1.06,101026.7,155.29,0.0,True,69.15,0.17,0.13,0.04,2026-08-17,35.02,-0.06,0,,33.8,35.02,False,False
17-08-2026 14:00,ETILR,6.14,6.25,6.13,6.25,977326.0,0.0,0.11,0.0,3566.67,0.11,373646.4,161.56,0.0,True,70.39,0.02,0.02,0.01,2026-08-17,6.1,2.46,0,,ATL,ATH,False,False
17-08-2026 14:00,KONKA,11.73,11.96,11.73,11.92,495307.0,0.04,0.19,0.02,955.56,0.19,180137.1,174.96,0.21,True,60.86,0.01,0.0,0.01,2026-08-17,11.55,3.2,0,,ATL,ATH,False,False
17-08-2026 14:00,BESLR,12.65,13.79,12.64,13.56,2737676.0,0.23,0.91,0.07,1238.24,0.91,492471.2,455.91,0.25,True,74.38,0.03,-0.01,0.04,2026-08-17,12.76,6.27,1,13.79,12.58,13.79,False,False
17-08-2026 13:00,VAKBN,30.8,31.04,30.8,30.98,4839865.0,0.06,0.18,0.02,718.18,0.18,2339066.6,106.91,0.33,True,56.03,-0.0,-0.02,0.01,2026-08-17,30.76,0.72,1,31.04,ATL,31.04,False,False
17-08-2026 12:00,MARMR,2.46,2.56,2.46,2.55,23694957.0,0.01,0.09,0.01,592.31,0.09,14016596.4,69.05,0.11,True,72.04,0.02,0.01,0.01,2026-08-17,2.37,7.59,0,,ATL,2.58,False,False
17-08-2026 12:00,BMSCH,12.12,12.64,12.07,12.61,370979.0,0.03,0.49,0.05,842.31,0.49,171634.0,116.15,0.06,True,79.64,0.07,0.04,0.03,2026-08-17,12.02,4.91,0,,11.75,ATH,False,False
17-08-2026 10:00,PRDGS,7.71,7.96,7.65,7.93,2215055.0,0.03,0.22,0.04,400.0,0.22,1138773.3,94.51,0.14,True,74.13,0.05,0.02,0.04,2026-08-17,7.45,6.44,0,,7.37,ATH,False,False
17-08-2026 10:00,CELHA,25.16,25.6,25.06,25.54,673808.0,0.06,0.38,0.03,1361.54,0.38,338906.9,98.82,0.16,True,73.42,0.16,0.12,0.05,2026-08-17,24.66,3.57,0,,ATL,ATH,False,False
17-08-2026 09:00,ICUGS,5.4,5.75,5.36,5.71,13074261.0,0.04,0.31,0.02,1191.67,0.31,2368784.2,451.94,0.13,True,73.62,0.03,0.02,0.01,2026-08-17,5.5,3.82,3,,ATL,ATH,False,False
17-08-2026 09:00,MERCN,21.44,22.06,21.38,22.02,1379134.0,0.04,0.58,0.08,663.16,0.58,328547.7,319.77,0.07,True,76.27,0.05,-0.02,0.07,2026-08-17,20.7,6.38,0,,20.7,ATH,False,False
17-08-2026 08:00,UCAYM,27.9,28.36,27.78,28.3,923112.0,0.06,0.4,0.05,733.33,0.4,594258.0,55.34,0.15,True,71.94,0.09,0.06,0.03,2026-08-17,27.8,1.8,0,,ATL,ATH,False,False
17-08-2026 08:00,IHGZT,1.18,1.19,1.18,1.19,1196850.0,0.0,0.01,0.0,400.0,0.01,764244.2,56.61,0.0,True,64.73,0.0,0.0,0.0,2026-08-17,1.17,1.71,1,1.19,ATL,ATH,False,False
17-08-2026 07:00,OZYSR,12.45,12.94,12.4,12.9,1018198.0,0.04,0.45,0.06,689.47,0.45,249859.9,307.51,0.09,True,64.31,0.01,0.01,0.0,2026-08-17,12.71,1.49,0,,12.38,ATH,False,False
17-08-2026 07:00,RUBNS,32.9,34.58,32.9,34.16,1559324.0,0.42,1.26,0.22,477.98,1.26,414212.8,276.45,0.33,True,90.77,0.38,0.22,0.16,2026-08-17,32.9,3.83,0,,ATL,ATH,False,False
17-08-2026 07:00,HEDEF,142.2,173.8,142.2,173.8,6246466.0,0.0,31.6,3.16,900.0,31.6,637808.9,879.36,0.0,True,58.5,-1.09,-1.49,0.4,2026-08-17,158.0,10.0,3,,142.2,ATH,False,False
17-08-2026 07:00,KRONT,28.22,29.0,28.1,28.8,416229.0,0.2,0.58,0.12,375.41,0.58,144135.7,188.78,0.34,True,81.21,0.11,0.04,0.07,2026-08-17,28.1,2.49,0,,ATL,ATH,False,False
17-08-2026 07:00,TKFEN,236.1,243.4,233.0,242.5,2110159.0,0.9,6.4,0.4,1500.0,6.4,1235583.0,70.78,0.14,True,65.16,0.6,0.32,0.28,2026-08-17,236.0,2.75,0,,228.0,ATH,False,False
17-08-2026 07:00,KGYO,13.0,13.63,12.99,13.52,21733149.0,0.11,0.52,0.03,1475.76,0.52,4653514.7,367.03,0.21,True,76.0,0.09,0.06,0.03,2026-08-17,12.65,6.88,0,,ATL,ATH,False,False
14-08-2026 14:00,ENTRA,4.67,4.71,4.67,4.71,4580875.0,0.0,0.04,0.01,566.67,0.04,2130380.2,115.03,0.0,True,76.33,0.01,0.0,0.0,2026-08-14,4.63,1.73,0,,ATL,ATH,False,False
14-08-2026 14:00,HOROZ,63.0,67.1,62.5,66.0,1163656.0,1.1,3.0,0.2,1363.41,3.0,367949.9,216.25,0.37,True,70.1,0.13,0.0,0.13,2026-08-14,62.8,5.1,0,,ATL,ATH,False,False
14-08-2026 14:00,CEOEM,23.94,24.1,23.8,24.1,137482.0,0.0,0.16,0.02,700.0,0.16,45943.1,199.24,0.0,True,64.53,0.02,0.02,0.0,2026-08-14,23.96,0.58,0,,ATL,ATH,False,False
14-08-2026 14:00,KAREL,9.89,10.21,9.87,10.2,6924069.0,0.01,0.31,0.03,968.97,0.31,1461284.5,373.83,0.03,True,71.76,0.03,0.02,0.01,2026-08-14,10.0,2.0,0,,9.84,ATH,False,False
14-08-2026 13:00,EGGUB,99.3,102.3,99.25,102.3,492608.0,0.0,3.0,0.89,237.08,3.0,172455.3,185.64,0.0,True,96.83,0.82,0.39,0.43,2026-08-14,93.0,10.0,0,,ATL,ATH,False,False
14-08-2026 12:00,KRTEK,6.16,6.3,6.14,6.3,198755.0,0.0,0.14,0.02,677.78,0.14,124445.6,59.71,0.0,True,71.89,0.01,-0.0,0.01,2026-08-14,6.18,1.94,0,,6.03,6.39,False,False
14-08-2026 12:00,MIATK,31.88,33.18,31.64,33.18,5861931.0,0.0,1.3,0.14,815.49,1.3,2896995.9,102.35,0.0,True,73.92,0.13,0.03,0.09,2026-08-14,31.26,6.14,0,,ATL,ATH,False,False
