Tarih,Hisse,open,high,low,close,volume,YuksekKapanis_Fark,AcilisKapanis_Fark,AcilisKapanisFark_Ort,AcilisKapanisFark_OrtalamayaGoreDegisim,AcilisKapanisFarkOrt_MaxSon10,HacimOrtalama,%Hacim_HacimOrtalama,Fark_Orani,Kosul,rsi,MACD_12_26_9,MACDs_12_26_9,MACDh_12_26_9,Tarih1,%Deg,isPivot,pointpos,direnc,destek,Tsinyal_Banker_Dip,Tsinyal_Banker_DipKarar
24-08-2026 06:00,EGGUB,105.0,114.9,104.2,114.5,5165928.0,0.4,9.5,0.08,11775.0,9.5,2822721.8,83.01,0.04,True,57.77,-0.91,-1.1,0.19,2026-08-24,10.41,0,,142.3,81.7,False,False
24-08-2026 06:00,AHGAZ,32.94,38.22,32.64,38.0,39110070.0,0.22,5.06,0.2,2404.95,5.06,25023224.7,56.3,0.04,True,65.52,2.26,2.22,0.04,2026-08-24,13.91,0,,40.36,20.86,False,False
24-08-2026 06:00,BAHKM,125.6,173.0,124.4,159.5,12538956.0,13.5,33.9,3.84,782.81,33.9,3528102.4,255.4,0.4,True,67.17,7.84,6.67,1.17,2026-08-24,27.19,0,,ATH,101.1,False,False
24-08-2026 06:00,TNZTP,29.02,32.48,28.42,32.0,23458601.0,0.48,2.98,0.43,589.81,2.98,15266946.5,53.66,0.16,True,66.86,1.36,0.72,0.65,2026-08-24,10.34,0,,33.43,20.3,False,False
24-08-2026 06:00,KRGYO,2.78,3.29,2.77,3.2,182637786.0,0.09,0.42,0.04,876.74,0.42,87465582.1,108.81,0.21,True,63.14,-0.04,-0.1,0.06,2026-08-24,15.11,0,,3.36,2.82,False,False
24-08-2026 06:00,HATSN,65.95,87.3,63.0,87.3,76042260.0,0.0,21.35,2.55,738.9,21.35,26921462.7,182.46,0.0,True,72.46,6.04,4.27,1.77,2026-08-24,38.57,0,,ATH,34.4,False,False
24-08-2026 06:00,RYSAS,23.34,27.52,22.2,27.02,105620454.0,0.5,3.68,0.07,5311.76,3.68,46387107.0,127.69,0.14,True,62.33,1.49,1.29,0.2,2026-08-24,16.47,0,,28.34,16.47,False,False
24-08-2026 06:00,BRLSM,17.96,26.56,17.56,25.2,114796453.0,1.36,7.24,0.5,1345.11,7.24,38930249.5,194.88,0.19,True,70.35,0.81,0.57,0.24,2026-08-24,45.16,0,,25.48,13.91,False,False
17-08-2026 06:00,ARASE,114.8,126.3,113.2,124.2,3146325.0,2.1,9.4,0.71,1223.94,9.4,1704124.0,84.63,0.22,True,65.96,8.62,9.92,-1.31,2026-08-17,8.38,0,,129.7,49.8,False,False
17-08-2026 06:00,TRENJ,95.4,109.6,92.4,107.8,17827648.0,1.8,12.4,1.8,590.81,12.4,10227222.3,74.32,0.15,True,57.89,2.32,1.12,1.19,2026-08-17,13.53,0,,122.8,79.95,False,False
17-08-2026 06:00,CEMZY,13.3,17.39,13.22,16.98,812784524.0,0.41,3.68,0.28,1214.29,3.68,168059918.5,383.63,0.11,True,67.67,1.02,1.08,-0.07,2026-08-17,27.67,0,,17.5,8.08,False,False
17-08-2026 06:00,EGEGY,28.7,32.5,28.28,31.6,24165604.0,0.9,2.9,0.4,617.82,2.9,15873353.0,52.24,0.31,True,56.33,0.44,0.52,-0.08,2026-08-17,10.1,0,,35.48,25.6,False,False
17-08-2026 06:00,TRHOL,2256.0,2610.0,2120.0,2560.0,2820445.0,50.0,304.0,99.3,206.14,304.0,1239926.1,127.47,0.16,True,85.21,335.42,272.94,62.48,2026-08-17,13.53,0,,ATH,14.3,False,False
17-08-2026 06:00,CATES,52.35,62.95,51.4,62.0,23326696.0,0.95,9.65,2.24,331.57,9.65,14401570.3,61.97,0.1,True,76.87,3.63,2.04,1.59,2026-08-17,19.35,0,,ATH,35.68,False,False
17-08-2026 06:00,ARDYZ,89.5,97.0,85.05,96.0,41733272.0,1.0,6.5,2.66,144.82,6.5,23775039.6,75.53,0.15,True,85.27,10.78,8.01,2.77,2026-08-17,15.25,0,,ATH,24.42,False,False
17-08-2026 06:00,ARSAN,3.47,3.96,3.45,3.88,213540553.0,0.08,0.41,0.02,1608.33,0.41,105494281.4,102.42,0.2,True,56.84,-0.0,-0.02,0.02,2026-08-17,11.82,0,,4.4,2.56,False,False
17-08-2026 06:00,KUVVA,158.5,196.3,156.5,191.0,2042238.0,5.3,32.5,3.8,755.26,32.5,1118855.2,82.53,0.16,True,69.71,9.37,6.12,3.25,2026-08-17,20.5,0,,ATH,95.2,False,False
17-08-2026 06:00,GSRAY,1.02,1.14,1.01,1.12,2113781097.0,0.02,0.1,0.0,3233.33,0.1,902503569.3,134.21,0.2,True,52.6,-0.04,-0.05,0.01,2026-08-17,9.8,0,,1.23,1.01,True,True
17-08-2026 06:00,TBORG,137.3,158.8,133.0,154.8,3386350.0,4.0,17.5,1.64,967.07,17.5,1016999.7,232.97,0.23,True,59.96,-4.8,-7.23,2.43,2026-08-17,12.75,0,,183.0,152.3,True,False
17-08-2026 06:00,KRPLS,9.76,11.32,9.72,10.96,25142892.0,0.36,1.2,0.05,2348.98,1.2,14972087.0,67.93,0.3,True,66.2,0.32,0.22,0.1,2026-08-17,13.22,0,,11.09,7.2,False,False
17-08-2026 06:00,ADGYO,54.8,65.2,54.6,63.85,7251760.0,1.35,9.05,1.01,796.93,9.05,3937882.8,84.15,0.15,True,61.77,0.37,0.14,0.23,2026-08-17,16.51,0,,65.1,49.3,False,False
17-08-2026 06:00,NETAS,68.3,99.9,68.3,99.15,15812518.0,0.75,30.85,2.28,1253.07,30.85,4253837.8,271.72,0.02,True,75.39,2.94,0.92,2.02,2026-08-17,59.66,0,,ATH,52.45,False,False
17-08-2026 06:00,ALTNY,15.95,19.64,15.49,19.21,238226186.0,0.43,3.26,0.15,2073.33,3.26,127251686.8,87.21,0.13,True,60.86,0.21,0.03,0.18,2026-08-17,14.55,0,,20.96,14.21,False,False
17-08-2026 06:00,HKTM,11.4,16.07,11.25,14.75,113652524.0,1.32,3.35,0.05,7027.66,3.35,36498185.0,211.39,0.39,True,61.68,-0.2,-0.21,0.01,2026-08-17,27.16,0,,17.22,10.26,False,False
17-08-2026 06:00,BJKAS,1.9,2.94,1.9,2.94,2229177222.0,0.0,1.04,0.12,759.5,1.04,733213661.6,204.03,0.0,True,80.9,0.13,0.03,0.1,2026-08-17,59.78,0,,4.13,1.44,False,False
10-08-2026 06:00,CRFSA,216.8,338.25,211.5,338.25,13468097.0,0.0,121.45,18.9,542.42,121.45,5712463.7,135.77,0.0,True,83.74,26.86,12.65,14.21,2026-08-10,60.69,0,,ATH,115.6,False,False
10-08-2026 06:00,TMPOL,474.25,585.0,466.25,582.5,5573635.0,2.5,108.25,20.38,431.29,108.25,3366106.1,65.58,0.02,True,64.79,22.97,18.61,4.36,2026-08-10,22.76,0,,703.0,278.5,False,False
10-08-2026 06:00,GIPTA,69.65,82.75,67.65,80.9,21613250.0,1.85,11.25,0.46,2345.65,11.25,11960100.8,80.71,0.16,True,56.43,-2.11,-2.63,0.51,2026-08-10,19.59,0,,94.65,50.8,False,False
10-08-2026 06:00,OYAKC,20.66,22.0,20.32,21.82,145134467.0,0.18,1.16,0.01,8185.71,1.16,92848142.9,56.31,0.16,True,48.7,-0.77,-0.77,0.0,2026-08-10,5.61,0,,28.56,19.4,False,False
10-08-2026 06:00,BOSSA,6.21,7.16,6.03,7.1,57601581.0,0.06,0.89,0.02,4350.0,0.89,23462393.0,145.51,0.07,True,58.17,-0.01,-0.05,0.04,2026-08-10,16.01,0,,7.68,5.9,False,False
03-08-2026 06:00,TSPOR,0.94,1.06,0.92,1.04,2611306228.0,0.02,0.1,0.0,9900.0,0.1,1130420736.0,131.0,0.2,True,55.45,-0.03,-0.04,0.01,2026-08-03,11.83,0,,1.09,0.9,True,False
03-08-2026 06:00,KERVN,8.37,10.4,8.37,10.28,12540126.0,0.12,1.91,0.5,282.0,1.91,7599163.7,65.02,0.06,True,84.08,1.36,1.03,0.33,2026-08-03,23.86,0,,ATH,1.91,False,False
03-08-2026 06:00,TKFEN,156.3,209.6,154.5,209.0,55420567.0,0.6,52.7,5.81,807.06,52.7,29018166.0,90.99,0.01,True,81.03,19.02,14.92,4.1,2026-08-03,35.28,0,,ATH,67.0,False,False
03-08-2026 06:00,OZSUB,35.04,42.18,34.24,41.52,21006369.0,0.66,6.48,1.21,435.54,6.48,13138170.3,59.89,0.1,True,78.64,3.71,2.85,0.86,2026-08-03,18.63,0,,ATH,16.91,False,False
27-07-2026 06:00,ANHYT,105.9,115.0,103.6,115.0,10269024.0,0.0,9.1,0.26,3333.96,9.1,4349038.3,136.12,0.0,True,57.38,-0.16,-0.01,-0.15,2026-07-27,8.59,0,,125.7,68.05,False,False
27-07-2026 06:00,RYGYO,32.2,40.08,32.04,38.3,31712949.0,1.78,6.1,0.61,906.6,6.1,10392399.4,205.16,0.29,True,70.0,1.66,1.59,0.07,2026-07-27,20.74,0,,ATH,28.0,False,False
27-07-2026 06:00,PASEU,113.4,156.5,110.3,155.0,83478967.0,1.5,41.6,4.98,735.34,41.6,50373456.3,65.72,0.04,True,61.89,-1.7,-3.92,2.22,2026-07-27,35.14,0,,175.0,109.2,False,False
27-07-2026 06:00,ENTRA,4.5,5.51,4.27,5.25,522219465.0,0.26,0.75,0.02,3105.77,0.75,157043850.14,232.53,0.35,True,56.55,-0.06,-0.05,-0.01,2026-07-27,17.71,0,,5.71,4.4,False,False
27-07-2026 06:00,PSDTC,122.5,160.1,119.0,154.0,4172432.0,6.1,31.5,1.97,1498.98,31.5,1153390.9,261.75,0.19,True,60.62,0.56,-1.21,1.77,2026-07-27,26.44,0,,196.8,112.6,False,False
20-07-2026 06:00,ANELE,99.0,131.0,94.95,130.0,38921862.0,1.0,31.0,7.49,314.16,31.0,16822585.6,131.37,0.03,True,79.23,24.43,20.34,4.09,2026-07-20,29.87,0,,ATH,13.32,False,False
20-07-2026 06:00,GRSEL,314.5,349.75,314.5,348.75,3887994.0,1.0,34.25,1.5,2183.33,34.25,2254028.8,72.49,0.03,True,58.77,-3.05,-5.22,2.17,2026-07-20,10.45,0,,402.0,286.75,False,False
20-07-2026 06:00,ECOGR,39.66,45.72,38.68,44.22,143882825.0,1.5,4.56,0.65,603.7,4.56,57423670.5,150.56,0.33,True,68.63,2.91,2.8,0.11,2026-07-20,11.39,0,,45.96,ATL,False,False
13-07-2026 06:00,DESPC,40.9,49.12,40.0,48.02,6528891.0,1.1,7.12,0.07,10071.43,7.12,3379762.7,93.18,0.15,True,55.38,-0.69,-1.16,0.48,2026-07-13,17.93,0,,53.2,36.98,False,False
13-07-2026 06:00,KARTN,181.4,220.8,180.0,215.5,10245090.0,5.3,34.1,9.08,275.55,34.1,6207121.7,65.05,0.16,True,80.04,25.02,14.41,10.62,2026-07-13,19.79,0,,ATH,61.65,False,False
13-07-2026 06:00,LIDER,95.0,113.4,93.0,111.7,17683937.0,1.7,16.7,0.41,4023.46,16.7,9933956.2,78.02,0.1,True,54.86,4.88,8.91,-4.04,2026-07-13,15.63,0,,154.1,38.76,False,False
13-07-2026 06:00,AKSEN,92.4,106.7,90.9,106.0,51014164.0,0.7,13.6,1.67,714.37,13.6,31991706.0,59.46,0.05,True,74.17,7.3,6.35,0.95,2026-07-13,15.09,0,,ATH,70.05,False,False
13-07-2026 06:00,SUNTK,31.66,41.72,28.78,41.72,15511672.0,0.0,10.06,0.23,4273.91,10.06,6265511.1,147.57,0.0,True,58.67,-1.64,-2.11,0.47,2026-07-13,30.54,0,,61.45,26.58,True,True
06-07-2026 06:00,BIGTK,261.0,361.0,250.5,341.0,6621722.0,20.0,80.0,11.98,567.78,80.0,3245317.6,104.04,0.25,True,63.43,-8.96,-21.65,12.69,2026-07-06,33.2,0,,376.75,204.4,True,False
06-07-2026 06:00,PNLSN,43.62,48.54,39.54,48.54,8670115.0,0.0,4.92,0.24,1984.75,4.92,5516144.3,57.18,0.0,True,56.5,0.82,1.17,-0.35,2026-07-06,11.95,0,,52.65,36.88,False,False
29-06-2026 06:00,MRSHL,1910.0,2454.0,1830.0,2454.0,707392.0,0.0,544.0,65.5,730.53,544.0,161832.9,337.11,0.0,True,79.22,84.4,5.7,78.7,2026-06-29,33.95,0,,ATH,1340.0,False,False
29-06-2026 06:00,KRONT,21.96,26.94,21.92,26.4,22504317.0,0.54,4.44,0.62,612.68,4.44,13939629.2,61.44,0.12,True,71.59,1.74,1.4,0.34,2026-06-29,20.33,0,,ATH,15.78,False,False
29-06-2026 06:00,CEOEM,24.92,29.4,24.82,28.76,28929939.0,0.64,3.84,0.27,1332.84,3.84,14431122.0,100.47,0.17,True,59.04,0.5,-0.06,0.56,2026-06-29,15.41,0,,29.52,18.7,False,False
29-06-2026 06:00,AKSUE,37.02,44.7,35.38,42.96,22282026.0,1.74,5.94,0.44,1237.84,5.94,11779072.6,89.17,0.29,True,71.93,4.21,4.01,0.2,2026-06-29,17.7,0,,ATH,14.88,False,False
29-06-2026 06:00,AKFIS,12.17,14.56,11.93,14.3,223535252.93,0.26,2.13,0.63,240.97,2.13,145184658.03,53.97,0.12,True,89.66,2.07,1.67,0.4,2026-06-29,18.59,0,,ATH,3.34,False,False
29-06-2026 06:00,KOCMT,3.32,4.45,3.28,4.45,836499935.0,0.0,1.13,0.16,610.69,1.13,307500194.9,172.03,0.0,True,81.55,0.19,0.03,0.15,2026-06-29,35.67,0,,ATH,2.36,False,False
29-06-2026 06:00,INVEO,8.1,9.3,8.05,8.96,96925781.0,0.34,0.86,0.06,1287.1,0.86,54453505.3,78.0,0.4,True,55.86,-0.14,-0.28,0.14,2026-06-29,11.3,0,,9.62,6.84,False,False
22-06-2026 06:00,KOPOL,6.65,7.29,6.62,7.23,116570219.0,0.06,0.58,0.04,1511.11,0.58,73903981.9,57.73,0.1,True,63.51,0.16,0.06,0.1,2026-06-22,10.21,0,,8.42,5.03,False,False
22-06-2026 06:00,INFO,4.9,8.08,4.87,8.0,553687077.0,0.08,3.1,0.4,671.14,3.1,205987759.4,168.8,0.03,True,83.04,0.42,0.09,0.34,2026-06-22,58.73,0,,ATH,3.01,False,False
22-06-2026 06:00,SEKUR,8.37,13.25,8.37,12.11,37991283.0,1.14,3.74,0.56,563.12,3.74,16949331.2,124.15,0.3,True,80.75,1.3,0.98,0.32,2026-06-22,30.22,1,13.25,13.25,3.41,False,False
22-06-2026 06:00,ISGYO,22.14,27.42,21.22,27.3,54037440.0,0.12,5.16,0.65,698.76,5.16,16207759.6,233.4,0.02,True,75.96,0.59,0.2,0.39,2026-06-22,23.31,0,,ATH,19.3,False,False
22-06-2026 06:00,ATSYH,92.0,113.6,92.0,111.0,536790.0,2.6,19.0,3.81,398.69,19.0,345177.6,55.51,0.14,True,77.3,7.87,2.94,4.93,2026-06-22,23.33,0,,ATH,47.6,False,False
22-06-2026 06:00,SNICA,4.18,4.99,4.1,4.99,192853983.0,0.0,0.81,0.06,1250.0,0.81,67743810.0,184.68,0.0,True,63.03,0.02,-0.05,0.07,2026-06-22,20.24,0,,5.83,3.62,False,False
15-06-2026 06:00,BMSTL,42.05,49.6,41.25,47.45,33568590.0,2.15,5.4,0.34,1488.24,5.4,21025258.4,59.66,0.4,True,57.7,0.27,0.36,-0.09,2026-06-15,14.34,0,,61.45,38.33,False,False
15-06-2026 06:00,ODAS,7.51,9.47,7.38,9.2,859992603.0,0.27,1.69,0.21,704.76,1.69,435991492.7,97.25,0.16,True,71.15,0.62,0.47,0.15,2026-06-15,26.55,0,,ATH,5.03,False,False
15-06-2026 06:00,BIGCH,6.74,7.7,6.55,7.7,59955689.0,0.0,0.96,0.03,2809.09,0.96,33626452.4,78.3,0.0,True,48.46,-0.68,-0.74,0.06,2026-06-15,14.75,0,,8.54,5.73,True,True
15-06-2026 06:00,VANGD,82.6,109.0,82.6,102.7,3030223.0,6.3,20.1,3.01,567.77,20.1,1680578.9,80.31,0.31,True,69.01,10.44,10.45,-0.02,2026-06-15,24.33,1,109.0,109.0,38.48,False,False
15-06-2026 06:00,GOODY,2.84,3.39,2.83,3.35,201620325.37,0.04,0.51,0.06,691.67,0.51,73302778.42,175.05,0.09,True,68.14,0.06,0.01,0.05,2026-06-15,19.15,0,,3.59,2.4,False,False
15-06-2026 06:00,MERIT,17.05,18.97,17.0,18.9,30877894.0,0.07,1.85,0.22,722.22,1.85,19638814.8,57.23,0.04,True,58.64,-0.15,-0.37,0.22,2026-06-15,12.77,0,,19.6,14.38,True,False
15-06-2026 06:00,UFUK,1300.0,1688.0,1300.0,1617.0,434235.0,71.0,317.0,2.1,14995.24,317.0,157259.5,176.13,0.22,True,55.47,-13.33,9.14,-22.47,2026-06-15,24.38,0,,2300.0,1216.0,False,False
15-06-2026 06:00,NTHOL,40.0,46.78,39.8,46.74,17636032.0,0.04,6.74,0.66,927.44,6.74,10402790.8,69.53,0.01,True,59.68,-1.46,-1.84,0.38,2026-06-15,19.85,0,,54.2,35.12,True,True
15-06-2026 06:00,PSGYO,3.29,4.0,3.26,4.0,4335186803.0,0.0,0.71,0.15,361.04,0.71,1580548270.2,174.28,0.0,True,70.11,0.24,0.13,0.11,2026-06-15,23.08,0,,4.02,2.02,False,False
15-06-2026 06:00,GLYHO,16.42,18.84,16.21,18.4,55159697.0,0.44,1.98,0.31,547.06,1.98,36629921.2,50.59,0.22,True,73.9,1.05,1.0,0.05,2026-06-15,14.0,0,,ATH,13.47,False,False
15-06-2026 06:00,SELEC,112.0,180.5,108.0,167.6,72036912.0,12.9,55.6,8.27,572.31,55.6,12919633.4,457.58,0.23,True,82.38,11.87,6.54,5.33,2026-06-15,49.38,0,,ATH,75.15,False,False
15-06-2026 06:00,BRMEN,10.98,16.34,10.9,16.34,4748251.0,0.0,5.36,0.54,887.11,5.36,2680363.1,77.15,0.0,True,69.42,0.99,0.43,0.56,2026-06-15,48.82,0,,ATH,6.3,False,False
15-06-2026 06:00,DAGI,7.82,8.75,7.57,8.6,80293977.0,0.15,0.78,0.17,350.87,0.78,45062711.4,78.18,0.19,True,71.92,0.22,-0.03,0.25,2026-06-15,13.46,0,,9.0,5.36,False,False
15-06-2026 06:00,BAKAB,47.12,55.1,46.84,55.1,6984535.0,0.0,7.98,0.31,2457.69,7.98,3454962.9,102.16,0.0,True,71.85,2.9,2.07,0.83,2026-06-15,17.03,0,,ATH,35.16,False,False
15-06-2026 06:00,DGGYO,32.0,42.48,32.0,42.48,1910346.0,0.0,10.48,1.57,568.37,10.48,871595.5,119.18,0.0,True,72.72,1.01,0.07,0.94,2026-06-15,35.29,0,,47.68,26.5,False,False
08-06-2026 06:00,BARMA,60.65,73.35,60.2,73.1,31246571.0,0.25,12.45,2.35,429.56,12.45,13378963.1,133.55,0.02,True,87.68,8.4,7.67,0.74,2026-06-08,20.53,0,,ATH,18.3,False,False
08-06-2026 06:00,ETYAT,11.5,13.17,11.0,13.17,7584933.0,0.0,1.67,0.59,181.3,1.67,4605281.99,64.7,0.0,True,78.26,0.88,0.42,0.46,2026-06-08,17.91,0,,ATH,6.43,False,False
08-06-2026 06:00,GOKNR,24.42,27.28,22.68,26.86,66695847.0,0.42,2.44,0.42,480.95,2.44,41893973.7,59.2,0.17,True,68.61,0.69,0.21,0.48,2026-06-08,10.99,0,,26.94,20.1,False,False
08-06-2026 06:00,GENKM,16.58,22.18,16.5,21.26,400158371.0,0.92,4.68,0.68,591.29,4.68,186814596.6,114.2,0.2,True,79.69,0.55,0.16,0.39,2026-06-08,26.25,0,,ATH,12.47,False,False
08-06-2026 06:00,FADE,16.22,17.7,15.55,17.5,29689171.0,0.2,1.28,0.09,1291.3,1.28,16858372.8,76.11,0.16,True,64.24,0.61,0.38,0.22,2026-06-08,7.3,0,,18.6,13.37,False,False
08-06-2026 06:00,FZLGY,14.48,18.76,14.06,17.95,318068568.0,0.81,3.47,0.22,1442.22,3.47,118308240.2,168.85,0.23,True,63.17,0.65,0.64,0.01,2026-06-08,23.96,0,,20.2,12.35,False,False
01-06-2026 06:00,IHAAS,84.2,106.0,84.2,104.5,16473631.0,1.5,20.3,2.45,726.88,20.3,10412850.6,58.2,0.07,True,73.49,10.96,10.4,0.56,2026-06-01,24.11,1,106.0,106.0,29.04,False,False
01-06-2026 06:00,BRSAN,537.5,637.5,530.5,624.0,22883103.0,13.5,86.5,4.5,1822.22,86.5,11554948.1,98.04,0.16,True,57.81,7.03,12.89,-5.86,2026-06-01,27.61,0,,789.0,427.0,False,False
01-06-2026 06:00,CGCAM,41.48,52.55,41.12,52.55,85475881.0,0.0,11.07,1.65,569.69,11.07,35756978.3,139.05,0.0,True,69.18,2.41,1.5,0.91,2026-06-01,28.3,0,,ATH,31.9,False,False
01-06-2026 06:00,OZGYO,2.16,2.5,2.08,2.48,337307486.0,0.02,0.32,0.04,627.27,0.32,89467233.4,277.02,0.06,True,62.25,0.08,0.05,0.02,2026-06-01,15.89,0,,2.54,1.82,False,False
01-06-2026 06:00,AKENR,12.26,15.47,12.24,15.17,276982024.0,0.3,2.91,0.56,419.64,2.91,102680631.1,169.75,0.1,True,68.24,0.55,0.09,0.46,2026-06-01,23.74,0,,ATH,9.11,False,False
01-06-2026 06:00,KTLEV,37.32,45.48,36.08,43.91,1036942562.75,1.57,6.59,2.11,211.89,6.59,688133395.78,50.69,0.24,True,86.09,8.34,6.6,1.74,2026-06-01,17.67,0,,ATH,ATL,False,False
01-06-2026 06:00,IDGYO,4.23,5.3,4.2,5.26,35378593.0,0.04,1.03,0.14,657.35,1.03,16004206.5,121.06,0.04,True,67.33,0.13,0.07,0.06,2026-06-01,29.88,0,,ATH,3.19,False,False
01-06-2026 06:00,HRKET,96.5,132.0,92.0,124.6,44984318.0,7.4,28.1,5.73,390.4,28.1,9931799.4,352.93,0.26,True,79.41,4.89,0.34,4.56,2026-06-01,41.99,0,,ATH,58.15,False,False
01-06-2026 06:00,KLSYN,11.06,14.1,11.06,13.57,64316941.0,0.53,2.51,0.53,370.04,2.51,38247213.0,68.16,0.21,True,67.13,1.32,1.2,0.12,2026-06-01,23.59,0,,ATH,5.13,False,False
01-06-2026 06:00,SANEL,40.72,58.15,40.7,58.15,5334354.0,0.0,17.43,2.74,535.9,17.43,2142879.7,148.93,0.0,True,72.95,2.88,1.49,1.39,2026-06-01,43.09,0,,ATH,31.0,False,False
18-05-2026 06:00,ICBCT,18.59,23.22,18.33,23.22,28009069.0,0.0,4.63,0.87,432.8,4.63,15706548.6,78.33,0.0,True,84.08,1.22,0.41,0.8,2026-05-18,25.99,0,,ATH,12.31,False,False
18-05-2026 06:00,ACSEL,143.9,166.0,140.6,161.9,4751985.0,4.1,18.0,5.43,231.49,18.0,2724544.7,74.41,0.23,True,78.17,9.15,3.76,5.39,2026-05-18,12.51,0,,ATH,94.05,False,False
18-05-2026 06:00,EUKYO,7.41,9.25,7.41,9.18,9002158.0,0.07,1.77,0.41,326.85,1.77,5362046.83,67.89,0.04,True,72.79,0.76,0.59,0.17,2026-05-18,20.95,0,,ATH,4.4,False,False
18-05-2026 06:00,GEDZA,29.34,36.48,28.8,35.74,25574262.0,0.74,6.4,0.52,1121.37,6.4,7363423.8,247.31,0.12,True,61.43,1.21,0.8,0.41,2026-05-18,21.81,0,,44.0,26.3,False,False
18-05-2026 06:00,AKCNS,191.2,215.0,183.5,213.9,6386272.0,1.1,22.7,0.11,20536.36,22.7,3903221.7,63.62,0.05,True,62.81,12.96,14.35,-1.39,2026-05-18,11.7,2,183.5,221.0,183.5,False,False
11-05-2026 06:00,ONCSM,297.25,372.75,282.0,356.25,7334953.0,16.5,59.0,12.23,382.42,59.0,3725249.0,96.9,0.28,True,69.9,24.06,22.55,1.51,2026-05-11,20.05,0,,376.0,223.0,False,False
11-05-2026 06:00,CRDFA,30.34,38.06,29.78,37.52,29829268.0,0.54,7.18,1.4,413.47,7.18,12843285.0,132.26,0.08,True,80.12,4.64,4.25,0.39,2026-05-11,23.67,0,,ATH,2.05,False,False
11-05-2026 06:00,GEDIK,5.82,6.98,5.78,6.98,82158849.0,0.0,1.16,0.17,586.39,1.16,26342476.0,211.89,0.0,True,63.45,-0.05,-0.16,0.11,2026-05-11,20.76,0,,7.1,4.95,True,False
11-05-2026 06:00,GARFA,30.18,35.9,30.18,35.66,16337388.0,0.24,5.48,1.06,417.96,5.48,6499418.6,151.37,0.04,True,70.37,1.16,0.64,0.52,2026-05-11,18.24,0,,37.72,24.62,False,False
11-05-2026 06:00,KRVGD,3.19,3.46,3.14,3.39,120271554.0,0.07,0.2,0.04,376.19,0.2,58514577.2,105.54,0.35,True,68.21,0.14,0.12,0.02,2026-05-11,7.62,0,,ATH,2.6,False,False
11-05-2026 06:00,OZATD,660.5,966.0,660.5,966.0,15625608.0,0.0,305.5,67.28,354.11,305.5,5504894.9,183.85,0.0,True,96.0,103.87,37.67,66.19,2026-05-11,60.87,0,,ATH,151.0,False,False
11-05-2026 06:00,DUNYH,113.9,138.7,109.7,138.7,8542345.0,0.0,24.8,2.6,853.85,24.8,4063152.6,110.24,0.0,True,64.25,5.47,4.67,0.8,2026-05-11,21.77,0,,145.2,101.5,False,False
11-05-2026 06:00,ORGE,17.34,20.88,17.2,19.9,82609725.0,0.98,2.56,0.66,287.88,2.56,32070320.0,157.59,0.38,True,79.92,0.92,0.32,0.6,2026-05-11,15.03,0,,22.0,12.82,False,False
11-05-2026 06:00,KORDS,65.95,94.55,65.85,91.0,36288668.0,3.55,25.05,4.07,515.48,25.05,10661659.7,240.37,0.14,True,84.45,4.74,1.7,3.05,2026-05-11,39.25,1,94.55,94.55,47.9,False,False
11-05-2026 06:00,ISSEN,8.67,9.57,8.21,9.57,15644127.0,0.0,0.9,0.28,222.58,0.9,9224252.6,69.6,0.0,True,73.58,0.26,0.04,0.22,2026-05-11,10.38,0,,9.82,6.7,False,False
11-05-2026 06:00,SILVR,2.58,2.86,2.55,2.8,32743176.0,0.06,0.22,0.04,411.63,0.22,16171262.2,102.48,0.27,True,55.26,-0.03,-0.04,0.01,2026-05-11,8.53,0,,3.15,2.21,False,False
11-05-2026 06:00,TGSAS,160.0,179.9,158.8,179.9,2255955.0,0.0,19.9,0.2,9850.0,19.9,1177385.5,91.61,0.0,True,56.98,1.25,1.84,-0.59,2026-05-11,12.72,0,,203.9,155.0,True,True
11-05-2026 06:00,BNTAS,6.96,7.6,6.7,7.49,58860541.0,0.11,0.53,0.12,352.99,0.53,28038550.3,109.93,0.21,True,62.21,0.09,-0.01,0.1,2026-05-11,7.61,1,7.6,7.6,5.88,False,False
11-05-2026 06:00,SMRTG,10.0,13.33,9.93,12.44,794212292.0,0.89,2.44,0.5,391.94,2.44,190036135.4,317.93,0.36,True,73.27,0.16,-0.34,0.49,2026-05-11,28.51,1,13.33,13.33,6.27,False,False
04-05-2026 06:00,SURGY,69.8,80.3,68.1,80.3,85300230.0,0.0,10.5,2.01,423.69,10.5,34138125.5,149.87,0.0,True,69.47,5.68,3.67,2.02,2026-05-04,13.18,0,,ATH,39.82,False,False
04-05-2026 06:00,DMRGD,5.62,7.92,5.37,7.88,854983244.0,0.04,2.26,0.45,400.0,2.26,355935307.1,140.21,0.02,True,76.75,0.7,0.4,0.3,2026-05-04,40.97,0,,ATH,2.78,False,False
04-05-2026 06:00,DNISI,4.63,4.91,4.4,4.87,25973797.59,0.04,0.24,0.06,277.22,0.24,16861270.99,54.04,0.17,True,51.31,-0.07,-0.08,0.02,2026-05-04,5.17,0,,5.7,4.38,False,False
04-05-2026 06:00,BIGEN,18.8,24.54,17.02,24.54,164298186.0,0.0,5.74,1.6,257.86,5.74,99315160.0,65.43,0.0,True,86.92,1.79,0.29,1.5,2026-05-04,31.51,0,,ATH,8.3,False,False
04-05-2026 06:00,DOFRB,146.6,189.2,145.0,183.8,122143855.0,5.4,37.2,10.6,251.11,37.2,58987640.0,107.07,0.15,True,79.2,12.43,4.76,7.67,2026-05-04,27.46,0,,ATH,66.8,False,False
04-05-2026 06:00,MPARK,445.0,504.0,435.25,493.75,5677193.0,10.25,48.75,10.0,387.5,48.75,3168572.1,79.17,0.21,True,64.19,23.7,21.98,1.72,2026-05-04,11.02,0,,ATH,304.0,False,False
04-05-2026 06:00,KATMR,2.89,3.21,2.84,3.14,1184353299.0,0.07,0.25,0.04,594.44,0.25,652355839.2,81.55,0.28,True,57.97,0.02,0.01,0.01,2026-05-04,9.41,0,,4.2,2.56,False,False
04-05-2026 06:00,ANGEN,11.0,13.37,10.92,13.37,28262965.0,0.0,2.37,0.34,590.96,2.37,10116352.5,179.38,0.0,True,67.16,0.05,-0.18,0.22,2026-05-04,19.7,0,,14.32,9.8,False,False
04-05-2026 06:00,MIATK,40.76,51.55,39.08,49.6,310862692.0,1.95,8.84,1.42,521.66,8.84,114222337.1,172.16,0.22,True,66.65,1.45,0.66,0.8,2026-05-04,24.12,0,,ATH,34.66,False,False
04-05-2026 06:00,KLYPV,58.35,65.0,57.25,63.15,19422282.0,1.85,4.8,0.92,421.74,4.8,12147312.7,59.89,0.39,True,54.75,0.07,-0.32,0.39,2026-05-04,7.12,0,,74.9,54.55,False,False
04-05-2026 06:00,TATEN,13.0,17.25,12.21,16.85,529543071.0,0.4,3.85,0.86,349.24,3.85,240714841.0,119.99,0.1,True,61.56,0.13,-0.47,0.59,2026-05-04,32.05,0,,23.89,8.16,False,False
04-05-2026 06:00,SKTAS,3.49,4.16,3.41,4.16,189299406.0,0.0,0.67,0.1,605.26,0.67,64538520.3,193.31,0.0,True,58.24,-0.12,-0.14,0.03,2026-05-04,23.08,0,,6.08,2.79,True,True
04-05-2026 06:00,GESAN,50.55,62.85,49.92,61.4,104938564.0,1.45,10.85,2.03,434.22,10.85,38974163.6,169.25,0.13,True,66.95,1.17,0.46,0.71,2026-05-04,23.29,0,,61.55,42.14,False,False
04-05-2026 06:00,FMIZP,298.0,338.5,291.25,327.0,1139516.0,11.5,29.0,4.65,523.66,29.0,491236.9,131.97,0.4,True,56.49,-5.59,-6.7,1.11,2026-05-04,10.66,0,,350.75,269.0,False,False
04-05-2026 06:00,SNPAM,21.5,24.8,21.0,24.7,671517.0,0.1,3.2,0.4,704.02,3.2,300771.7,123.26,0.03,True,57.06,-0.52,-0.58,0.06,2026-05-04,15.42,0,,27.04,20.06,True,True
04-05-2026 06:00,LOGO,143.6,162.9,141.5,162.9,6715510.0,0.0,19.3,3.01,541.2,19.3,4208609.3,59.57,0.0,True,58.47,-2.95,-4.06,1.11,2026-05-04,13.44,0,,180.5,129.0,False,False
04-05-2026 06:00,SAYAS,48.8,59.95,47.84,57.95,18470437.0,2.0,9.15,1.86,391.14,9.15,7166595.5,157.73,0.22,True,69.69,0.87,-0.81,1.68,2026-05-04,18.9,0,,58.9,36.4,False,False
04-05-2026 06:00,SEKFK,6.09,6.95,6.05,6.77,10043969.73,0.18,0.68,0.19,261.76,0.68,5809000.33,72.9,0.26,True,75.22,0.43,0.33,0.1,2026-05-04,11.11,1,6.95,6.95,4.27,False,False
04-05-2026 06:00,EGSER,3.0,3.38,2.98,3.33,33830372.0,0.05,0.33,0.06,432.26,0.33,18317688.5,84.69,0.15,True,58.62,-0.04,-0.08,0.04,2026-05-04,9.18,0,,3.42,2.67,True,False
04-05-2026 06:00,KRSTL,8.9,11.0,8.78,10.64,179015729.0,0.36,1.74,0.25,593.23,1.74,51956842.2,244.55,0.21,True,55.95,-0.15,-0.11,-0.04,2026-05-04,13.68,0,,12.5,7.93,False,False
04-05-2026 06:00,ELITE,30.64,36.0,30.0,35.78,21051724.0,0.22,5.14,0.84,511.9,5.14,8026948.1,162.26,0.04,True,63.73,-0.21,-0.82,0.62,2026-05-04,16.93,0,,36.8,27.02,False,False
04-05-2026 06:00,KZGYO,23.14,29.2,22.86,27.64,28445599.0,1.56,4.5,0.77,481.4,4.5,15655379.3,81.7,0.35,True,63.41,0.1,-0.09,0.19,2026-05-04,19.45,1,29.2,29.2,20.56,False,False
04-05-2026 06:00,PATEK,20.74,28.38,20.0,26.8,334147214.0,1.58,6.06,0.83,627.49,6.06,123928248.2,169.63,0.26,True,61.96,-0.55,-1.33,0.78,2026-05-04,23.62,1,28.38,28.38,16.99,True,False
04-05-2026 06:00,EREGL,35.36,41.3,34.4,41.26,1188756904.0,0.04,5.9,1.12,426.79,5.9,768663578.3,54.65,0.01,True,79.49,2.42,1.36,1.07,2026-05-04,17.48,0,,ATH,23.46,False,False
04-05-2026 06:00,ERBOS,196.7,215.7,194.0,214.8,602701.0,0.9,18.1,5.1,254.9,18.1,338545.9,78.03,0.05,True,63.08,4.73,3.15,1.58,2026-05-04,9.2,0,,219.6,162.9,False,False
04-05-2026 06:00,SDTTR,20.75,26.18,20.35,26.18,212631829.63,0.0,5.44,0.05,10772.73,5.44,123887304.89,71.63,0.0,True,70.49,1.14,0.79,0.35,2026-05-04,31.03,0,,26.36,15.75,False,False
04-05-2026 06:00,SISE,48.08,52.6,45.84,51.8,570101242.0,0.8,3.72,1.31,183.11,3.72,286889212.6,98.72,0.22,True,68.36,2.65,2.14,0.51,2026-05-04,8.23,0,,ATH,32.44,False,False
04-05-2026 06:00,ALFAS,41.6,48.1,40.58,46.44,28586385.0,1.66,4.84,0.78,518.93,4.84,10133065.1,182.11,0.34,True,62.57,-0.68,-1.46,0.79,2026-05-04,12.66,0,,52.65,35.8,False,False
04-05-2026 06:00,BRISA,84.55,95.55,83.2,95.5,2352024.0,0.05,10.95,1.67,557.66,10.95,1157927.8,103.12,0.0,True,60.7,1.13,1.14,-0.01,2026-05-04,13.02,0,,104.0,79.0,False,False
04-05-2026 06:00,CCOLA,75.2,87.5,74.15,86.65,54212442.0,0.85,11.45,2.76,315.61,11.45,24488214.6,121.38,0.07,True,69.64,5.62,4.99,0.63,2026-05-04,15.53,0,,ATH,45.14,False,False
04-05-2026 06:00,ZEDUR,9.38,10.87,9.24,10.87,44243421.0,0.0,1.49,0.32,371.52,1.49,19227846.3,130.1,0.0,True,75.39,0.32,0.1,0.22,2026-05-04,15.52,0,,10.92,7.47,False,False
04-05-2026 06:00,PETUN,12.39,14.81,12.27,14.58,23894784.0,0.23,2.19,0.37,490.3,2.19,14404481.4,65.88,0.11,True,69.77,0.35,0.18,0.17,2026-05-04,18.25,0,,ATH,10.89,False,False
04-05-2026 06:00,PENTA,14.6,15.82,14.38,15.8,37671206.0,0.02,1.2,0.32,270.37,1.2,16968193.8,122.01,0.02,True,63.07,0.03,-0.2,0.23,2026-05-04,10.49,0,,16.75,12.49,True,False
04-05-2026 06:00,YONGA,57.0,62.0,55.0,61.8,160397.0,0.2,4.8,1.68,184.87,4.8,100524.8,59.56,0.04,True,55.76,-1.51,-2.23,0.72,2026-05-04,12.26,0,,66.95,50.8,True,False
04-05-2026 06:00,BVSAN,118.5,150.5,116.4,150.5,12105064.0,0.0,32.0,5.24,510.69,32.0,4618663.8,162.09,0.0,True,71.94,4.04,1.27,2.77,2026-05-04,26.9,0,,155.6,96.1,False,False
04-05-2026 06:00,HUNER,3.21,3.61,3.17,3.52,180747067.0,0.09,0.31,0.05,484.91,0.31,81116825.5,122.82,0.29,True,55.71,-0.06,-0.1,0.04,2026-05-04,10.0,0,,3.72,2.93,True,False
04-05-2026 06:00,PNSUT,12.97,16.0,12.34,15.83,54879991.0,0.17,2.86,0.56,410.71,2.86,16759866.0,227.45,0.06,True,73.52,0.51,0.16,0.34,2026-05-04,24.06,0,,ATH,10.01,False,False
04-05-2026 06:00,OZYSR,11.25,13.31,11.05,12.86,28611461.0,0.45,1.61,0.2,689.02,1.61,16073247.3,78.01,0.28,True,63.7,0.67,0.73,-0.06,2026-05-04,14.31,0,,13.93,7.44,False,False
04-05-2026 06:00,INGRM,431.5,501.0,431.5,494.5,873045.0,6.5,63.0,13.3,373.68,63.0,279523.6,212.33,0.1,True,63.86,4.32,-2.72,7.04,2026-05-04,15.34,0,,512.0,354.75,False,False
04-05-2026 06:00,PAHOL,1.56,1.76,1.51,1.75,3727497280.0,0.01,0.19,0.04,427.78,0.19,2181237546.1,70.89,0.05,True,60.75,0.01,-0.0,0.01,2026-05-04,11.46,0,,1.86,1.41,False,False
04-05-2026 06:00,PRKME,19.2,22.3,18.92,22.0,24260557.0,0.3,2.8,0.41,577.97,2.8,11893448.1,103.98,0.11,True,60.98,0.36,0.17,0.19,2026-05-04,14.7,0,,25.08,15.9,False,False
04-05-2026 06:00,YKSLN,3.27,3.55,3.18,3.48,72790606.0,0.07,0.21,0.04,425.0,0.21,40165594.2,81.23,0.33,True,58.25,-0.01,-0.04,0.02,2026-05-04,6.75,0,,3.76,3.02,False,False
04-05-2026 06:00,RTALB,3.33,4.0,3.22,4.0,363687611.0,0.0,0.67,0.03,1993.75,0.67,152222617.3,138.92,0.0,True,56.61,0.0,0.02,-0.02,2026-05-04,20.48,2,3.22,4.5,3.22,False,False
04-05-2026 06:00,OFSYM,56.75,68.25,55.15,67.8,13092405.0,0.45,11.05,1.06,937.56,11.05,4347984.1,201.11,0.04,True,54.97,-0.26,0.72,-0.98,2026-05-04,19.47,0,,77.4,55.0,False,False
04-05-2026 06:00,DARDL,2.22,2.39,2.19,2.39,205733813.0,0.0,0.17,0.04,286.36,0.17,124575261.0,65.15,0.0,True,57.52,-0.03,-0.05,0.02,2026-05-04,7.66,0,,2.56,1.88,True,False
04-05-2026 06:00,BIZIM,28.04,33.38,27.76,33.38,3787894.0,0.0,5.34,0.78,588.14,5.34,2032452.5,86.37,0.0,True,66.43,0.44,0.24,0.21,2026-05-04,18.96,0,,34.0,25.1,False,False
04-05-2026 06:00,AHSGY,18.5,23.9,17.83,22.46,38418745.0,1.44,3.96,0.48,719.88,3.96,21115625.1,81.94,0.36,True,65.64,1.37,1.73,-0.36,2026-05-04,22.07,0,,26.6,16.25,False,False
04-05-2026 06:00,HEKTS,3.48,4.44,3.32,4.44,1419816249.0,0.0,0.96,0.16,515.38,0.96,881193681.6,61.12,0.0,True,71.54,0.06,-0.07,0.13,2026-05-04,29.45,0,,5.27,2.76,False,False
04-05-2026 06:00,YEOTK,24.17,34.47,23.93,34.47,332076586.18,0.0,10.31,1.85,456.33,10.31,134989102.49,146.0,0.0,True,86.47,2.62,1.43,1.19,2026-05-04,44.44,0,,ATH,14.88,False,False
04-05-2026 06:00,ISDMR,48.6,59.25,48.3,58.25,44497788.0,1.0,9.65,1.84,423.6,9.65,21776458.6,104.34,0.1,True,79.26,3.19,2.0,1.19,2026-05-04,20.3,0,,ATH,34.72,False,False
04-05-2026 06:00,IZINV,68.3,80.3,66.0,80.3,5617754.0,0.0,12.0,2.13,462.06,12.0,2497940.3,124.9,0.0,True,65.34,1.79,0.74,1.05,2026-05-04,17.23,0,,93.3,53.6,False,False
04-05-2026 06:00,DGATE,89.95,113.3,89.55,113.3,10042049.0,0.0,23.35,4.75,391.58,23.35,2917063.9,244.25,0.0,True,73.59,5.56,2.15,3.42,2026-05-04,27.23,0,,ATH,61.05,False,False
04-05-2026 06:00,ULUUN,8.62,9.8,8.54,9.49,95375258.0,0.31,0.87,0.24,270.21,0.87,54500981.5,75.0,0.36,True,71.46,0.39,0.2,0.19,2026-05-04,10.35,0,,ATH,6.36,False,False
04-05-2026 06:00,IZMDC,7.1,8.87,6.96,8.87,105097212.0,0.0,1.77,0.22,693.72,1.77,42082975.9,149.74,0.0,True,68.65,0.22,0.13,0.09,2026-05-04,26.17,0,,9.52,6.08,False,False
27-04-2026 06:00,FENER,2.72,3.18,2.71,3.14,1519491090.0,0.04,0.42,0.05,793.62,0.42,793290377.2,91.54,0.1,True,46.65,-0.27,-0.29,0.03,2026-04-27,11.74,0,,5.52,2.54,True,False
27-04-2026 06:00,EUPWR,41.2,53.0,41.02,52.4,189251726.0,0.6,11.2,1.71,556.51,11.2,69523580.9,172.21,0.05,True,71.16,3.32,2.43,0.89,2026-04-27,29.13,0,,ATH,31.9,False,False
27-04-2026 06:00,TRILC,2.93,3.91,2.87,3.7,576688943.0,0.21,0.77,0.12,516.48,0.77,177169398.72,225.5,0.27,True,68.43,-0.01,-0.12,0.11,2026-04-27,25.47,0,,4.1,2.25,False,False
27-04-2026 06:00,SMRVA,17.36,21.46,16.11,21.46,267408276.0,0.0,4.1,0.92,346.25,4.1,156191420.5,71.21,0.0,True,46.39,-7.16,-8.54,1.38,2026-04-27,23.65,0,,23.21,10.25,False,False
27-04-2026 06:00,ALGYO,4.86,6.33,4.85,6.33,532299365.0,0.0,1.47,0.17,749.71,1.47,228417802.8,133.04,0.0,True,64.13,0.43,0.44,-0.01,2026-04-27,30.25,0,,ATH,4.3,False,False
27-04-2026 06:00,CELHA,10.3,13.18,10.17,13.18,69278420.0,0.0,2.88,0.41,597.34,2.88,20349915.1,240.44,0.0,True,67.59,0.29,0.18,0.11,2026-04-27,28.46,0,,13.38,8.8,False,False
27-04-2026 06:00,SEYKM,4.52,5.64,4.38,5.33,24887107.0,0.31,0.81,0.1,743.75,0.81,10441044.9,138.36,0.38,True,54.35,-0.17,-0.16,-0.01,2026-04-27,17.92,0,,7.95,4.01,False,False
27-04-2026 06:00,RODRG,20.12,28.46,20.06,28.46,5233102.0,0.0,8.34,0.91,818.5,8.34,1969207.4,165.75,0.0,True,72.73,0.23,-0.11,0.34,2026-04-27,41.45,0,,35.36,19.12,True,True
20-04-2026 06:00,ARENA,27.62,37.96,27.24,37.76,43265326.0,0.2,10.14,1.11,813.51,10.14,10819987.7,299.86,0.02,True,68.69,-0.35,-1.28,0.92,2026-04-20,34.28,0,,41.78,23.66,True,False
20-04-2026 06:00,PENGD,11.61,15.07,11.6,15.05,123541999.0,0.02,3.44,0.59,479.12,3.44,81524157.0,51.54,0.01,True,82.62,0.9,0.36,0.53,2026-04-20,29.85,0,,ATH,7.48,False,False
20-04-2026 06:00,PKART,88.55,115.9,86.0,115.9,9590295.0,0.0,27.35,4.46,513.23,27.35,4056630.9,136.41,0.0,True,76.83,4.75,1.57,3.18,2026-04-20,30.89,0,,ATH,67.0,False,False
20-04-2026 06:00,PAMEL,85.9,99.5,84.55,97.3,3439415.0,2.2,11.4,1.06,970.42,11.4,899923.6,282.19,0.19,True,59.48,-1.44,-2.71,1.26,2026-04-20,12.49,0,,138.6,76.1,True,False
20-04-2026 06:00,PRZMA,17.7,25.84,17.2,25.84,15680220.0,0.0,8.14,1.5,444.48,8.14,7148845.9,119.34,0.0,True,78.83,1.53,0.52,1.01,2026-04-20,45.99,0,,ATH,10.75,False,False
20-04-2026 06:00,HOROZ,57.85,75.55,57.1,71.3,29357241.0,4.25,13.45,1.34,900.0,13.45,9141808.6,221.13,0.32,True,64.59,0.2,0.01,0.2,2026-04-20,22.3,0,,72.0,53.2,False,False
20-04-2026 06:00,YAYLA,24.32,27.5,23.22,27.5,12042829.0,0.0,3.18,0.18,1647.25,3.18,6648484.4,81.14,0.0,True,51.23,-1.65,-1.55,-0.11,2026-04-20,13.08,0,,47.28,20.36,True,True
20-04-2026 06:00,GMTAS,38.88,52.15,38.5,51.0,48231301.0,1.15,12.12,2.67,354.27,12.12,17925669.8,169.06,0.09,True,83.84,5.13,3.5,1.63,2026-04-20,30.84,0,,ATH,4.85,False,False
20-04-2026 06:00,TURGG,31.5,38.62,31.5,38.62,17738430.0,0.0,7.12,0.92,672.23,7.12,6746325.2,162.93,0.0,True,69.26,0.97,0.04,0.93,2026-04-20,19.71,0,,53.02,25.54,True,False
20-04-2026 06:00,BINHO,9.74,11.03,9.71,10.78,433841651.0,0.25,1.04,0.15,575.32,1.04,243662378.5,78.05,0.24,True,58.87,-0.04,-0.2,0.16,2026-04-20,9.44,1,11.03,11.03,7.98,False,False
20-04-2026 06:00,KAREL,9.99,11.61,9.83,11.61,75137926.0,0.0,1.62,0.24,580.67,1.62,48054542.9,56.36,0.0,True,68.63,0.21,0.02,0.19,2026-04-20,15.75,0,,ATH,8.06,False,False
20-04-2026 06:00,IHLGM,2.1,2.47,2.09,2.4,389372208.0,0.07,0.3,0.03,867.74,0.3,145279677.0,168.02,0.23,True,57.36,-0.09,-0.13,0.04,2026-04-20,13.21,0,,3.58,1.82,True,False
20-04-2026 06:00,SELVA,2.48,2.95,2.4,2.95,654848045.0,0.0,0.47,0.05,803.85,0.47,413570710.2,58.34,0.0,True,61.66,0.08,0.11,-0.03,2026-04-20,27.71,0,,4.2,1.71,False,False
13-04-2026 06:00,SOKE,15.87,18.07,15.84,18.05,39539924.0,0.02,2.18,0.54,300.74,2.18,24863721.9,59.03,0.01,True,86.9,1.31,0.83,0.48,2026-04-13,13.74,0,,ATH,10.2,False,False
13-04-2026 06:00,HATEK,15.2,16.59,14.92,16.58,30744946.0,0.01,1.38,0.33,315.66,1.38,18726192.8,64.18,0.01,True,51.71,-0.66,-0.88,0.22,2026-04-13,8.51,0,,18.5,13.35,True,False
13-04-2026 06:00,ALCAR,740.0,862.0,730.0,829.0,503393.0,33.0,89.0,2.35,3687.23,89.0,211278.2,138.26,0.37,True,48.07,-43.34,-39.04,-4.29,2026-04-13,9.51,0,,1010.0,809.0,False,False
13-04-2026 06:00,EGPRO,31.1,38.2,30.22,37.9,23460874.0,0.3,6.8,1.43,376.86,6.8,8839367.9,165.41,0.04,True,76.09,1.89,1.03,0.86,2026-04-13,20.7,0,,ATH,24.7,False,False
13-04-2026 06:00,MEGAP,2.4,2.72,2.27,2.72,12916492.0,0.0,0.32,0.04,720.51,0.32,8382717.5,54.08,0.0,True,42.65,-0.34,-0.33,-0.01,2026-04-13,9.68,0,,5.0,2.16,True,True
13-04-2026 06:00,GRNYO,14.5,17.3,14.13,17.15,4200680.0,0.15,2.65,0.09,2945.98,2.65,2391245.7,75.67,0.06,True,56.8,0.52,0.86,-0.34,2026-04-13,16.67,0,,21.7,13.9,False,False
13-04-2026 06:00,IZFAS,51.65,73.5,49.44,72.35,60362725.0,1.15,20.7,1.72,1106.29,20.7,24130811.5,150.15,0.06,True,68.6,2.62,1.75,0.87,2026-04-13,40.62,0,,ATH,45.0,False,False
13-04-2026 06:00,DERIM,36.7,40.62,36.06,40.2,5507038.0,0.42,3.5,0.63,452.05,3.5,2510380.6,119.37,0.12,True,56.96,-0.11,-0.4,0.29,2026-04-13,8.65,0,,46.3,32.12,False,False
13-04-2026 06:00,IZENR,9.55,10.9,9.52,10.6,493463178.0,0.3,1.05,0.18,473.77,1.05,240175900.6,105.46,0.29,True,61.67,0.27,0.28,-0.01,2026-04-13,10.53,0,,11.94,8.54,False,False
13-04-2026 06:00,BORLS,4.38,6.39,4.38,6.39,418749854.0,0.0,2.01,0.35,469.41,2.01,206231826.2,103.05,0.0,True,46.56,-2.85,-3.71,0.86,2026-04-13,60.15,0,,33.16,2.59,True,True
13-04-2026 06:00,MACKO,36.24,42.1,36.0,41.66,19230849.0,0.44,5.42,1.51,259.89,5.42,12225863.9,57.3,0.08,True,61.22,0.09,-1.13,1.22,2026-04-13,13.89,0,,48.1,23.96,False,False
13-04-2026 06:00,OSMEN,7.4,8.37,7.17,8.3,29299622.0,0.07,0.9,0.07,1150.0,0.9,17957772.4,63.16,0.08,True,51.39,-0.35,-0.33,-0.01,2026-04-13,12.47,0,,9.5,6.92,False,False
13-04-2026 06:00,ESEN,3.94,4.3,3.88,4.28,624361731.0,0.02,0.34,0.08,341.56,0.34,283182265.9,120.48,0.06,True,40.75,-1.23,-1.4,0.17,2026-04-13,7.0,0,,16.77,3.47,False,False
13-04-2026 06:00,ETILR,3.96,4.65,3.86,4.53,91895643.0,0.12,0.57,0.08,630.77,0.57,40026273.0,129.59,0.21,True,58.53,-0.07,-0.15,0.07,2026-04-13,14.39,0,,6.54,3.37,True,False
13-04-2026 06:00,SKYLP,269.75,329.25,257.0,329.25,890163.0,0.0,59.5,4.38,1260.0,59.5,540014.2,64.84,0.0,True,65.02,26.99,29.73,-2.74,2026-04-13,22.06,0,,361.0,71.4,False,False
13-04-2026 06:00,IHYAY,1.78,1.94,1.76,1.9,71888426.0,0.04,0.12,0.02,531.58,0.12,43656688.2,64.67,0.33,True,45.09,-0.14,-0.16,0.01,2026-04-13,4.4,0,,3.52,1.63,True,True
13-04-2026 06:00,CLEBI,1858.0,2157.0,1800.0,2157.0,633442.0,0.0,299.0,54.5,448.62,299.0,335467.3,88.82,0.0,True,68.73,58.75,23.44,35.32,2026-04-13,14.73,0,,3285.0,1503.0,False,False
13-04-2026 06:00,EMKEL,21.4,29.44,20.6,29.44,129599694.0,0.0,8.04,0.97,728.01,8.04,74221567.7,74.61,0.0,True,45.5,-8.85,-9.79,0.95,2026-04-13,36.93,0,,82.6,17.84,True,True
13-04-2026 06:00,LUKSK,96.25,108.0,96.25,108.0,1375624.0,0.0,11.75,1.35,773.61,11.75,691983.3,98.79,0.0,True,54.06,-1.76,-0.91,-0.85,2026-04-13,9.09,0,,146.3,89.95,False,False
13-04-2026 06:00,TUREX,7.94,9.39,7.82,9.08,372913018.0,0.31,1.14,0.23,397.82,1.14,155307637.4,140.11,0.27,True,54.04,-0.56,-0.97,0.41,2026-04-13,13.08,0,,50.95,6.49,True,False
13-04-2026 06:00,DGNMO,5.56,8.87,5.36,8.87,96836680.0,0.0,3.31,0.38,773.35,3.31,31523966.2,207.18,0.0,True,73.88,-0.1,-0.43,0.33,2026-04-13,60.4,0,,10.41,3.45,True,False
13-04-2026 06:00,SASA,2.6,3.32,2.57,3.14,31931759700.0,0.18,0.54,0.08,575.0,0.54,13586779739.0,135.02,0.33,True,57.9,-0.14,-0.22,0.08,2026-04-13,19.85,0,,5.66,2.13,True,False
13-04-2026 06:00,MERCN,16.81,21.04,16.52,20.08,71144037.0,0.96,3.27,0.33,896.95,3.27,37706404.0,88.68,0.29,True,51.32,-1.67,-2.19,0.53,2026-04-13,17.5,0,,20.56,15.22,True,True
13-04-2026 06:00,EBEBK,65.0,71.65,63.5,71.0,6724939.0,0.65,6.0,1.42,321.05,6.0,3568454.7,88.46,0.11,True,70.69,2.97,2.55,0.42,2026-04-13,9.23,0,,ATH,57.05,False,False
13-04-2026 06:00,FLAP,11.51,15.01,11.27,15.01,17886356.0,0.0,3.5,0.78,347.57,3.5,7082995.3,152.53,0.0,True,75.09,0.77,0.36,0.41,2026-04-13,28.73,0,,ATH,8.33,False,False
13-04-2026 06:00,KNFRT,11.29,13.37,11.01,12.93,25084520.0,0.44,1.64,0.12,1255.37,1.64,12873018.2,94.86,0.27,True,53.89,-0.61,-0.77,0.16,2026-04-13,14.12,0,,14.6,10.2,True,True
13-04-2026 06:00,KONTR,10.12,13.12,9.66,13.12,1440843711.0,0.0,3.0,0.38,697.87,3.0,415872684.4,246.46,0.0,True,56.59,-1.02,-1.28,0.25,2026-04-13,35.54,0,,20.61,10.26,True,True
13-04-2026 06:00,SANKO,20.8,23.18,19.77,22.82,5328309.0,0.36,2.02,0.12,1583.33,2.02,2782931.5,91.46,0.18,True,57.86,-0.27,-0.35,0.09,2026-04-13,8.67,0,,23.46,18.65,True,True
13-04-2026 06:00,MHRGY,3.53,3.92,3.5,3.88,58898551.0,0.04,0.35,0.04,845.95,0.35,35135416.7,67.63,0.11,True,58.21,-0.04,-0.07,0.03,2026-04-13,9.92,0,,4.0,3.15,True,False
13-04-2026 06:00,KGYO,9.22,11.4,8.98,11.38,99613500.0,0.02,2.16,0.45,380.0,2.16,59472243.1,67.5,0.01,True,83.37,1.25,0.94,0.3,2026-04-13,23.16,0,,ATH,3.16,False,False
13-04-2026 06:00,TEKTU,10.16,12.48,9.4,12.27,234778899.0,0.21,2.11,0.4,423.57,2.11,99423070.8,136.14,0.1,True,53.57,-1.09,-1.46,0.37,2026-04-13,19.94,0,,32.9,7.85,False,False
06-04-2026 06:00,AYCES,955.0,1150.0,901.5,1150.0,1296031.0,0.0,195.0,69.55,180.37,195.0,790548.8,63.94,0.0,True,92.55,121.66,57.88,63.78,2026-04-06,20.29,0,,ATH,392.0,False,False
06-04-2026 06:00,HLGYO,5.12,5.8,4.94,5.75,500638980.0,0.05,0.63,0.07,854.55,0.63,322118336.4,55.42,0.08,True,69.75,0.42,0.35,0.07,2026-04-06,12.97,0,,ATH,3.66,False,False
06-04-2026 06:00,TEHOL,17.35,22.8,17.32,21.56,1155928281.0,1.24,4.21,0.73,475.14,4.21,610437176.0,89.36,0.29,True,53.8,-1.13,-0.84,-0.29,2026-04-06,24.84,0,,42.98,12.79,False,False
06-04-2026 06:00,KTSKR,79.8,105.2,79.7,105.2,17251522.0,0.0,25.4,3.78,572.85,25.4,5454844.4,216.26,0.0,True,68.45,3.52,1.68,1.83,2026-04-06,31.83,0,,ATH,62.2,False,False
06-04-2026 06:00,KAPLM,520.0,617.5,488.75,604.5,2164681.0,13.0,84.5,22.28,279.35,84.5,1238448.6,74.79,0.15,True,71.07,42.0,24.95,17.04,2026-04-06,19.0,0,,ATH,267.0,False,False
06-04-2026 06:00,DMLKT,5.8,6.31,5.79,6.31,96339357.0,0.0,0.51,0.05,985.11,0.51,63083433.4,52.72,0.0,True,62.17,-0.02,-0.06,0.04,2026-04-06,8.79,1,6.31,ATH,5.6,True,True
06-04-2026 06:00,ARMGD,116.1,155.3,115.0,147.6,14066471.0,7.7,31.5,6.64,374.4,31.5,6615140.9,112.64,0.24,True,87.49,17.12,12.62,4.5,2026-04-06,27.13,0,,ATH,66.25,False,False
06-04-2026 06:00,KBORU,21.18,24.68,20.52,24.4,142452856.0,0.28,3.22,1.02,216.31,3.22,85717291.4,66.19,0.09,True,73.11,1.79,1.32,0.47,2026-04-06,17.76,0,,ATH,13.02,False,False
30-03-2026 06:00,ISKPL,14.62,17.64,14.62,17.09,504172743.0,0.55,2.47,0.48,416.74,2.47,222766325.3,126.32,0.22,True,75.11,1.64,1.4,0.24,2026-03-30,17.05,0,,ATH,9.75,False,False
30-03-2026 06:00,ADEL,32.96,48.58,32.96,48.58,65427329.0,0.0,15.62,1.75,790.54,15.62,17216887.3,280.02,0.0,True,70.81,1.48,0.69,0.79,2026-03-30,48.38,0,,ATH,29.58,False,False
30-03-2026 06:00,ENDAE,14.23,17.44,14.07,17.1,45529600.0,0.34,2.87,0.33,759.28,2.87,22367106.4,103.56,0.12,True,58.98,-0.26,-0.46,0.2,2026-03-30,21.88,0,,22.2,12.33,True,True
30-03-2026 06:00,YIGIT,22.5,26.04,22.0,26.04,28026307.0,0.0,3.54,0.26,1272.09,3.54,16866520.6,66.17,0.0,True,55.94,-0.51,-0.58,0.07,2026-03-30,16.67,0,,28.5,21.24,True,True
30-03-2026 06:00,MOGAN,11.5,13.94,11.35,13.64,264760877.0,0.3,2.14,0.56,284.2,2.14,114853168.1,130.52,0.14,True,77.08,0.68,0.25,0.43,2026-03-30,18.4,0,,ATH,8.01,False,False
30-03-2026 06:00,RNPOL,1.94,2.62,1.93,2.57,48920696.0,0.05,0.63,0.07,863.3,0.63,28372837.7,72.42,0.08,True,60.51,0.06,0.07,-0.02,2026-03-30,27.86,0,,2.88,1.76,False,False
30-03-2026 06:00,GWIND,26.6,30.9,26.12,29.8,84128646.0,1.1,3.2,0.38,733.33,3.2,38971634.8,115.87,0.34,True,64.46,0.62,0.27,0.35,2026-03-30,14.35,0,,34.34,22.22,False,False
30-03-2026 06:00,BLCYT,43.88,57.55,43.6,57.55,14563351.0,0.0,13.67,3.19,328.12,13.67,8530227.0,70.73,0.0,True,72.03,5.89,4.72,1.17,2026-03-30,31.15,0,,ATH,13.52,False,False
30-03-2026 06:00,GSDHO,4.21,4.85,4.15,4.76,88876281.0,0.09,0.55,0.01,4900.0,0.55,47848484.6,85.75,0.16,True,52.97,0.01,0.06,-0.05,2026-03-30,13.33,0,,5.48,4.0,False,False
30-03-2026 06:00,MARTI,1.38,1.83,1.34,1.83,1263662164.0,0.0,0.45,0.02,1996.16,0.45,419477865.38,201.25,0.0,True,51.49,-0.14,-0.14,0.0,2026-03-30,33.58,0,,3.06,1.29,True,True
30-03-2026 06:00,AYDEM,27.7,33.2,27.66,31.76,40849664.0,1.44,4.06,0.97,319.42,4.06,25358008.3,61.09,0.35,True,74.13,2.37,1.82,0.55,2026-03-30,16.94,1,33.2,33.2,16.99,False,False
30-03-2026 06:00,AKFYE,19.5,24.82,19.5,24.06,89768297.0,0.76,4.56,0.63,618.11,4.56,56355887.6,59.29,0.17,True,67.55,1.1,0.61,0.49,2026-03-30,23.89,0,,ATH,16.61,False,False
30-03-2026 06:00,MOBTL,11.4,13.2,11.22,12.88,83064378.0,0.32,1.48,0.39,277.55,1.48,54690325.8,51.88,0.22,True,71.95,0.99,0.84,0.15,2026-03-30,12.98,0,,ATH,9.01,False,False
23-03-2026 06:00,ULAS,33.14,37.4,31.02,37.4,3672142.0,0.0,4.26,1.0,325.15,4.26,2118199.2,73.36,0.0,True,64.09,1.77,1.36,0.4,2026-03-23,12.04,0,,43.66,26.84,False,False
23-03-2026 06:00,SANFM,6.95,7.9,6.8,7.68,88386840.0,0.22,0.73,0.11,588.68,0.73,55303159.0,59.82,0.3,True,51.32,-0.25,-0.37,0.12,2026-03-23,10.19,0,,8.4,6.63,False,False
23-03-2026 06:00,RALYH,138.1,213.0,133.7,213.0,20106436.0,0.0,74.9,2.55,2837.25,74.9,9514804.9,111.32,0.0,True,61.64,-0.01,5.12,-5.13,2026-03-23,52.69,2,133.7,236.2,133.7,False,False
23-03-2026 06:00,A1YEN,2.65,2.99,2.59,2.97,259371005.92,0.02,0.32,0.02,1164.71,0.32,136776117.91,89.63,0.06,True,57.74,0.02,0.03,-0.0,2026-03-23,11.12,0,,3.21,2.43,False,False
23-03-2026 06:00,ZRGYO,20.5,23.0,19.97,22.86,11771806.0,0.14,2.36,0.02,13011.11,2.36,7251609.7,62.33,0.06,True,51.07,-0.24,-0.03,-0.21,2026-03-23,11.73,0,,25.86,21.6,False,False
23-03-2026 06:00,BYDNR,34.4,44.4,33.62,42.3,3434646.0,2.1,7.9,1.32,498.48,7.9,1921448.9,78.75,0.27,True,71.38,3.62,3.07,0.55,2026-03-23,26.72,0,,ATH,19.5,False,False
23-03-2026 06:00,GUNDG,583.0,897.5,583.0,870.0,11157104.0,27.5,287.0,76.4,275.68,287.0,5521672.7,102.06,0.1,True,89.24,150.64,93.41,57.23,2026-03-23,34.36,0,,ATH,79.55,False,False
23-03-2026 06:00,AKMGY,224.9,292.25,223.3,275.5,518694.0,16.75,50.6,10.07,402.48,50.6,157831.8,228.64,0.33,True,74.39,5.9,0.9,5.0,2026-03-23,24.49,0,,ATH,188.0,False,False
23-03-2026 06:00,DESA,12.26,13.59,11.83,13.34,16312451.0,0.25,1.08,0.19,474.47,1.08,8798013.3,85.41,0.23,True,57.58,-0.02,-0.08,0.06,2026-03-23,8.9,0,,16.91,11.02,False,False
23-03-2026 06:00,DCTTR,8.4,10.63,8.0,10.22,145585483.0,0.41,1.82,0.29,529.76,1.82,65260477.2,123.08,0.23,True,57.41,-0.44,-0.67,0.23,2026-03-23,21.38,0,,10.37,7.26,True,False
16-03-2026 06:00,MAALT,990.0,1231.0,988.0,1166.0,485180.0,65.0,176.0,33.1,431.72,176.0,311856.9,55.58,0.37,True,63.6,5.61,-4.47,10.09,2026-03-16,17.78,0,,1373.0,861.0,False,False
16-03-2026 06:00,YGGYO,184.0,218.6,179.9,214.0,1891288.0,4.6,30.0,7.87,281.19,30.0,1135628.2,66.54,0.15,True,80.91,17.77,12.59,5.18,2026-03-16,16.3,0,,ATH,118.6,False,False
16-03-2026 06:00,REEDR,6.24,8.93,6.23,8.93,422342771.0,0.0,2.69,0.26,946.69,2.69,143907284.6,193.48,0.0,True,57.29,-0.72,-0.91,0.19,2026-03-16,46.15,0,,12.42,5.69,True,True
16-03-2026 06:00,MARKA,22.12,35.42,21.8,35.42,9862955.0,0.0,13.3,0.39,3310.26,13.3,5555728.8,77.53,0.0,True,46.02,-3.9,-3.69,-0.2,2026-03-16,46.36,2,21.8,61.05,21.8,True,True
09-03-2026 06:00,PAGYO,90.15,106.0,86.45,104.2,1043870.0,1.8,14.05,2.63,434.22,14.05,608389.8,71.58,0.13,True,67.48,4.1,3.11,1.0,2026-03-09,15.59,0,,106.0,77.1,False,False
09-03-2026 06:00,GSDDE,9.26,10.73,9.11,10.54,20234477.0,0.19,1.28,0.07,1653.42,1.28,10640220.1,90.17,0.15,True,55.67,0.12,0.16,-0.03,2026-03-09,13.82,2,9.11,11.29,9.11,False,False
09-03-2026 06:00,KRDMB,38.5,47.74,37.5,47.1,24115588.0,0.64,8.6,2.49,245.66,8.6,14571099.6,65.5,0.07,True,82.71,3.92,1.98,1.94,2026-03-09,20.77,0,,ATH,21.4,False,False
09-03-2026 06:00,ERSU,18.75,22.6,18.51,21.88,5893211.0,0.72,3.13,0.53,488.35,3.13,3377412.3,74.49,0.23,True,66.07,0.39,0.25,0.15,2026-03-09,16.69,0,,25.34,17.0,False,False
09-03-2026 06:00,KIMMR,15.35,20.4,15.28,20.4,24526937.0,0.0,5.05,0.73,588.01,5.05,9380306.7,161.47,0.0,True,68.36,1.04,0.69,0.34,2026-03-09,31.19,0,,ATH,11.85,False,False
09-03-2026 06:00,KMPUR,12.8,16.59,12.8,15.6,27649716.0,0.99,2.8,0.15,1791.89,2.8,13083243.7,111.34,0.35,True,49.2,-0.43,-0.31,-0.12,2026-03-09,17.29,2,12.8,20.18,12.8,False,False
09-03-2026 06:00,KONKA,14.37,17.6,13.7,16.93,26104594.0,0.67,2.56,0.05,5346.81,2.56,15080027.4,73.11,0.26,True,61.0,0.39,0.42,-0.03,2026-03-09,17.0,0,,18.5,13.0,False,False
09-03-2026 06:00,HURGZ,5.14,6.58,5.14,6.58,52226535.0,0.0,1.44,0.16,772.73,1.44,24577753.3,112.5,0.0,True,57.56,-0.18,-0.24,0.06,2026-03-09,25.33,0,,8.87,4.94,True,True
09-03-2026 06:00,PINSU,9.8,11.7,9.8,11.19,56524905.0,0.51,1.39,0.07,1804.11,1.39,27438158.7,106.01,0.37,True,49.86,-0.06,0.3,-0.36,2026-03-09,14.77,0,,15.66,9.01,False,False
02-03-2026 06:00,KLNMA,9.98,12.52,9.98,12.46,3025267.0,0.06,2.48,0.3,729.43,2.48,1836480.0,64.73,0.02,True,61.38,-0.02,-0.08,0.06,2026-03-02,12.45,0,,15.75,9.05,False,False
02-03-2026 06:00,VERUS,218.6,342.25,216.8,331.75,2128307.0,10.5,113.15,3.2,3441.47,113.15,1209429.9,75.98,0.09,True,56.29,-5.1,-6.97,1.87,2026-03-02,37.77,2,216.8,376.25,216.8,False,False
02-03-2026 06:00,TKNSA,20.5,26.22,20.5,25.76,41965713.0,0.46,5.26,0.42,1140.57,5.26,17618570.0,138.19,0.09,True,54.76,-0.21,-0.33,0.12,2026-03-02,13.98,0,,29.76,18.75,False,False
02-03-2026 06:00,FONET,3.37,5.02,3.34,4.64,1053539374.0,0.38,1.27,0.2,519.51,1.27,339581137.8,210.25,0.3,True,77.64,0.3,0.18,0.12,2026-03-02,27.12,0,,ATH,2.65,False,False
02-03-2026 06:00,TUPRS,218.5,263.75,218.5,258.0,253779056.0,5.75,39.5,7.74,410.34,39.5,136177723.1,86.36,0.15,True,72.45,16.49,14.02,2.47,2026-03-02,18.08,0,,ATH,182.4,False,False
02-03-2026 06:00,BIOEN,14.67,16.99,14.67,16.99,37378815.0,0.0,2.32,0.08,2629.41,2.32,22504244.5,66.1,0.0,True,40.85,-1.18,-0.97,-0.21,2026-03-02,4.23,2,14.67,27.96,14.67,False,False
02-03-2026 06:00,INVES,208.6,335.0,208.6,335.0,2780858.0,0.0,126.4,5.01,2422.95,126.4,1074457.9,158.81,0.0,True,54.27,-18.74,-19.46,0.71,2026-03-02,44.71,2,208.6,374.25,208.6,False,False
23-02-2026 06:00,BAGFS,28.02,34.88,27.76,34.2,24517890.0,0.68,6.18,0.71,767.98,6.18,9058272.0,170.67,0.11,True,60.69,-0.18,-0.66,0.48,2026-02-23,22.58,0,,41.16,24.86,False,False
23-02-2026 06:00,MANAS,12.8,17.98,12.2,17.98,559639734.0,0.0,5.18,0.92,462.09,5.18,243216406.88,130.1,0.0,True,84.11,2.35,1.56,0.79,2026-02-23,54.47,0,,ATH,3.31,False,False
16-02-2026 06:00,KAYSE,5.05,6.39,5.05,6.13,573553358.0,0.26,1.08,0.19,458.25,1.08,157753585.54,263.58,0.24,True,75.45,0.24,0.09,0.15,2026-02-16,21.63,1,6.39,6.39,4.04,False,False
16-02-2026 06:00,ODINE,396.0,532.5,386.75,530.0,5607327.0,2.5,134.0,24.72,441.96,134.0,2581770.6,117.19,0.02,True,88.17,69.5,53.02,16.48,2026-02-16,33.84,0,,ATH,69.0,False,False
16-02-2026 06:00,OZRDN,21.24,27.5,20.84,27.5,9059204.0,0.0,6.26,1.25,399.6,6.26,3991318.5,126.97,0.0,True,81.81,3.03,1.9,1.12,2026-02-16,31.83,0,,ATH,6.99,False,False
09-02-2026 06:00,DURKN,17.22,21.92,17.22,21.92,45530534.0,0.0,4.7,0.73,547.38,4.7,22908577.8,98.75,0.0,True,73.36,0.84,0.19,0.65,2026-02-09,26.63,0,,ATH,13.64,False,False
09-02-2026 06:00,ICUGS,2.63,3.01,2.61,2.97,178712869.0,0.04,0.34,0.01,3300.0,0.34,107213787.5,66.69,0.12,True,51.23,-0.12,-0.13,0.01,2026-02-09,13.36,0,,4.38,2.53,False,False
09-02-2026 06:00,PETKM,17.91,19.31,17.91,19.16,415196779.0,0.15,1.25,0.16,657.58,1.25,264633197.3,56.9,0.12,True,59.93,0.13,-0.06,0.19,2026-02-09,8.19,0,,22.1,16.12,False,False
09-02-2026 06:00,HEDEF,40.78,55.27,40.42,54.26,94740785.88,1.01,13.48,1.76,664.55,13.48,54715908.76,73.15,0.07,True,68.92,5.45,5.24,0.21,2026-02-09,32.33,0,,63.03,24.8,False,False
09-02-2026 06:00,TMSN,109.0,122.4,109.0,119.1,7548741.0,3.3,10.1,1.31,670.99,10.1,4775613.3,58.07,0.33,True,59.33,0.27,-1.04,1.31,2026-02-09,10.28,1,122.4,122.4,97.6,False,False
09-02-2026 06:00,CONSE,3.37,3.85,3.31,3.81,113898253.0,0.04,0.44,0.05,762.75,0.44,60768865.7,87.43,0.09,True,67.32,0.04,-0.0,0.04,2026-02-09,15.45,0,,4.03,2.89,False,False
09-02-2026 06:00,KLSER,28.32,30.2,28.32,29.98,10931307.0,0.22,1.66,0.2,738.38,1.66,7123038.1,53.46,0.13,True,53.8,-0.53,-0.73,0.2,2026-02-09,5.94,0,,36.96,26.48,True,True
09-02-2026 06:00,SEGYO,4.83,6.12,4.83,6.12,202808849.0,0.0,1.29,0.05,2245.45,1.29,93127537.4,117.78,0.0,True,61.84,0.11,0.13,-0.02,2026-02-09,26.71,0,,6.95,4.07,False,False
09-02-2026 06:00,OYYAT,50.05,58.0,49.68,55.95,2731651.0,2.05,5.9,1.16,408.62,5.9,1696806.1,60.99,0.35,True,70.55,2.24,1.54,0.7,2026-02-09,12.62,0,,62.8,37.7,False,False
09-02-2026 06:00,NIBAS,3.61,5.35,3.6,5.03,179896397.0,0.32,1.42,0.11,1190.91,1.42,80535149.71,123.38,0.23,True,66.47,0.08,0.03,0.04,2026-02-09,39.72,0,,5.76,3.31,False,False
09-02-2026 06:00,KFEIN,9.24,10.86,9.24,10.7,73849395.0,0.16,1.46,0.19,672.49,1.46,27595087.9,167.62,0.11,True,62.58,-0.1,-0.25,0.15,2026-02-09,15.8,1,10.86,10.86,8.27,True,False
09-02-2026 06:00,SMART,22.9,31.76,22.9,31.76,11444590.0,0.0,8.86,0.79,1027.23,8.86,6914661.2,65.51,0.0,True,70.1,-0.07,-0.7,0.62,2026-02-09,39.3,0,,37.4,21.6,False,False
09-02-2026 06:00,VAKBN,36.78,42.84,36.24,41.32,350878424.0,1.52,4.54,0.95,379.92,4.54,227098581.4,54.5,0.33,True,78.74,2.99,1.88,1.1,2026-02-09,13.27,0,,ATH,21.38,False,False
09-02-2026 06:00,GEREL,18.22,28.2,18.03,27.5,136549073.0,0.7,9.28,0.74,1154.05,9.28,39228609.0,248.09,0.08,True,70.4,0.97,0.75,0.23,2026-02-09,53.89,0,,ATH,16.32,False,False
09-02-2026 06:00,DIRIT,24.7,30.9,24.7,30.9,884654.0,0.0,6.2,0.57,983.92,6.2,449927.0,96.62,0.0,True,58.98,0.01,-0.07,0.09,2026-02-09,23.7,0,,40.08,22.5,False,False
09-02-2026 06:00,BESLR,14.08,15.63,14.08,15.44,25566908.0,0.19,1.36,0.26,417.11,1.36,16346233.8,56.41,0.14,True,60.47,0.02,-0.29,0.31,2026-02-09,10.29,0,,17.8,12.04,False,False
09-02-2026 06:00,OZKGY,14.77,15.98,14.6,15.91,35681768.0,0.07,1.14,0.06,1800.0,1.14,19153763.3,86.29,0.06,True,62.19,0.61,0.62,-0.0,2026-02-09,8.08,0,,16.0,13.8,False,False
02-02-2026 06:00,TEZOL,12.79,13.88,12.59,13.71,29014466.0,0.17,0.92,0.15,505.26,0.92,16843308.7,72.26,0.18,True,51.84,-0.73,-0.97,0.25,2026-02-02,7.11,0,,21.86,11.58,True,False
02-02-2026 06:00,THYAO,300.25,324.5,298.0,322.5,378930590.0,2.0,22.25,5.05,340.59,22.25,229542418.5,65.08,0.09,True,63.82,0.66,-3.73,4.39,2026-02-02,6.09,0,,346.25,262.75,False,False
02-02-2026 06:00,AYES,18.16,22.14,18.03,22.14,881555.0,0.0,3.98,0.61,549.27,3.98,538548.9,63.69,0.0,True,75.33,1.44,1.13,0.31,2026-02-02,18.71,0,,ATH,13.66,False,False
02-02-2026 06:00,DEVA,66.85,76.0,65.65,75.05,6728397.0,0.95,8.2,1.41,481.56,8.2,3195245.4,110.58,0.12,True,68.6,0.93,0.17,0.76,2026-02-02,12.27,0,,81.3,59.2,False,False
02-02-2026 06:00,BURVA,580.0,899.0,580.0,818.5,875482.0,80.5,238.5,48.18,395.07,238.5,477018.7,83.53,0.34,True,75.52,140.43,111.57,28.86,2026-02-02,42.22,0,,ATH,89.5,False,False
02-02-2026 06:00,ARCLK,113.5,124.1,111.1,123.0,39096251.0,1.1,9.5,1.2,691.67,9.5,20283766.1,92.75,0.12,True,57.44,-1.88,-3.72,1.84,2026-02-02,7.89,0,,147.5,99.65,True,False
02-02-2026 06:00,HUBVC,3.04,3.67,3.01,3.63,41386586.0,0.04,0.59,0.11,422.12,0.59,24427631.3,69.43,0.07,True,65.26,0.15,0.12,0.02,2026-02-02,17.48,0,,4.07,2.38,False,False
02-02-2026 06:00,FORMT,2.96,3.8,2.96,3.71,1366412264.0,0.09,0.75,0.01,12400.0,0.75,335644089.5,307.1,0.12,True,54.46,-0.16,-0.12,-0.04,2026-02-02,26.62,0,,4.61,2.66,False,False
02-02-2026 06:00,EUYO,5.12,6.13,5.08,5.95,11789576.08,0.18,0.83,0.2,323.47,0.83,5642139.2,108.96,0.22,True,70.78,0.31,0.21,0.1,2026-02-02,14.43,0,,ATH,4.1,False,False
26-01-2026 06:00,ALBRK,8.44,9.3,8.37,9.24,219868709.0,0.06,0.8,0.12,561.16,0.8,101370430.7,116.9,0.08,True,66.42,0.21,0.15,0.06,2026-01-26,9.48,0,,9.52,7.42,False,False
26-01-2026 06:00,AYGAZ,218.1,239.8,217.4,239.8,3336254.0,0.0,21.7,2.23,873.09,21.7,1843718.9,80.95,0.0,True,73.09,14.88,13.95,0.93,2026-01-26,9.95,0,,ATH,119.9,False,False
26-01-2026 06:00,MEPET,19.57,24.78,18.91,24.1,5505041.0,0.68,4.53,0.87,418.31,4.53,2884553.6,90.85,0.15,True,75.37,1.96,1.44,0.51,2026-01-26,13.68,0,,ATH,13.7,False,False
26-01-2026 06:00,GARAN,149.4,162.0,146.3,161.3,263800223.0,0.7,11.9,2.71,339.11,11.9,171599219.9,53.73,0.06,True,66.24,5.4,3.65,1.76,2026-01-26,6.61,0,,ATH,115.4,False,False
26-01-2026 06:00,TARKM,360.0,440.25,352.75,440.25,2463721.0,0.0,80.25,9.05,786.74,80.25,1068972.5,130.48,0.0,True,65.41,-2.2,-6.96,4.76,2026-01-26,21.95,0,,508.0,322.0,False,False
26-01-2026 06:00,SKBNK,7.95,9.16,7.94,9.14,362665747.0,0.02,1.19,0.08,1465.79,1.19,206818325.0,75.35,0.02,True,67.4,0.49,0.5,-0.01,2026-01-26,14.97,0,,ATH,7.37,False,False
26-01-2026 06:00,XU100,12929.33,13906.51,12886.22,13838.29,53612505120.0,68.22,908.96,265.4,242.48,908.96,30985620404.1,73.02,0.08,True,78.93,646.73,403.62,243.11,2026-01-26,6.51,0,,ATH,10053.74,False,False
26-01-2026 06:00,XU030,14126.98,15310.42,14079.76,15127.98,33730439327.0,182.44,1001.0,294.49,239.91,1001.0,17781385506.6,89.7,0.18,True,77.57,680.9,401.49,279.42,2026-01-26,6.53,0,,ATH,10899.61,False,False
26-01-2026 06:00,ISFIN,19.11,21.96,19.07,21.58,25716894.0,0.38,2.47,0.16,1443.75,2.47,12841114.3,100.27,0.15,True,67.86,0.98,1.0,-0.02,2026-01-26,12.93,0,,ATH,16.35,False,False
26-01-2026 06:00,CVKMD,12.75,16.34,12.65,15.55,767496030.76,0.79,2.8,0.92,204.46,2.8,391617604.03,95.98,0.28,True,87.5,1.92,1.29,0.63,2026-01-26,21.97,0,,ATH,3.26,False,False
26-01-2026 06:00,SAHOL,96.4,110.8,95.65,109.5,275175805.0,1.3,13.1,2.82,365.36,13.1,180078169.8,52.81,0.1,True,71.53,3.06,0.39,2.67,2026-01-26,12.42,0,,109.9,73.9,False,False
26-01-2026 06:00,YATAS,43.4,48.84,43.24,48.06,9658121.0,0.78,4.66,1.22,281.34,4.66,6334072.3,52.48,0.17,True,80.44,3.4,2.6,0.8,2026-01-26,10.74,0,,ATH,30.48,False,False
26-01-2026 06:00,CEMAS,4.4,5.95,4.34,5.82,442256272.0,0.13,1.42,0.05,2529.63,1.42,160984240.0,174.72,0.09,True,53.15,-0.6,-0.61,0.01,2026-01-26,32.27,0,,12.27,3.95,True,True
26-01-2026 06:00,AKSA,10.2,11.08,10.14,11.08,180605587.0,0.0,0.88,0.05,1625.49,0.88,86421190.9,108.98,0.0,True,56.65,-0.08,-0.05,-0.03,2026-01-26,8.63,0,,12.65,9.69,False,False
26-01-2026 06:00,ATLAS,6.32,8.87,6.22,8.87,12109125.0,0.0,2.55,0.28,807.47,2.55,4675972.9,158.96,0.0,True,76.25,0.29,0.13,0.17,2026-01-26,42.15,0,,ATH,5.49,False,False
26-01-2026 06:00,ENKAI,84.0,98.2,82.35,97.85,107678738.0,0.35,13.85,1.86,644.62,13.85,57557803.3,87.08,0.03,True,80.2,5.15,4.0,1.15,2026-01-26,16.35,0,,ATH,46.52,False,False
26-01-2026 06:00,TSKB,13.15,14.24,12.96,14.06,294486574.0,0.18,0.91,0.15,494.77,0.91,153959108.9,91.28,0.2,True,58.4,0.18,0.1,0.08,2026-01-26,6.35,0,,14.73,11.24,False,False
26-01-2026 06:00,EUHOL,12.0,15.0,12.0,14.5,7506861.0,0.5,2.5,0.27,812.41,2.5,3601393.3,108.44,0.2,True,65.58,0.28,0.02,0.27,2026-01-26,22.88,0,,15.86,9.9,False,False
19-01-2026 06:00,AYEN,26.18,28.5,25.52,28.26,6163439.0,0.24,2.08,0.2,929.7,2.08,3138479.2,96.38,0.12,True,58.25,-0.21,-0.29,0.08,2026-01-19,9.2,0,,32.66,24.1,False,False
19-01-2026 06:00,ISMEN,42.82,45.74,42.12,45.66,50879691.0,0.08,2.84,0.49,484.36,2.84,32858848.3,54.84,0.03,True,60.93,0.49,0.29,0.19,2026-01-19,6.88,0,,46.8,38.16,False,False
19-01-2026 06:00,MERKO,1.94,2.2,1.92,2.13,394504781.97,0.07,0.19,0.02,772.61,0.19,174321299.41,126.31,0.38,True,60.54,-0.01,-0.03,0.03,2026-01-19,9.7,0,,2.28,1.65,False,False
19-01-2026 06:00,INTEM,291.0,337.0,285.75,337.0,898965.0,0.0,46.0,7.55,509.27,46.0,492585.5,82.5,0.0,True,68.14,17.71,16.3,1.41,2026-01-19,16.21,0,,342.0,162.7,False,False
19-01-2026 06:00,AGYO,7.27,7.89,7.26,7.72,3825798.0,0.17,0.45,0.02,2268.42,0.45,2053839.7,86.28,0.38,True,59.41,0.04,0.04,-0.01,2026-01-19,6.19,0,,8.4,6.9,False,False
19-01-2026 06:00,KLKIM,37.64,41.7,36.86,41.26,20922544.0,0.44,3.62,0.91,296.06,3.62,10793626.5,93.84,0.12,True,70.61,1.46,0.74,0.73,2026-01-19,10.62,0,,ATH,29.98,False,False
19-01-2026 06:00,LMKDC,30.28,32.9,30.26,32.34,48647168.0,0.56,2.06,0.32,535.8,2.06,20300293.3,139.64,0.27,True,64.65,0.53,0.08,0.45,2026-01-19,8.6,0,,35.18,23.84,False,False
19-01-2026 06:00,EPLAS,6.08,7.78,5.84,7.63,128352623.0,0.15,1.55,0.13,1101.55,1.55,31518446.0,307.23,0.1,True,67.98,-0.02,-0.09,0.06,2026-01-19,37.73,1,7.78,7.78,4.91,False,False
19-01-2026 06:00,BORSK,6.09,7.1,6.09,6.96,159804085.0,0.14,0.87,0.08,1060.0,0.87,71692781.7,122.9,0.16,True,65.3,0.18,0.12,0.06,2026-01-19,14.47,0,,ATH,5.35,False,False
19-01-2026 06:00,INDES,7.74,8.34,7.62,8.2,55412335.0,0.14,0.46,0.04,1021.95,0.46,33507223.6,65.37,0.3,True,58.38,0.03,0.03,0.01,2026-01-19,7.33,0,,8.87,6.96,False,False
19-01-2026 06:00,BRKSN,7.7,8.46,7.7,8.25,4754087.0,0.21,0.55,0.08,623.68,0.55,2968778.1,60.14,0.38,True,53.99,-0.08,-0.07,-0.01,2026-01-19,5.77,0,,11.39,6.85,False,False
19-01-2026 06:00,GLRMK,185.6,203.5,176.1,198.6,12214332.0,4.9,13.0,2.13,510.33,13.0,6090834.7,100.54,0.38,True,62.97,5.66,5.28,0.38,2026-01-19,7.41,1,203.5,203.5,160.8,False,False
19-01-2026 06:00,SARKY,28.72,35.28,28.52,35.28,303686094.0,0.0,6.56,2.23,194.7,6.56,70187883.2,332.68,0.0,True,92.41,3.94,2.04,1.9,2026-01-19,10.6,0,,ATH,10.28,False,False
19-01-2026 06:00,GOZDE,23.5,25.16,23.1,25.16,17493260.0,0.0,1.66,0.3,449.67,1.66,8628291.3,102.74,0.0,True,67.1,0.7,0.44,0.26,2026-01-19,7.61,0,,28.34,19.15,False,False
19-01-2026 06:00,ALCTL,109.7,126.8,109.2,126.3,5709345.0,0.5,16.6,1.17,1318.8,16.6,2392376.6,138.65,0.03,True,61.17,-0.2,-1.06,0.86,2026-01-19,15.24,0,,136.0,102.4,False,False
12-01-2026 06:00,ASTOR,131.3,157.7,130.7,154.7,211391553.0,3.0,23.4,5.21,348.71,23.4,135231717.2,56.32,0.13,True,77.89,7.21,1.94,5.27,2026-01-12,20.11,0,,ATH,88.2,False,False
12-01-2026 06:00,KOTON,16.02,17.59,15.9,17.59,25858674.0,0.0,1.57,0.04,3729.27,1.57,13546348.6,90.89,0.0,True,57.71,-0.19,-0.21,0.03,2026-01-12,9.94,0,,21.14,14.35,False,False
12-01-2026 06:00,AVPGY,54.2,59.6,53.65,58.1,9113843.0,1.5,3.9,0.09,4005.26,3.9,4447121.5,104.94,0.38,True,51.75,-1.61,-1.45,-0.17,2026-01-12,8.29,1,59.6,59.6,50.5,False,False
12-01-2026 06:00,AKGRT,7.15,8.03,7.08,8.01,119482082.0,0.02,0.86,0.08,961.73,0.86,60143580.6,98.66,0.02,True,66.8,0.22,0.12,0.1,2026-01-12,12.98,0,,8.44,5.92,False,False
12-01-2026 06:00,ESCAR,25.6,29.5,25.32,28.5,49899255.0,1.0,2.9,0.86,237.6,2.9,27795515.2,79.52,0.34,True,49.34,-4.15,-6.19,2.05,2026-01-12,10.89,1,29.5,29.5,18.46,True,False
12-01-2026 06:00,SEGMN,19.6,28.94,19.2,28.94,38802011.0,0.0,9.34,0.78,1094.37,9.34,13445264.6,188.59,0.0,True,69.66,-0.33,-0.83,0.5,2026-01-12,47.5,0,,ATH,17.58,False,False
12-01-2026 06:00,TABGD,226.9,258.0,224.3,257.75,6039686.0,0.25,30.85,2.1,1365.56,30.85,3483826.1,73.36,0.01,True,64.69,8.92,9.58,-0.67,2026-01-12,13.55,0,,ATH,207.4,False,False
12-01-2026 06:00,BSOKE,17.74,27.62,17.61,26.98,222261675.0,0.64,9.24,1.1,743.07,9.24,79059818.6,181.13,0.07,True,82.07,1.22,0.42,0.8,2026-01-12,52.52,0,,ATH,14.31,False,False
12-01-2026 06:00,ATATP,131.9,169.9,130.0,165.1,15176296.0,4.8,33.2,1.31,2434.35,33.2,8092954.4,87.52,0.14,True,63.12,9.47,10.78,-1.32,2026-01-12,25.36,0,,180.6,129.5,False,False
12-01-2026 06:00,VKFYO,35.68,50.85,35.68,50.2,5891362.0,0.65,14.52,2.74,429.93,14.52,2752564.6,114.03,0.04,True,77.5,5.84,3.66,2.18,2026-01-12,31.34,0,,ATH,15.62,False,False
12-01-2026 06:00,YYLGD,10.59,12.7,10.55,12.31,89177213.0,0.39,1.72,0.08,2105.13,1.72,27566376.3,223.5,0.23,True,64.46,0.14,0.06,0.08,2026-01-12,17.02,0,,ATH,9.47,False,False
12-01-2026 06:00,ALVES,2.61,3.16,2.59,3.01,542276810.0,0.15,0.4,0.02,2213.95,0.4,304050493.0,78.35,0.37,True,55.35,-0.1,-0.12,0.03,2026-01-12,15.31,0,,4.23,2.35,True,True
12-01-2026 06:00,ULKER,115.2,136.1,115.0,135.7,51897310.0,0.4,20.5,2.24,815.18,20.5,27635693.2,87.79,0.02,True,68.1,2.42,0.48,1.94,2026-01-12,18.41,0,,141.8,106.3,False,False
12-01-2026 06:00,LIDFA,2.33,2.86,2.31,2.72,206441986.35,0.14,0.39,0.05,608.64,0.39,102853161.76,100.72,0.36,True,71.2,0.13,0.1,0.03,2026-01-12,16.57,0,,ATH,1.84,False,False
12-01-2026 06:00,FROTO,98.5,107.7,97.85,105.4,117796559.0,2.3,6.9,0.7,885.71,6.9,77856731.2,51.3,0.33,True,59.38,0.36,-0.1,0.46,2026-01-12,7.06,0,,118.3,89.7,False,False
12-01-2026 06:00,MEDTR,29.0,32.82,28.28,32.04,12714761.0,0.78,3.04,0.25,1106.35,3.04,3806454.9,234.03,0.26,True,55.62,-0.92,-1.38,0.47,2026-01-12,11.1,1,32.82,32.82,26.54,False,False
12-01-2026 06:00,LILAK,30.38,34.3,30.38,33.18,65081070.0,1.12,2.8,0.1,2757.14,2.8,27018198.3,140.88,0.4,True,65.11,0.97,0.67,0.3,2026-01-12,10.38,0,,ATH,24.66,False,False
05-01-2026 06:00,ASELS,233.0,280.0,233.0,280.0,222057060.0,0.0,47.0,6.4,634.38,47.0,145000378.0,53.14,0.0,True,79.33,19.87,15.11,4.75,2026-01-05,21.63,0,,ATH,171.5,False,False
05-01-2026 06:00,BURCE,59.2,77.55,59.2,77.55,9388547.0,0.0,18.35,4.19,337.74,18.35,5473651.8,71.52,0.0,True,87.38,12.01,8.26,3.76,2026-01-05,31.0,0,,ATH,13.57,False,False
05-01-2026 06:00,FORTE,85.5,97.4,84.2,96.25,23012868.0,1.15,10.75,1.43,651.75,10.75,9418239.9,144.34,0.11,True,70.92,4.09,2.71,1.38,2026-01-05,12.84,0,,ATH,64.55,False,False
05-01-2026 06:00,AKSGY,7.44,8.2,7.42,8.2,29915975.0,0.0,0.76,0.02,3900.0,0.76,19419205.2,54.05,0.0,True,64.4,0.15,0.16,-0.0,2026-01-05,10.22,0,,8.24,7.25,False,False
05-01-2026 06:00,EDATA,6.78,9.25,6.51,9.21,246789139.0,0.04,2.43,0.33,638.6,2.43,65726218.9,275.48,0.02,True,78.75,0.54,0.28,0.27,2026-01-05,38.29,0,,ATH,4.95,False,False
05-01-2026 06:00,TCKRC,60.95,78.35,60.25,76.25,32528209.0,2.1,15.3,2.29,569.0,15.3,13565123.9,139.79,0.14,True,74.21,4.92,3.2,1.72,2026-01-05,25.72,0,,ATH,41.0,False,False
05-01-2026 06:00,KLGYO,6.2,7.55,6.13,7.55,171564928.0,0.0,1.35,0.07,1828.57,1.35,94936036.9,80.72,0.0,True,65.72,0.23,0.23,0.0,2026-01-05,21.77,0,,7.72,4.06,False,False
05-01-2026 06:00,MTRYO,8.7,11.5,8.51,11.11,7865559.0,0.39,2.41,0.25,864.0,2.41,3680259.7,113.72,0.16,True,69.26,0.5,0.37,0.13,2026-01-05,27.12,0,,ATH,7.8,False,False
05-01-2026 06:00,DOAS,193.0,213.8,192.6,212.6,15877990.0,1.2,19.6,2.95,564.41,19.6,10099239.9,57.22,0.06,True,63.95,2.14,-1.2,3.33,2026-01-05,10.16,0,,250.25,166.4,False,False
29-12-2025 06:00,RUBNS,19.55,25.46,19.1,25.46,25012688.0,0.0,5.91,0.53,1012.99,5.91,4851085.7,415.61,0.0,True,66.39,-0.22,-0.58,0.36,2025-12-29,30.77,0,,27.14,18.77,False,False
29-12-2025 06:00,BMSCH,26.5,33.44,25.76,33.44,41441077.0,0.0,6.94,1.21,471.66,6.94,21262923.5,94.9,0.0,True,82.04,3.64,2.49,1.15,2025-12-29,27.44,1,33.44,ATH,9.06,False,False
22-12-2025 06:00,KLMSN,30.06,37.36,29.28,36.5,18754057.0,0.86,6.44,0.28,2167.61,6.44,5068379.8,270.02,0.13,True,57.82,0.83,1.37,-0.54,2025-12-22,21.26,0,,55.25,21.54,False,False
22-12-2025 06:00,ATEKS,108.0,159.3,108.0,159.3,220439.0,0.0,51.3,7.74,562.36,51.3,75054.7,193.7,0.0,True,77.94,3.39,-3.7,7.09,2025-12-22,60.75,0,,200.5,70.0,False,False
08-12-2025 06:00,MEGMT,45.26,58.45,45.26,55.35,88464622.0,3.1,10.09,1.77,469.09,10.09,36327110.3,143.52,0.31,True,76.96,4.52,2.75,1.77,2025-12-08,22.4,0,,ATH,24.32,False,False
08-12-2025 06:00,KUYAS,43.4,57.85,42.5,57.65,105310076.0,0.2,14.25,0.88,1528.57,14.25,56758618.9,85.54,0.01,True,57.55,-0.3,0.45,-0.74,2025-12-08,33.2,0,,72.0,35.38,False,False
08-12-2025 06:00,OTTO,451.0,523.0,437.25,512.0,753909.0,11.0,61.0,3.5,1642.86,61.0,386840.0,94.89,0.18,True,61.49,8.11,9.83,-1.72,2025-12-08,13.9,0,,585.0,309.0,False,False
08-12-2025 06:00,BRKVY,86.5,120.6,86.5,118.8,17096570.0,1.8,32.3,3.9,727.14,32.3,7652236.8,123.42,0.06,True,76.06,6.56,4.79,1.78,2025-12-08,38.14,0,,ATH,69.45,False,False
08-12-2025 06:00,BUCIM,6.46,6.93,6.41,6.9,54051208.0,0.03,0.44,0.06,671.93,0.44,29317843.1,84.36,0.07,True,52.3,-0.23,-0.27,0.04,2025-12-08,7.14,0,,7.76,5.99,True,True
08-12-2025 06:00,MAVI,36.8,39.8,36.8,39.12,72933723.0,0.68,2.32,0.22,954.55,2.32,39213788.7,85.99,0.29,True,51.04,-0.0,0.32,-0.33,2025-12-08,6.54,0,,46.28,36.7,False,False
01-12-2025 06:00,EFOR,22.44,32.0,22.18,31.9,107215915.0,0.1,9.46,1.03,816.07,9.46,43134266.53,148.56,0.01,True,73.55,2.13,1.75,0.37,2025-12-01,42.41,0,,ATH,ATL,False,False
24-11-2025 06:00,GATEG,252.5,288.25,240.0,288.25,240527.0,0.0,35.75,0.89,3894.41,35.75,147698.8,62.85,0.0,True,62.66,15.28,17.41,-2.13,2025-11-24,15.53,0,,295.0,206.9,False,False
24-11-2025 06:00,OBAMS,6.49,7.64,6.39,7.64,250957363.83,0.0,1.15,0.0,28650.0,1.15,142447559.19,76.18,0.0,True,48.1,-0.55,-0.54,-0.01,2025-11-24,17.55,2,6.39,14.61,6.39,False,False
17-11-2025 06:00,ALKLC,67.65,105.8,67.65,102.0,30614549.0,3.8,34.35,3.04,1028.08,34.35,17168119.7,78.32,0.11,True,63.74,9.9,10.81,-0.91,2025-11-17,51.22,0,,ATH,66.9,False,False
17-11-2025 06:00,IHLAS,2.5,2.97,2.5,2.9,1774290919.02,0.07,0.4,0.01,2636.84,0.4,1051687578.66,68.71,0.17,True,58.06,0.15,0.17,-0.02,2025-11-17,17.28,0,,3.5,1.51,False,False
17-11-2025 06:00,TRALT,33.82,40.36,32.72,40.0,1353846606.0,0.36,6.18,1.65,275.46,6.18,589254893.9,129.76,0.06,True,79.76,2.11,0.7,1.41,2025-11-17,18.48,0,,ATH,21.66,False,False
10-11-2025 06:00,VKGYO,1.97,2.19,1.91,2.15,535440586.86,0.04,0.18,0.01,2200.0,0.18,297388784.29,80.05,0.22,True,62.53,0.07,0.07,-0.0,2025-11-10,9.6,0,,2.26,1.72,False,False
10-11-2025 06:00,OYAYO,45.2,56.1,41.8,56.1,2475973.0,0.0,10.9,2.01,442.83,10.9,1145135.2,116.22,0.0,True,76.68,4.41,3.09,1.31,2025-11-10,23.51,0,,ATH,19.4,False,False
03-11-2025 06:00,GENTS,9.2,11.88,9.19,11.6,115224632.0,0.28,2.4,0.36,574.16,2.4,60724837.7,89.75,0.12,True,67.02,0.49,0.41,0.09,2025-11-03,26.09,0,,ATH,7.59,False,False
03-11-2025 06:00,TSGYO,7.67,9.49,7.67,9.49,54934070.0,0.0,1.82,0.18,894.54,1.82,35479414.9,54.83,0.0,True,66.4,0.25,0.12,0.13,2025-11-03,24.05,0,,10.16,5.73,False,False
03-11-2025 06:00,TDGYO,26.5,32.5,26.28,30.86,17198607.0,1.64,4.36,1.26,246.86,4.36,8158223.3,110.81,0.38,True,84.05,2.87,1.75,1.13,2025-11-03,17.07,0,,ATH,12.02,False,False
27-10-2025 06:00,BULGS,36.6,52.15,36.34,50.0,138387363.0,2.15,13.4,1.21,1005.61,13.4,44323923.0,212.22,0.16,True,77.54,2.62,1.79,0.83,2025-10-27,39.35,1,52.15,52.15,30.44,False,False
27-10-2025 06:00,DENGE,2.87,3.57,2.83,3.57,287599070.0,0.0,0.7,0.03,2158.06,0.7,159023766.6,80.85,0.0,True,67.72,0.22,0.19,0.03,2025-10-27,23.96,0,,ATH,2.57,False,False
27-10-2025 06:00,LYDHO,137.1,194.3,137.1,194.3,9284303.0,0.0,57.2,5.23,993.69,57.2,4743216.0,95.74,0.0,True,74.2,11.93,7.9,4.03,2025-10-27,46.2,0,,ATH,86.5,False,False
27-10-2025 06:00,MAGEN,23.5,30.28,22.7,29.58,65845058.0,0.7,6.08,0.93,553.76,6.08,41355657.65,59.22,0.12,True,78.78,3.33,2.73,0.59,2025-10-27,26.52,0,,ATH,ATL,False,False
20-10-2025 06:00,SOKM,40.12,45.18,39.54,44.48,65082811.0,0.7,4.36,0.55,689.86,4.36,40828547.8,59.41,0.16,True,65.32,0.73,0.12,0.61,2025-10-20,12.27,0,,ATH,34.36,False,False
20-10-2025 06:00,ANSGR,21.32,23.6,21.24,23.3,74338057.0,0.3,1.98,0.07,2650.0,1.98,47023276.7,58.09,0.15,True,54.12,-0.43,-0.49,0.07,2025-10-20,9.7,0,,25.58,20.28,True,True
20-10-2025 06:00,ARTMS,47.7,58.0,46.1,56.4,25832547.0,1.6,8.7,1.76,394.88,8.7,15616789.0,65.42,0.18,True,80.76,4.45,2.33,2.12,2025-10-20,19.59,1,58.0,58.0,26.08,False,False
20-10-2025 06:00,DOGUB,33.62,49.18,33.62,49.18,6789504.0,0.0,15.56,3.06,408.33,15.56,2555579.4,165.67,0.0,True,90.92,3.88,1.66,2.22,2025-10-20,60.82,0,,ATH,14.89,False,False
20-10-2025 06:00,TURSG,4.76,5.94,4.7,5.82,1244170540.0,0.13,1.06,0.09,1147.06,1.06,267448103.0,365.2,0.12,True,69.12,0.19,0.14,0.05,2025-10-20,26.83,0,,ATH,3.75,False,False
20-10-2025 06:00,ORCAY,3.51,4.36,3.34,4.22,21080063.17,0.15,0.71,0.03,2392.96,0.71,13413698.33,57.15,0.21,True,60.52,0.12,0.09,0.03,2025-10-20,17.56,0,,4.54,2.6,False,False
06-10-2025 06:00,SAFKR,20.24,22.74,20.1,22.56,69382355.0,0.18,2.32,0.15,1439.35,2.32,42569673.2,62.99,0.08,True,67.89,1.31,1.32,-0.01,2025-10-06,13.6,0,,ATH,18.24,False,False
06-10-2025 06:00,METRO,4.0,5.65,4.0,5.49,210146298.0,0.16,1.49,0.19,692.55,1.49,103632664.2,102.78,0.11,True,73.38,0.45,0.35,0.1,2025-10-06,39.69,0,,ATH,2.24,False,False
06-10-2025 06:00,NUHCM,219.9,269.0,216.6,265.75,2388678.0,3.25,45.85,3.05,1400.82,45.85,720947.8,231.32,0.07,True,60.32,-3.53,-7.62,4.1,2025-10-06,21.46,0,,307.25,210.0,False,False
29-09-2025 06:00,AVGYO,12.78,16.5,12.51,16.45,11653792.0,0.05,3.67,0.91,302.41,3.67,4278226.8,172.4,0.01,True,67.52,1.47,1.09,0.38,2025-09-29,28.52,0,,ATH,6.95,False,False
29-09-2025 06:00,A1CAP,11.2,13.61,10.16,13.61,240606879.0,0.0,2.41,0.35,592.53,2.41,138053101.1,74.29,0.0,True,74.42,1.31,1.12,0.19,2025-09-29,21.52,0,,ATH,4.28,False,False
29-09-2025 06:00,ALTIN,63.48,68.65,62.2,68.63,230424003.0,0.02,5.15,1.58,225.13,5.15,134401577.1,71.44,0.0,True,88.44,4.97,3.41,1.56,2025-09-29,11.14,0,,ATH,30.18,False,False
29-09-2025 06:00,ECZYT,284.0,335.25,270.25,335.0,7655549.0,0.25,51.0,13.43,279.75,51.0,3109877.0,146.17,0.0,True,76.22,23.44,12.42,11.02,2025-09-29,21.05,0,,ATH,163.5,False,False
29-09-2025 06:00,BASGZ,35.26,39.02,34.74,38.44,11704096.0,0.58,3.18,0.41,679.41,3.18,7317943.6,59.94,0.18,True,61.69,1.1,1.13,-0.03,2025-09-29,9.02,0,,ATH,31.3,False,False
22-09-2025 06:00,ALKA,12.04,17.1,11.66,15.84,211388499.0,1.26,3.8,0.82,360.61,3.8,60971996.2,246.7,0.33,True,87.82,1.14,0.39,0.75,2025-09-22,31.78,1,17.1,17.1,6.31,False,False
15-09-2025 06:00,ALKIM,16.81,20.58,16.55,19.91,21492255.0,0.67,3.1,0.29,983.92,3.1,14025904.1,53.23,0.22,True,64.9,0.63,0.38,0.25,2025-09-15,18.37,0,,20.32,13.15,False,False
15-09-2025 06:00,AZTEK,4.5,5.7,4.28,5.48,208531110.0,0.21,0.99,0.14,604.5,0.99,93569119.0,122.86,0.22,True,69.56,0.15,0.02,0.13,2025-09-15,21.89,0,,ATH,3.51,False,False
15-09-2025 06:00,QUAGR,9.34,11.89,9.32,11.21,797664809.0,0.68,1.87,0.45,318.34,1.87,268155169.5,197.46,0.36,True,95.23,1.22,0.88,0.33,2025-09-15,19.89,1,11.89,11.89,3.2,False,False
15-09-2025 06:00,IEYHO,15.01,23.34,14.83,23.34,414173024.0,0.0,8.33,0.89,837.01,8.33,179832039.8,130.31,0.0,True,77.36,1.47,0.91,0.55,2025-09-15,55.29,0,,ATH,11.42,False,False
15-09-2025 06:00,COSMO,123.4,169.7,120.8,169.7,533757.0,0.0,46.3,6.26,639.62,46.3,315835.8,69.0,0.0,True,78.66,8.75,4.58,4.17,2025-09-15,37.52,0,,ATH,100.0,False,False
15-09-2025 06:00,KRDMD,25.58,30.0,25.02,30.0,475246397.0,0.0,4.42,0.39,1033.33,4.42,254618235.6,86.65,0.0,True,58.09,0.64,0.27,0.38,2025-09-15,17.28,0,,31.58,21.16,False,False
15-09-2025 06:00,CWENE,15.48,21.48,15.29,20.03,115034651.78,1.45,4.55,0.45,918.67,4.55,64362379.05,78.73,0.32,True,63.97,0.37,-0.12,0.49,2025-09-15,29.03,0,,25.24,12.34,False,False
15-09-2025 06:00,IHEVA,2.4,3.23,2.36,3.15,41554852.0,0.08,0.75,0.08,792.86,0.75,25853848.2,60.73,0.11,True,68.43,0.15,0.08,0.07,2025-09-15,31.25,0,,3.78,1.89,False,False
08-09-2025 06:00,TOASO,220.9,246.4,220.4,240.5,43841446.0,5.9,19.6,3.12,529.21,19.6,29123109.7,50.54,0.3,True,59.98,11.51,7.85,3.66,2025-09-08,6.84,0,,ATH,150.1,False,False
08-09-2025 06:00,EKIZ,82.1,127.3,82.1,123.0,560738.0,4.3,40.9,6.98,485.96,40.9,225967.6,148.15,0.11,True,85.18,9.05,3.73,5.32,2025-09-08,46.43,1,127.3,127.3,50.3,False,False
08-09-2025 06:00,KUTPO,95.95,111.2,93.55,108.0,6207249.0,3.2,12.05,2.59,365.25,12.05,3034652.7,104.55,0.27,True,73.52,5.53,3.75,1.78,2025-09-08,11.28,0,,ATH,68.0,False,False
08-09-2025 06:00,ARZUM,2.75,3.21,2.66,3.21,244304332.0,0.0,0.46,0.03,1515.4,0.46,117879839.26,107.25,0.0,True,60.13,0.18,0.17,0.01,2025-09-08,15.05,0,,3.49,1.88,False,False
01-09-2025 06:00,PCILT,22.82,30.92,22.28,28.92,19692383.0,2.0,6.1,1.57,289.28,6.1,9442643.6,108.55,0.33,True,85.91,2.33,0.84,1.49,2025-09-01,26.07,0,,ATH,10.97,False,False
01-09-2025 06:00,MEKAG,4.6,5.44,4.21,5.38,152683029.0,0.06,0.78,0.21,271.37,0.78,84332282.38,81.05,0.08,True,79.21,0.32,0.13,0.19,2025-09-01,17.21,0,,ATH,2.85,False,False
01-09-2025 06:00,PKENT,220.0,244.9,210.6,238.2,1779713.0,6.7,18.2,1.37,1228.47,18.2,1178953.6,50.96,0.37,True,57.43,2.25,0.25,2.01,2025-09-01,8.08,0,,248.9,187.1,False,False
01-09-2025 06:00,YBTAS,36.63,43.11,35.3,43.11,1645645.65,0.0,6.48,1.12,478.29,6.48,651651.65,152.53,0.0,True,54.05,-1.08,-1.57,0.49,2025-09-01,16.27,0,,75.27,28.72,True,False
01-09-2025 06:00,MNDRS,15.2,18.9,14.95,18.9,51972562.0,0.0,3.7,0.84,338.39,3.7,24853920.9,109.11,0.0,True,85.32,1.47,0.8,0.67,2025-09-01,24.34,0,,ATH,8.35,False,False
01-09-2025 06:00,BEYAZ,27.96,36.6,27.96,35.92,47071922.0,0.68,7.96,1.5,430.67,7.96,14543969.0,223.65,0.09,True,78.93,1.78,0.46,1.32,2025-09-01,28.56,0,,ATH,19.05,False,False
01-09-2025 06:00,BRKO,7.45,8.85,7.11,8.8,6943029.0,0.05,1.35,0.25,437.85,1.35,4162870.1,66.78,0.04,True,53.38,-0.56,-0.82,0.26,2025-09-01,18.12,0,,13.84,5.85,True,False
25-08-2025 06:00,YUNSA,7.47,9.1,7.37,9.1,160294998.0,0.0,1.63,0.41,294.67,1.63,62068486.3,158.26,0.0,True,85.56,0.39,0.03,0.36,2025-08-25,22.15,0,,ATH,4.7,False,False
25-08-2025 06:00,TUCLK,6.32,7.38,6.1,7.23,316026071.67,0.15,0.91,0.16,452.19,0.91,77022674.12,310.3,0.16,True,75.51,0.23,0.03,0.19,2025-08-25,18.45,0,,ATH,3.94,False,False
18-08-2025 06:00,ATAKP,47.82,54.4,47.82,53.4,8108743.0,1.0,5.58,1.48,276.01,5.58,4931287.8,64.43,0.18,True,74.6,1.89,0.68,1.21,2025-08-18,11.76,0,,ATH,37.04,False,False
18-08-2025 06:00,MZHLD,6.71,7.4,6.7,7.22,5096803.0,0.18,0.51,0.11,355.36,0.51,2849135.6,78.89,0.35,True,69.49,0.19,0.04,0.15,2025-08-18,7.6,0,,8.39,5.5,False,False
18-08-2025 06:00,CANTE,1.74,2.18,1.74,2.14,7486597893.71,0.04,0.4,0.09,327.27,0.4,4098991964.24,82.64,0.11,True,75.95,0.13,0.05,0.07,2025-08-18,23.9,0,,ATH,1.21,False,False
11-08-2025 06:00,ISBIR,100.0,111.2,95.3,111.2,305196.0,0.0,11.2,4.08,174.51,11.2,161612.1,88.84,0.0,True,67.89,4.43,0.59,3.83,2025-08-11,0.09,0,,ATH,71.5,False,False
11-08-2025 06:00,MMCAS,40.84,61.15,40.84,61.15,1895429.0,0.0,20.31,2.93,592.47,20.31,575425.2,229.4,0.0,True,81.62,5.67,2.99,2.68,2025-08-11,60.92,0,,ATH,ATL,False,False
11-08-2025 06:00,HTTBT,45.8,49.76,44.2,48.66,10763034.0,1.1,2.86,0.75,279.31,2.86,4063438.1,164.88,0.38,True,65.33,0.98,0.23,0.75,2025-08-11,6.38,0,,49.8,35.82,False,False
11-08-2025 06:00,BALAT,65.05,78.3,65.05,77.5,530813.0,0.8,12.45,2.3,442.01,12.45,335946.3,58.01,0.06,True,68.3,2.93,0.48,2.45,2025-08-11,19.14,0,,ATH,46.68,False,False
11-08-2025 06:00,GLBMD,12.05,15.7,11.77,15.59,7405805.0,0.11,3.54,0.66,434.74,3.54,3660465.8,102.32,0.03,True,71.92,0.61,0.18,0.43,2025-08-11,28.52,0,,18.46,9.4,False,False
11-08-2025 06:00,DOHOL,17.24,19.3,17.02,19.11,118250011.0,0.19,1.87,0.43,338.97,1.87,74909094.2,57.86,0.1,True,71.46,0.64,0.35,0.29,2025-08-11,12.02,0,,ATH,13.82,False,False
11-08-2025 06:00,BFREN,176.0,192.0,172.2,187.8,4065885.0,4.2,11.8,2.0,490.0,11.8,2114753.4,92.26,0.36,True,62.55,1.6,-0.86,2.45,2025-08-11,6.83,0,,217.9,147.0,False,False
11-08-2025 06:00,EYGYO,3.09,4.05,3.03,4.01,246551002.0,0.04,0.92,0.17,450.9,0.92,87294817.9,182.43,0.04,True,82.3,0.23,0.1,0.13,2025-08-11,31.05,0,,ATH,2.08,False,False
11-08-2025 06:00,JANTS,22.88,28.42,22.1,28.42,84522624.0,0.0,5.54,0.69,702.9,5.54,24403724.5,246.35,0.0,True,70.61,0.02,-0.74,0.77,2025-08-11,24.1,0,,29.5,18.72,False,False
04-08-2025 06:00,TATGD,12.51,13.69,12.47,13.51,14617397.0,0.18,1.0,0.2,397.51,1.0,9557775.3,52.94,0.18,True,62.13,0.0,-0.22,0.22,2025-08-04,7.99,0,,14.31,10.41,False,False
04-08-2025 06:00,EKOS,5.62,6.64,5.56,6.4,241775256.0,0.25,0.77,0.11,588.89,0.77,102356914.8,136.21,0.32,True,59.33,0.01,-0.08,0.08,2025-08-04,16.17,0,,6.85,4.31,False,False
04-08-2025 06:00,BASCM,15.5,19.01,15.5,18.48,1618260.0,0.53,2.98,0.78,281.56,2.98,838195.9,93.06,0.18,True,83.47,0.97,0.14,0.83,2025-08-04,17.86,0,,ATH,8.86,False,False
04-08-2025 06:00,QNBFK,51.77,70.87,51.77,70.87,1854391.17,0.0,19.09,3.58,432.75,19.09,514157.24,260.67,0.0,True,87.27,3.58,-0.25,3.82,2025-08-04,50.56,0,,ATH,23.94,False,False
04-08-2025 06:00,PLTUR,26.52,28.86,26.52,28.52,21675225.0,0.34,2.0,0.21,870.87,2.0,13217354.1,63.99,0.17,True,55.37,-0.12,-0.43,0.32,2025-08-04,7.62,0,,33.32,22.16,False,False
04-08-2025 06:00,TLMAN,85.45,97.4,85.25,94.0,2153585.0,3.4,8.55,1.55,453.4,8.55,948879.7,126.96,0.4,True,60.16,-1.11,-2.62,1.51,2025-08-04,9.94,0,,100.8,71.7,False,False
04-08-2025 06:00,SRVGY,3.27,3.86,3.26,3.71,497759644.0,0.15,0.44,0.11,289.38,0.44,241455273.9,106.15,0.34,True,60.57,-0.05,-0.18,0.13,2025-08-04,14.15,0,,5.07,2.35,True,False
04-08-2025 06:00,MAKIM,19.09,21.98,18.98,21.66,16303093.0,0.32,2.57,0.3,759.53,2.57,9509379.1,71.44,0.12,True,58.93,0.18,-0.21,0.38,2025-08-04,13.46,0,,ATH,15.56,False,False
04-08-2025 06:00,IHGZT,1.72,2.17,1.71,2.09,436710958.0,0.08,0.37,0.08,380.52,0.37,287264108.9,52.02,0.22,True,78.79,0.08,0.02,0.07,2025-08-04,22.22,0,,2.23,1.23,False,False
04-08-2025 06:00,QNBTR,370.94,542.09,370.94,542.09,467495.0,0.0,171.15,33.78,406.72,171.15,158136.47,195.63,0.0,True,92.74,42.39,11.3,31.09,2025-08-04,60.65,0,,ATH,151.18,False,False
04-08-2025 06:00,BERA,16.49,17.82,16.43,17.58,60414698.0,0.24,1.09,0.39,180.93,1.09,34230364.0,76.49,0.22,True,64.47,0.14,-0.13,0.27,2025-08-04,6.35,0,,18.68,13.4,False,False
28-07-2025 06:00,DURDO,3.73,4.59,3.67,4.35,138862482.0,0.24,0.62,0.1,526.26,0.62,40906664.9,239.46,0.39,True,68.21,0.0,-0.1,0.11,2025-07-28,17.57,0,,4.67,2.86,True,False
28-07-2025 06:00,OTKAR,504.5,571.5,499.0,570.0,4236009.0,1.5,65.5,16.82,289.3,65.5,2142809.6,97.68,0.02,True,70.3,15.06,-1.73,16.79,2025-07-28,12.98,0,,ATH,358.0,False,False
28-07-2025 06:00,YAPRK,13.14,17.51,13.06,16.3,104669879.67,1.21,3.15,0.16,1877.61,3.15,45963388.56,127.72,0.38,True,43.79,-3.76,-3.85,0.09,2025-07-28,24.23,1,17.51,17.51,11.62,False,False
28-07-2025 06:00,NTGAZ,10.0,11.75,9.99,11.48,63815276.0,0.27,1.48,0.22,569.68,1.48,31525839.9,102.42,0.18,True,72.24,0.79,0.67,0.12,2025-07-28,15.15,0,,ATH,5.28,False,False
28-07-2025 06:00,OBASE,33.54,40.26,33.22,39.74,8800820.0,0.52,6.2,0.54,1052.42,6.2,3505871.1,151.03,0.08,True,70.72,0.87,0.13,0.74,2025-07-28,18.49,0,,ATH,27.2,False,False
28-07-2025 06:00,DAPGM,10.8,13.5,10.49,13.27,419738381.0,0.23,2.47,0.36,591.88,2.47,121400790.5,245.75,0.09,True,79.67,0.85,0.55,0.31,2025-07-28,24.6,0,,ATH,ATL,False,False
28-07-2025 06:00,ENSRI,6.42,9.67,6.42,9.16,174662213.27,0.51,2.74,0.49,459.2,2.74,59829161.04,191.93,0.19,True,86.32,0.6,0.2,0.39,2025-07-28,48.27,0,,ATH,3.23,False,False
28-07-2025 06:00,VRGYO,2.97,4.08,2.96,3.81,447881140.0,0.27,0.84,0.13,546.15,0.84,210975540.5,112.29,0.32,True,72.12,0.12,-0.02,0.14,2025-07-28,28.72,0,,ATH,2.17,False,False
21-07-2025 06:00,AKYHO,3.09,3.7,3.07,3.59,53309939.0,0.11,0.5,0.04,1036.36,0.5,21587209.6,146.95,0.22,True,59.2,0.01,-0.0,0.01,2025-07-21,16.56,0,,4.62,2.67,False,False
21-07-2025 06:00,DOKTA,21.76,24.12,21.62,23.46,4013798.0,0.66,1.7,0.21,725.24,1.7,2457862.6,63.3,0.39,True,59.57,-0.07,-0.38,0.31,2025-07-21,7.81,0,,25.9,18.0,False,False
21-07-2025 06:00,MNDTR,5.77,6.43,5.77,6.29,21780474.0,0.14,0.52,0.04,1305.41,0.52,10529270.3,106.86,0.27,True,60.99,0.02,-0.06,0.08,2025-07-21,8.64,0,,6.4,4.73,False,False
21-07-2025 06:00,MTRKS,20.44,23.98,20.4,23.38,18084844.0,0.6,2.94,0.36,705.48,2.94,5772353.3,213.3,0.2,True,61.98,-0.08,-0.25,0.17,2025-07-21,14.38,0,,26.96,17.13,False,False
21-07-2025 06:00,AGESA,158.3,172.0,157.9,168.4,2266419.0,3.6,10.1,1.91,428.8,10.1,1343051.8,68.75,0.36,True,67.74,5.22,3.05,2.17,2025-07-21,7.6,0,,ATH,120.4,False,False
21-07-2025 06:00,ONRYT,64.45,76.15,63.85,75.15,21305485.0,1.0,10.7,0.92,1063.04,10.7,12731019.1,67.35,0.09,True,59.18,-0.08,-0.95,0.88,2025-07-21,17.88,0,,ATH,56.1,False,False
21-07-2025 06:00,DMSAS,6.97,7.71,6.97,7.64,29408812.0,0.07,0.67,0.02,2691.67,0.67,13146642.3,123.7,0.1,True,53.68,-0.16,-0.17,0.01,2025-07-21,9.61,0,,8.24,6.55,False,False
14-07-2025 06:00,NUGYO,8.16,9.99,8.11,9.78,47376960.0,0.21,1.62,0.18,805.03,1.62,23130983.7,104.82,0.13,True,74.79,0.28,0.04,0.24,2025-07-14,20.89,0,,ATH,5.81,False,False
14-07-2025 06:00,IMASM,3.23,4.16,3.23,4.16,550072882.0,0.0,0.93,0.13,620.93,0.93,313821515.9,75.28,0.0,True,71.45,0.19,0.09,0.1,2025-07-14,29.19,0,,ATH,2.23,False,False
14-07-2025 06:00,ASGYO,10.99,11.88,10.8,11.79,38352436.0,0.09,0.8,0.16,409.55,0.8,19292461.7,98.79,0.11,True,64.85,-0.01,-0.16,0.15,2025-07-14,7.28,0,,13.1,10.0,False,False
14-07-2025 06:00,HDFGS,1.69,2.14,1.68,2.14,1061264229.0,0.0,0.45,0.08,429.41,0.45,602575692.7,76.12,0.0,True,78.85,0.09,0.02,0.07,2025-07-14,28.14,0,,ATH,1.13,False,False
14-07-2025 06:00,VKING,31.66,35.58,30.64,35.58,3129565.0,0.0,3.92,0.74,429.73,3.92,1020416.0,206.7,0.0,True,67.82,0.54,-0.27,0.81,2025-07-14,14.04,0,,39.86,24.98,False,False
14-07-2025 06:00,DZGYO,6.66,8.61,6.64,8.15,107860553.0,0.46,1.49,0.17,761.27,1.49,41814096.3,157.95,0.31,True,59.28,-0.46,-0.69,0.24,2025-07-14,24.62,1,8.61,8.61,5.18,True,True
07-07-2025 06:00,VAKFN,1.37,1.56,1.34,1.52,851934069.28,0.05,0.15,0.02,681.25,0.15,562979507.6,51.33,0.32,True,63.32,0.04,0.03,0.01,2025-07-07,9.24,0,,1.56,1.17,False,False
30-06-2025 06:00,HALKB,23.48,27.34,23.46,26.76,427383608.0,0.58,3.28,0.57,479.51,3.28,215087596.2,98.7,0.18,True,72.49,1.15,0.75,0.4,2025-06-30,14.55,0,,ATH,ATL,False,False
30-06-2025 06:00,LINK,15.01,16.61,14.69,16.23,42998277.98,0.38,1.22,0.28,332.9,1.22,20816326.36,106.56,0.31,True,66.99,0.62,0.34,0.28,2025-06-30,10.82,0,,ATH,12.13,False,False
30-06-2025 06:00,ECILC,42.7,50.75,42.62,50.75,49496585.0,0.0,8.05,0.51,1487.77,8.05,13642013.6,262.82,0.0,True,60.85,0.23,0.07,0.16,2025-06-30,18.91,0,,51.1,40.4,False,False
30-06-2025 06:00,XBANK,14195.14,16315.45,14151.83,15821.34,7443807426.0,494.11,1626.2,307.64,428.61,1626.2,4503797222.8,65.28,0.3,True,65.23,17.1,-284.54,301.64,2025-06-30,12.87,0,,17131.67,11272.13,False,False
30-06-2025 06:00,ULUSE,160.7,210.0,156.5,204.5,2602839.0,5.5,43.8,6.26,599.68,43.8,1266113.9,105.58,0.13,True,72.98,2.4,-4.08,6.48,2025-06-30,33.31,0,,ATH,122.0,False,False
30-06-2025 06:00,TCELL,89.9,100.2,89.9,98.95,142390613.0,1.25,9.05,0.34,2561.76,9.05,90022320.9,58.17,0.14,True,54.49,-0.78,-0.75,-0.03,2025-06-30,10.81,0,,100.3,84.55,False,False
30-06-2025 06:00,ISCTR,12.32,14.36,12.21,14.11,3659646770.0,0.25,1.79,0.26,588.46,1.79,1989518815.3,83.95,0.14,True,62.78,-0.28,-0.51,0.23,2025-06-30,16.13,0,,16.6,10.07,True,False
23-06-2025 06:00,MOPAS,27.1,35.8,25.64,35.24,50085009.0,0.56,8.14,0.76,973.88,8.14,25011109.9,100.25,0.07,True,60.14,0.52,0.06,0.47,2025-06-23,29.56,0,,ATH,22.48,False,False
23-06-2025 06:00,AKFGY,2.04,2.52,2.01,2.4,395428223.0,0.12,0.36,0.05,650.0,0.36,211129350.4,87.29,0.33,True,66.05,0.04,0.01,0.03,2025-06-23,16.5,0,,ATH,1.68,False,False
16-06-2025 06:00,DITAS,8.92,12.32,8.92,11.84,34329459.0,0.48,2.92,0.51,471.71,2.92,22426800.43,53.07,0.16,True,70.69,0.6,0.14,0.46,2025-06-16,32.69,0,,ATH,5.61,False,False
10-06-2025 06:00,PEKGY,1.12,1.6,1.11,1.53,4502606771.5,0.07,0.41,0.03,1192.68,0.41,1249389795.66,260.38,0.17,True,70.25,0.03,0.01,0.02,2025-06-10,39.01,0,,ATH,1.0,False,False
02-06-2025 06:00,KLRHO,55.05,73.25,53.3,72.5,21291835.0,0.75,17.45,4.32,304.12,17.45,11634267.1,83.01,0.04,True,88.22,5.83,1.65,4.18,2025-06-02,29.35,0,,ATH,22.5,False,False
26-05-2025 06:00,VSNMD,213.39,289.19,196.13,267.74,49133605.41,21.45,54.35,18.06,200.95,54.35,16780614.45,192.8,0.39,True,83.64,22.01,14.24,7.77,2025-05-26,25.47,0,,ATH,ATL,False,False
26-05-2025 06:00,KRDMA,35.0,39.6,35.0,38.9,34182357.0,0.7,3.9,0.08,5031.58,3.9,18623088.5,83.55,0.18,True,61.03,1.97,2.07,-0.1,2025-05-26,11.02,0,,41.42,30.76,False,False
20-05-2025 06:00,BALSU,18.42,25.02,18.3,24.6,147396307.0,0.42,6.18,0.64,870.17,6.18,58295289.9,152.84,0.07,True,74.78,0.54,0.1,0.44,2025-05-20,33.7,0,,ATH,ATL,False,False
12-05-2025 06:00,MRGYO,0.92,1.23,0.91,1.15,1409723167.0,0.08,0.24,0.02,1061.29,0.24,509623942.5,176.62,0.33,True,63.0,-0.01,-0.02,0.01,2025-05-12,27.54,0,,1.31,0.77,False,False
12-05-2025 06:00,TERA,31.14,41.98,29.92,41.62,428307324.44,0.36,10.48,2.79,275.93,10.48,213538223.56,100.58,0.03,True,91.84,5.21,2.62,2.58,2025-05-12,46.94,0,,ATH,7.75,False,False
05-05-2025 06:00,CASA,71.5,104.6,71.5,104.6,783110.0,0.0,33.1,2.7,1125.93,33.1,206354.7,279.5,0.0,True,75.78,-0.92,-2.66,1.74,2025-05-05,60.92,0,,ATH,58.35,False,False
05-05-2025 06:00,PRDGS,5.49,6.45,5.31,6.45,161520700.0,0.0,0.96,0.11,772.73,0.96,29801124.2,442.0,0.0,True,68.21,0.01,-0.09,0.1,2025-05-05,22.16,0,,ATH,4.26,False,False
28-04-2025 06:00,EDIP,22.7,29.48,21.98,28.24,31522492.0,1.24,5.54,0.86,541.95,5.54,9861761.1,219.64,0.22,True,70.2,0.4,-0.18,0.58,2025-04-28,27.32,0,,ATH,17.38,False,False
28-04-2025 06:00,ADESE,0.42,0.53,0.42,0.53,2768903895.0,0.0,0.11,0.01,714.29,0.11,1180348884.5,134.58,0.0,True,71.78,0.0,-0.0,0.01,2025-04-28,27.88,0,,ATH,0.35,False,False
28-04-2025 06:00,LRSHO,2.85,3.96,2.81,3.96,359056891.0,0.0,1.11,0.16,616.13,1.11,141706562.9,153.38,0.0,True,80.83,0.18,0.05,0.12,2025-04-28,45.59,0,,ATH,2.0,False,False
14-04-2025 06:00,KRTEK,7.9,9.26,7.79,9.17,20734253.52,0.09,1.27,0.02,7200.0,1.27,11141983.13,86.09,0.07,True,54.31,-0.35,-0.26,-0.09,2025-04-14,16.12,0,,12.15,6.41,False,False
14-04-2025 06:00,ENERY,3.84,4.74,3.76,4.57,594346372.0,0.17,0.73,0.1,625.27,0.73,246153559.86,141.45,0.23,True,65.31,-0.04,-0.09,0.05,2025-04-14,19.01,0,,4.8,3.08,False,False
14-04-2025 06:00,BOBET,18.73,23.58,18.73,23.32,83293646.0,0.26,4.59,0.03,15200.0,4.59,20411642.9,308.07,0.06,True,56.81,-0.42,-0.27,-0.15,2025-04-14,25.04,0,,25.86,17.52,False,False
14-04-2025 06:00,SUWEN,8.33,10.5,8.06,10.3,60553605.5,0.2,1.97,0.15,1214.67,1.97,17083998.8,254.45,0.1,True,53.42,-0.38,-0.4,0.01,2025-04-14,23.92,0,,12.68,7.84,False,False
07-04-2025 06:00,GZNMI,103.5,131.0,102.7,130.0,3982056.0,1.0,26.5,6.11,334.07,26.5,1930115.5,106.31,0.04,True,90.47,9.5,5.14,4.36,2025-04-07,23.34,0,,ATH,64.2,False,False
07-04-2025 06:00,BLUME,15.15,18.79,14.82,18.79,45888264.0,0.0,3.64,0.17,2016.28,3.64,20894674.1,119.62,0.0,True,61.01,0.18,0.08,0.11,2025-04-07,21.54,0,,ATH,14.36,False,False
07-04-2025 06:00,BIENY,33.5,37.68,32.62,37.64,19549922.0,0.04,4.14,0.72,473.41,4.14,9303486.8,110.14,0.01,True,69.27,0.64,0.22,0.42,2025-04-07,10.97,0,,38.42,28.18,False,False
07-04-2025 06:00,SONME,107.5,136.4,102.3,136.4,1080017.0,0.0,28.9,5.1,466.67,28.9,409254.7,163.9,0.0,True,75.72,5.39,2.37,3.03,2025-04-07,26.41,0,,ATH,77.9,False,False
07-04-2025 06:00,GLCVY,51.4,59.0,48.86,58.65,7286044.0,0.35,7.25,0.65,1008.56,7.25,3702946.0,96.76,0.05,True,67.47,1.12,0.47,0.66,2025-04-07,13.11,0,,ATH,42.0,False,False
02-04-2025 06:00,RUZYE,7.3,9.63,7.3,9.63,26711218.0,0.0,2.33,0.12,1779.03,2.33,16466665.3,62.21,0.0,True,68.43,0.17,0.1,0.07,2025-04-02,32.83,0,,ATH,6.35,False,False
02-04-2025 06:00,CEMTS,10.0,13.03,10.0,13.03,67689815.0,0.0,3.03,0.32,861.9,3.03,25234004.3,168.25,0.0,True,75.9,0.42,0.23,0.2,2025-04-02,32.96,0,,ATH,8.5,False,False
24-03-2025 06:00,POLHO,8.28,11.1,8.28,11.1,52967167.85,0.0,2.83,0.25,1038.89,2.83,20366790.07,160.07,0.0,True,71.89,0.2,0.1,0.1,2025-03-24,34.79,0,,ATH,7.81,False,False
17-03-2025 06:00,USAK,1.71,2.38,1.68,2.26,1981637701.59,0.12,0.54,0.03,1638.2,0.54,599106637.87,230.77,0.22,True,69.08,0.04,0.02,0.01,2025-03-17,31.76,0,,ATH,1.35,False,False
10-03-2025 06:00,GOLTS,414.5,462.5,410.5,462.25,2927968.0,0.25,47.75,3.3,1346.97,47.75,1453137.5,101.49,0.01,True,61.82,-1.02,-0.74,-0.28,2025-03-10,9.99,0,,526.0,376.75,False,False
10-03-2025 06:00,TTRAK,745.0,841.5,732.5,829.0,2270605.0,12.5,84.0,9.9,748.48,84.0,1111295.5,104.32,0.15,True,70.29,1.1,-6.22,7.32,2025-03-10,11.28,0,,ATH,ATL,False,False
10-03-2025 06:00,TRCAS,27.26,35.52,27.2,33.3,21794916.0,2.22,6.04,0.55,1002.19,6.04,10189931.3,113.89,0.37,True,73.12,0.9,0.62,0.28,2025-03-10,22.25,1,35.52,35.52,ATL,False,False
10-03-2025 06:00,MAKTK,7.46,9.49,7.46,9.44,120653698.0,0.05,1.98,0.22,787.89,1.98,31437865.8,283.78,0.03,True,78.78,0.24,0.09,0.15,2025-03-10,27.22,0,,ATH,5.97,False,False
03-03-2025 06:00,EUREN,4.26,5.06,4.23,5.02,268868327.0,0.04,0.76,0.0,18900.0,0.76,102997071.4,161.04,0.05,True,67.67,0.03,0.03,0.0,2025-03-03,18.96,0,,5.1,ATL,False,False
03-03-2025 06:00,PAPIL,13.8,20.34,13.8,18.67,181825304.0,1.67,4.87,0.58,738.21,4.87,59995163.9,203.07,0.34,True,72.18,0.54,0.21,0.33,2025-03-03,35.98,0,,ATH,11.35,False,False
24-02-2025 06:00,MSGYO,5.06,5.6,4.79,5.51,27959405.42,0.09,0.46,0.13,244.83,0.46,16097979.52,73.68,0.19,True,82.49,0.2,0.11,0.09,2025-02-24,9.16,1,5.6,5.6,ATL,False,False
17-02-2025 06:00,GENIL,7.59,9.77,7.43,9.45,142195976.96,0.33,1.85,0.17,961.07,1.85,52798349.98,169.32,0.18,True,75.26,0.33,0.24,0.1,2025-02-17,24.52,0,,ATH,ATL,False,False
17-02-2025 06:00,GRTHO,202.1,239.0,201.9,228.8,5631992.0,10.2,26.7,8.72,206.19,26.7,2677274.9,110.36,0.38,True,80.54,13.59,8.24,5.35,2025-02-17,13.32,0,,ATH,ATL,False,False
20-01-2025 06:00,TTKOM,46.38,49.7,45.88,49.7,189148100.0,0.0,3.32,0.36,817.13,3.32,121321277.6,55.91,0.0,True,62.89,0.18,0.01,0.17,2025-01-20,7.53,0,,ATH,43.14,False,False
13-01-2025 06:00,AVOD,3.11,3.58,3.09,3.51,111574401.0,0.07,0.4,0.07,515.38,0.4,37132257.7,200.48,0.18,True,78.19,0.06,0.02,0.04,2025-01-13,13.23,0,,ATH,ATL,False,False
13-01-2025 06:00,OSTIM,1.75,2.11,1.72,2.08,307061740.12,0.03,0.33,0.06,486.81,0.33,182817354.81,67.96,0.09,True,75.39,0.05,0.02,0.03,2025-01-13,19.12,0,,ATH,ATL,False,False
13-01-2025 06:00,DYOBY,25.4,29.52,25.14,29.18,33423017.0,0.34,3.78,0.57,567.84,3.78,13815212.5,141.93,0.09,True,75.38,0.79,0.41,0.39,2025-01-13,15.06,0,,ATH,ATL,False,False
23-12-2024 06:00,NATEN,11.0,12.61,10.64,12.6,77505940.0,0.01,1.6,0.15,970.95,1.6,30218365.5,156.49,0.01,True,62.74,0.05,-0.07,0.11,2024-12-23,16.02,0,,ATH,9.75,False,False
16-12-2024 06:00,SKYMD,11.54,13.4,10.99,13.3,84466095.0,0.1,1.76,0.35,398.58,1.76,17871435.3,372.63,0.06,True,89.61,0.29,0.12,0.17,2024-12-16,13.19,0,,ATH,ATL,False,False
16-12-2024 06:00,CUSAN,21.42,27.02,21.22,26.56,17883847.0,0.46,5.14,0.72,608.97,5.14,3841313.2,365.57,0.09,True,95.66,0.5,0.2,0.3,2024-12-16,23.88,0,,ATH,ATL,False,False
09-12-2024 06:00,DERHL,2.22,3.29,2.2,3.01,466747663.87,0.28,0.78,0.12,542.16,0.78,199948133.51,133.43,0.36,True,75.04,0.07,0.04,0.03,2024-12-09,37.34,0,,ATH,ATL,False,False
09-12-2024 06:00,BEGYO,4.39,5.59,4.36,5.51,382868469.0,0.08,1.12,0.21,435.89,1.12,130699631.5,192.94,0.07,True,92.63,0.17,0.08,0.1,2024-12-09,25.51,0,,ATH,ATL,False,False
02-12-2024 06:00,YYAPI,1.41,1.86,1.41,1.75,973649932.77,0.11,0.34,0.05,527.19,0.34,376804715.56,158.4,0.34,True,87.21,0.05,0.02,0.04,2024-12-02,24.57,1,1.86,1.86,ATL,False,False
02-12-2024 06:00,MARBL,12.78,13.47,12.63,13.32,21219732.0,0.15,0.54,0.08,620.0,0.54,12402144.0,71.1,0.28,True,88.73,0.09,0.04,0.05,2024-12-02,4.23,0,,ATH,ATL,False,False
02-12-2024 06:00,VESTL,63.3,73.15,62.0,71.1,37991408.0,2.05,7.8,0.52,1400.0,7.8,19889455.4,91.01,0.26,True,78.78,0.8,0.21,0.59,2024-12-02,11.35,0,,ATH,ATL,False,False
25-11-2024 06:00,YESIL,1.47,1.91,1.46,1.91,698562957.0,0.0,0.44,0.04,1000.0,0.44,234326222.8,198.12,0.0,True,87.02,0.03,0.01,0.03,2024-11-25,30.82,0,,ATH,ATL,False,False
