Tarih,Hisse,open,high,low,close,volume,YuksekKapanis_Fark,AcilisKapanis_Fark,AcilisKapanisFark_Ort,AcilisKapanisFark_OrtalamayaGoreDegisim,AcilisKapanisFarkOrt_MaxSon10,HacimOrtalama,%Hacim_HacimOrtalama,Fark_Orani,Kosul,rsi,MACD_12_26_9,MACDs_12_26_9,MACDh_12_26_9,Tarih1,prev_close,%Deg,isPivot,pointpos,destek,direnc,Tsinyal_Banker_Dip,Tsinyal_Banker_DipKarar
22-12-2025 15:00,ISKPL,12.21,12.91,12.19,12.77,8915627.0,0.14,0.56,0.06,833.33,0.56,3253911.8,174.0,0.25,True,73.6,0.06,0.01,0.05,2025-12-22,12.04,6.06,0,,11.8,ATH,False,False
22-12-2025 15:00,ARMGD,62.85,64.85,62.7,64.5,629031.0,0.35,1.65,0.11,1471.43,1.65,375649.8,67.45,0.21,True,59.62,0.34,0.29,0.05,2025-12-22,64.0,0.78,0,,59.85,64.55,False,False
22-12-2025 15:00,SILVR,2.64,2.8,2.64,2.79,2286681.0,0.01,0.15,0.01,971.43,0.15,472299.6,384.16,0.07,True,71.12,0.0,-0.0,0.01,2025-12-22,2.65,5.28,0,,2.61,2.8,False,False
22-12-2025 15:00,ALARK,102.2,105.7,102.2,105.2,5408769.0,0.5,3.0,0.13,2207.69,3.0,1609855.6,235.98,0.17,True,72.04,0.88,0.54,0.35,2025-12-22,100.2,4.99,0,,99.3,ATH,False,False
22-12-2025 15:00,EGSER,3.09,3.21,3.09,3.2,2222677.0,0.01,0.11,0.01,900.0,0.11,695660.7,219.51,0.09,True,66.71,0.02,0.01,0.01,2025-12-22,3.16,1.27,0,,3.04,3.21,False,False
22-12-2025 15:00,TEZOL,11.86,11.99,11.85,11.98,685023.0,0.01,0.12,0.0,5900.0,0.12,274085.3,149.93,0.08,True,53.5,-0.05,-0.06,0.01,2025-12-22,11.85,1.1,0,,11.84,11.99,True,True
22-12-2025 15:00,GWIND,23.68,24.38,23.68,24.3,1685105.0,0.08,0.62,0.03,2114.29,0.62,436501.9,286.05,0.13,True,67.17,0.04,0.02,0.02,2025-12-22,23.94,1.5,0,,23.54,ATH,False,False
22-12-2025 15:00,TURSG,12.55,12.88,12.55,12.85,15097197.0,0.03,0.3,0.02,1775.0,0.3,4896954.2,208.3,0.1,True,69.78,0.07,0.05,0.02,2025-12-22,12.52,2.64,0,,12.22,13.0,False,False
22-12-2025 14:00,INDES,7.05,7.12,7.05,7.12,596408.0,0.0,0.07,0.01,1066.67,0.07,290738.1,105.14,0.0,True,57.21,-0.0,-0.01,0.0,2025-12-22,7.07,0.71,0,,7.05,7.2,False,False
22-12-2025 14:00,CEMZY,45.86,47.92,45.0,47.88,1803710.0,0.04,2.02,0.46,342.98,2.02,636395.8,183.43,0.02,True,76.74,0.87,0.6,0.27,2025-12-22,44.42,7.79,0,,41.66,ATH,False,False
22-12-2025 13:00,EUREN,6.73,6.9,6.69,6.89,52837174.0,0.01,0.16,0.02,540.0,0.16,11776571.0,348.66,0.06,True,73.9,0.04,0.03,0.02,2025-12-22,6.7,2.84,0,,6.57,7.0,False,False
22-12-2025 13:00,BTCIM,4.14,4.34,4.13,4.29,92795485.0,0.05,0.15,0.02,837.5,0.15,21266518.3,336.35,0.33,True,77.24,0.06,0.06,0.01,2025-12-22,4.07,5.41,0,,4.01,ATH,False,False
22-12-2025 13:00,EDIP,36.78,37.36,36.66,37.34,225816.0,0.02,0.56,0.02,3011.11,0.56,119527.2,88.92,0.04,True,57.15,0.07,0.07,0.0,2025-12-22,37.38,-0.11,0,,36.28,38.14,False,False
22-12-2025 12:00,KARSN,9.47,9.6,9.46,9.6,1988348.0,0.0,0.13,0.02,712.5,0.13,709228.9,180.35,0.0,True,66.78,0.01,-0.01,0.02,2025-12-22,9.5,1.05,0,,9.38,9.73,False,False
22-12-2025 12:00,BRKVY,108.8,111.9,108.1,111.2,357254.0,0.7,2.4,0.16,1400.0,2.4,220900.7,61.73,0.29,True,43.87,-2.86,-2.84,-0.02,2025-12-22,110.5,0.63,0,,105.1,135.0,False,False
22-12-2025 12:00,BALSU,16.04,16.39,16.04,16.35,850896.0,0.04,0.31,0.05,507.84,0.31,453937.0,87.45,0.13,True,66.56,0.01,-0.05,0.06,2025-12-22,15.96,2.44,0,,16.03,16.91,False,False
22-12-2025 12:00,IEYHO,63.4,64.55,63.4,64.5,4553908.0,0.05,1.1,0.12,856.52,1.1,2270840.9,100.54,0.05,True,76.77,0.32,0.29,0.03,2025-12-22,63.4,1.74,0,,62.0,ATH,False,False
22-12-2025 11:00,TTKOM,56.9,57.7,56.85,57.55,7610877.0,0.15,0.65,0.07,828.57,0.65,2237579.0,240.14,0.23,True,63.98,0.14,0.08,0.06,2025-12-22,56.75,1.41,0,,56.25,58.4,False,False
22-12-2025 11:00,ATATP,139.4,142.2,139.2,142.1,285491.0,0.1,2.7,0.42,542.86,2.7,99232.3,187.7,0.04,True,66.79,0.24,-0.09,0.33,2025-12-22,137.2,3.57,0,,136.4,145.9,False,False
22-12-2025 11:00,KLSYN,5.98,6.27,5.98,6.23,4043310.0,0.04,0.25,0.04,481.4,0.25,1296654.8,211.83,0.16,True,74.86,0.08,0.07,0.01,2025-12-22,6.03,3.32,0,,5.53,ATH,False,False
22-12-2025 11:00,ESCAR,22.34,22.5,22.24,22.5,972855.0,0.0,0.16,0.02,900.0,0.16,489398.2,98.79,0.0,True,66.69,0.15,0.17,-0.02,2025-12-22,22.2,1.35,0,,22.12,22.7,False,False
22-12-2025 11:00,AVOD,3.75,3.89,3.71,3.88,1860427.0,0.01,0.13,0.03,348.28,0.13,570136.6,226.31,0.08,True,83.7,0.05,0.01,0.04,2025-12-22,3.54,9.6,0,,3.46,ATH,False,False
22-12-2025 11:00,NTHOL,47.68,48.66,47.68,48.52,581011.0,0.14,0.84,0.12,624.14,0.84,290579.6,99.95,0.17,True,76.97,0.11,0.02,0.1,2025-12-22,47.18,2.84,0,,46.98,48.88,False,False
22-12-2025 11:00,AEFES,16.38,16.63,16.34,16.61,13836152.0,0.02,0.23,0.02,1337.5,0.23,6887104.7,100.9,0.09,True,49.68,-0.04,-0.02,-0.02,2025-12-22,16.52,0.54,0,,16.52,16.93,False,False
22-12-2025 11:00,ARSAN,3.26,3.51,3.26,3.5,21725620.0,0.01,0.24,0.04,566.67,0.24,6090218.8,256.73,0.04,True,74.38,0.01,-0.02,0.03,2025-12-22,3.22,8.7,0,,3.05,ATH,False,False
22-12-2025 10:00,ISCTR,14.04,14.18,14.0,14.15,198736429.0,0.03,0.11,0.02,587.5,0.11,64501727.6,208.11,0.27,True,69.29,0.04,0.03,0.01,2025-12-22,14.02,0.93,0,,13.71,ATH,False,False
22-12-2025 10:00,KRVGD,2.54,2.69,2.54,2.67,7972860.0,0.02,0.13,0.01,1344.44,0.13,1524986.6,422.82,0.15,True,61.14,-0.0,0.0,-0.0,2025-12-22,2.51,6.37,0,,2.51,2.73,False,False
22-12-2025 10:00,MAKTK,13.23,13.8,13.23,13.68,2125820.0,0.12,0.45,0.05,900.0,0.45,750727.0,183.17,0.27,True,72.37,0.08,0.04,0.04,2025-12-22,13.22,3.48,0,,12.9,13.82,False,False
22-12-2025 10:00,GARAN,142.4,144.5,142.1,144.3,9462675.0,0.2,1.9,0.07,2614.29,1.9,3128234.6,202.49,0.11,True,67.03,0.53,0.56,-0.03,2025-12-22,142.0,1.62,0,,141.4,ATH,False,False
22-12-2025 10:00,INFO,3.49,3.55,3.49,3.55,4606601.0,0.0,0.06,0.01,900.0,0.06,1924751.9,139.33,0.0,True,56.52,-0.03,-0.04,0.01,2025-12-22,3.49,1.72,0,,3.45,3.59,True,False
22-12-2025 10:00,GUBRF,330.75,340.75,330.0,339.0,1027193.0,1.75,8.25,0.57,1334.78,8.25,352397.1,191.49,0.21,True,68.8,0.53,-0.53,1.06,2025-12-22,327.0,3.67,0,,325.75,342.0,False,False
22-12-2025 10:00,BSOKE,16.53,17.21,16.53,17.14,5193321.0,0.07,0.61,0.06,916.67,0.61,1267800.3,309.63,0.11,True,66.27,0.05,0.04,0.01,2025-12-22,16.48,4.0,0,,16.05,ATH,False,False
22-12-2025 10:00,BUCIM,7.02,7.07,7.0,7.06,1900038.0,0.01,0.04,0.01,566.67,0.04,910690.3,108.64,0.25,True,59.27,0.01,0.02,-0.0,2025-12-22,7.0,0.86,0,,6.98,7.1,False,False
22-12-2025 10:00,ENKAI,78.3,79.4,78.25,79.15,2445615.0,0.25,0.85,0.12,639.13,0.85,863844.7,183.11,0.29,True,53.19,-0.37,-0.48,0.11,2025-12-22,78.25,1.15,0,,77.65,80.5,True,False
22-12-2025 10:00,CCOLA,59.25,60.4,59.1,60.4,1049684.0,0.0,1.15,0.09,1177.78,1.15,455601.1,130.4,0.0,True,58.31,-0.07,-0.04,-0.03,2025-12-22,59.25,1.94,0,,59.15,61.1,False,False
22-12-2025 10:00,CEMTS,11.59,11.83,11.59,11.81,636451.0,0.02,0.22,0.02,1122.22,0.22,388824.1,63.69,0.09,True,54.37,-0.07,-0.08,0.01,2025-12-22,11.62,1.64,0,,11.53,12.09,True,True
22-12-2025 10:00,DOHOL,17.92,18.76,17.92,18.63,14146235.0,0.13,0.71,0.09,716.09,0.71,2386590.5,492.74,0.18,True,82.14,0.1,0.02,0.08,2025-12-22,17.82,4.55,0,,17.43,ATH,False,False
22-12-2025 10:00,MHRGY,3.44,3.46,3.4,3.46,1084649.0,0.0,0.02,0.0,1900.0,0.02,564716.4,92.07,0.0,True,42.74,-0.02,-0.02,-0.0,2025-12-22,3.43,0.87,0,,ATL,3.55,True,True
22-12-2025 10:00,DITAS,45.7,47.0,45.7,46.86,205431.0,0.14,1.16,0.16,643.59,1.16,77531.6,164.96,0.12,True,66.66,0.28,0.24,0.04,2025-12-22,45.18,3.72,0,,44.72,47.4,False,False
22-12-2025 10:00,CVKMD,24.06,25.08,24.04,24.86,11471299.0,0.22,0.8,0.11,654.72,0.8,2743253.7,318.16,0.27,True,76.04,0.3,0.24,0.06,2025-12-22,23.78,4.54,0,,22.46,ATH,False,False
22-12-2025 10:00,SARKY,16.35,16.75,16.35,16.69,1478090.0,0.06,0.34,0.05,639.13,0.34,203539.8,626.19,0.18,True,64.57,-0.02,-0.05,0.03,2025-12-22,16.27,2.58,0,,16.12,16.95,False,False
22-12-2025 10:00,ALKLC,180.0,189.9,180.0,189.9,578121.0,0.0,9.9,2.05,382.93,9.9,160914.7,259.27,0.0,True,77.4,2.63,0.99,1.64,2025-12-22,179.8,5.62,0,,166.0,ATH,False,False
22-12-2025 10:00,ALBRK,8.23,8.29,8.21,8.28,2010114.0,0.01,0.05,0.01,455.56,0.05,1002018.3,100.61,0.2,True,57.61,-0.0,-0.01,0.01,2025-12-22,8.21,0.85,0,,8.16,8.36,False,False
22-12-2025 10:00,TUKAS,2.53,2.54,2.52,2.54,22799932.0,0.0,0.01,0.0,900.0,0.01,8454538.6,169.68,0.0,True,51.25,-0.01,-0.01,0.0,2025-12-22,2.52,0.79,0,,2.5,2.57,True,False
22-12-2025 10:00,ULUUN,6.63,6.68,6.63,6.68,406663.0,0.0,0.05,0.0,4900.0,0.05,155429.7,161.64,0.0,True,49.31,-0.04,-0.04,0.01,2025-12-22,6.59,1.37,0,,6.59,6.96,True,False
22-12-2025 10:00,VAKBN,30.68,31.36,30.68,31.18,19800874.0,0.18,0.5,0.04,1090.48,0.5,5059174.3,291.39,0.36,True,70.1,0.22,0.23,-0.01,2025-12-22,30.66,1.7,0,,30.44,31.26,False,False
22-12-2025 10:00,TNZTP,21.16,21.3,20.9,21.3,372045.0,0.0,0.14,0.03,438.46,0.14,119399.5,211.6,0.0,True,58.1,-0.04,-0.07,0.03,2025-12-22,21.06,1.14,0,,20.78,21.5,False,False
22-12-2025 10:00,ARTMS,41.14,42.78,40.9,42.5,609737.0,0.28,1.36,0.13,930.3,1.36,132114.8,361.52,0.21,True,65.87,0.18,0.12,0.06,2025-12-22,40.82,4.12,0,,39.8,43.16,False,False
22-12-2025 10:00,AKBNK,72.0,73.1,71.6,72.9,19519556.0,0.2,0.9,0.15,520.69,0.9,9169889.6,112.87,0.22,True,79.24,0.41,0.28,0.13,2025-12-22,71.8,1.53,0,,69.9,ATH,False,False
22-12-2025 10:00,VSNMD,94.5,96.4,94.5,96.0,441874.0,0.4,1.5,0.31,376.19,1.5,165551.0,166.91,0.27,True,68.88,0.36,0.18,0.19,2025-12-22,94.4,1.69,0,,92.6,98.65,False,False
22-12-2025 10:00,XBANK,16790.59,17019.97,16745.41,16990.06,360412463.0,29.91,199.47,26.19,661.66,199.47,113125454.3,218.6,0.15,True,76.6,69.33,53.86,15.47,2025-12-22,16741.67,1.48,0,,16486.71,ATH,False,False
22-12-2025 10:00,YKBNK,36.88,37.5,36.7,37.46,48498879.0,0.04,0.58,0.06,900.0,0.58,15540707.5,212.08,0.07,True,68.48,0.13,0.11,0.03,2025-12-22,36.84,1.68,0,,36.04,ATH,False,False
22-12-2025 10:00,OFSYM,65.6,67.85,65.0,67.5,515718.0,0.35,1.9,0.26,630.77,1.9,256767.0,100.85,0.18,True,75.51,0.47,0.38,0.09,2025-12-22,65.45,3.13,0,,64.7,67.85,False,False
22-12-2025 10:00,TSKB,13.03,13.15,13.0,13.12,6169647.0,0.03,0.09,0.01,1025.0,0.09,2028708.2,204.12,0.33,True,62.34,0.02,0.02,0.0,2025-12-22,13.05,0.54,0,,12.91,13.25,False,False
19-12-2025 18:00,SASA,2.84,2.85,2.84,2.85,76251979.0,0.0,0.01,0.0,233.33,0.01,31752893.3,140.14,0.0,True,49.79,-0.01,-0.01,0.0,2025-12-19,2.83,0.71,0,,2.83,2.87,True,False
19-12-2025 17:00,VESBE,8.15,8.24,8.15,8.23,2006296.0,0.01,0.08,0.01,1042.86,0.08,584733.0,243.11,0.12,True,57.29,-0.03,-0.04,0.01,2025-12-19,8.17,0.73,0,,8.1,8.29,True,False
19-12-2025 17:00,VAKFN,1.94,1.95,1.93,1.95,13875000.0,0.0,0.01,0.0,900.0,0.01,3727841.2,272.2,0.0,True,52.76,-0.01,-0.01,0.0,2025-12-19,1.93,1.04,0,,1.92,2.05,True,False
19-12-2025 17:00,ULUFA,3.79,3.85,3.79,3.85,2063658.0,0.0,0.06,0.0,2900.0,0.06,684812.3,201.35,0.0,True,57.26,-0.01,-0.02,0.0,2025-12-19,3.8,1.32,0,,3.78,3.96,True,True
19-12-2025 17:00,DMSAS,12.23,12.3,12.22,12.3,301211.0,0.0,0.07,0.01,536.36,0.07,96387.2,212.5,0.0,True,65.23,0.03,0.03,0.0,2025-12-19,12.16,1.15,0,,12.09,12.5,False,False
19-12-2025 17:00,GESAN,45.3,45.6,45.08,45.6,784839.0,0.0,0.3,0.02,1400.0,0.3,377254.0,108.04,0.0,True,61.95,0.16,0.14,0.02,2025-12-19,45.38,0.48,2,45.08,45.08,45.96,False,False
19-12-2025 17:00,FZLGY,12.76,12.9,12.75,12.89,551821.0,0.01,0.13,0.02,550.0,0.13,202654.2,172.3,0.08,True,64.34,0.07,0.06,0.0,2025-12-19,12.74,1.18,0,,12.64,12.94,False,False
19-12-2025 17:00,MEKAG,4.01,4.16,3.98,4.15,2188179.0,0.01,0.14,0.0,6900.0,0.14,791305.3,176.53,0.07,True,69.16,0.05,0.04,0.01,2025-12-19,4.11,0.97,0,,3.75,ATH,False,False
19-12-2025 17:00,GMTAS,45.14,45.5,45.08,45.4,208102.0,0.1,0.26,0.01,4233.33,0.26,91533.4,127.35,0.38,True,56.86,-0.0,-0.02,0.02,2025-12-19,45.32,0.18,0,,44.9,45.58,False,False
19-12-2025 17:00,TEKTU,12.48,12.62,12.36,12.6,1680603.0,0.02,0.12,0.03,313.79,0.12,1115695.7,50.63,0.17,True,45.48,-0.18,-0.23,0.05,2025-12-19,12.38,1.78,0,,12.15,14.82,True,False
19-12-2025 17:00,TDGYO,39.28,40.0,39.26,40.0,238288.0,0.0,0.72,0.06,1061.29,0.72,77064.5,209.21,0.0,True,67.64,0.18,0.13,0.05,2025-12-19,39.16,2.15,1,40.0,38.4,ATH,False,False
19-12-2025 17:00,HUNER,3.22,3.25,3.22,3.25,1743098.0,0.0,0.03,0.0,1400.0,0.03,946860.3,84.09,0.0,True,56.94,-0.0,-0.0,0.0,2025-12-19,3.24,0.31,0,,3.2,3.27,False,False
19-12-2025 17:00,TATEN,14.04,14.6,13.96,14.6,7616347.0,0.0,0.56,0.06,849.15,0.56,2908300.1,161.88,0.0,True,53.59,-0.22,-0.33,0.12,2025-12-19,14.64,-0.27,0,,13.19,14.64,False,False
19-12-2025 17:00,ADESE,1.64,1.72,1.64,1.71,115814095.0,0.01,0.07,0.0,1650.0,0.07,28427165.2,307.41,0.14,True,56.94,-0.02,-0.03,0.01,2025-12-19,1.66,3.01,0,,1.61,1.8,True,False
19-12-2025 17:00,SANFM,7.39,7.68,7.35,7.67,2533453.0,0.01,0.28,0.02,1547.06,0.28,571503.6,343.3,0.04,True,67.98,0.04,0.04,0.0,2025-12-19,7.4,3.65,2,7.35,7.35,7.79,False,False
19-12-2025 17:00,KCAER,10.59,10.7,10.59,10.69,1928942.0,0.01,0.1,0.01,809.09,0.1,643700.0,199.66,0.1,True,61.87,-0.01,-0.03,0.02,2025-12-19,10.6,0.85,0,,10.47,10.76,False,False
19-12-2025 17:00,PEKGY,12.11,13.4,12.07,13.4,325226966.0,0.0,1.29,0.12,948.78,1.29,45076034.0,621.51,0.0,True,88.77,0.14,0.08,0.06,2025-12-19,12.19,9.93,2,12.07,12.07,ATH,False,False
19-12-2025 17:00,KNFRT,10.88,10.95,10.86,10.94,163855.0,0.01,0.06,0.01,500.0,0.06,100805.4,62.55,0.17,True,52.02,-0.02,-0.02,0.0,2025-12-19,10.9,0.37,0,,10.83,11.09,True,True
19-12-2025 17:00,MNDTR,7.05,7.19,7.03,7.19,2234096.0,0.0,0.14,0.01,900.0,0.14,426131.4,424.27,0.0,True,63.6,0.01,-0.0,0.01,2025-12-19,7.06,1.84,0,,7.02,7.2,False,False
19-12-2025 17:00,MNDRS,13.49,13.59,13.43,13.57,317690.0,0.02,0.08,0.01,1500.0,0.08,206561.6,53.8,0.25,True,55.25,-0.01,-0.03,0.02,2025-12-19,13.44,0.97,0,,13.38,13.67,True,False
19-12-2025 17:00,ZRGYO,22.82,23.02,22.8,22.98,145573.0,0.04,0.16,0.01,1233.33,0.16,75112.1,93.81,0.25,True,57.76,-0.0,-0.02,0.02,2025-12-19,22.6,1.68,0,,22.58,23.86,False,False
19-12-2025 17:00,BLUME,48.38,48.9,48.38,48.84,406047.0,0.06,0.46,0.05,784.62,0.46,142468.3,185.01,0.13,True,67.13,0.35,0.36,-0.01,2025-12-19,48.0,1.75,0,,46.08,49.12,False,False
19-12-2025 17:00,AYDEM,19.7,20.54,19.61,20.5,2809021.0,0.04,0.8,0.08,952.63,0.8,436309.3,543.81,0.05,True,75.16,0.04,-0.01,0.05,2025-12-19,19.76,3.74,0,,19.58,ATH,False,False
19-12-2025 17:00,ASELS,208.7,211.3,208.5,211.1,5599725.0,0.2,2.4,0.65,269.23,2.4,3123316.3,79.29,0.08,True,72.52,0.97,0.18,0.79,2025-12-19,204.4,3.28,0,,200.0,214.2,False,False
19-12-2025 16:00,CWENE,28.26,28.68,28.24,28.62,6437502.0,0.06,0.36,0.01,4400.0,0.36,2502409.4,157.25,0.17,True,51.66,-0.12,-0.12,0.0,2025-12-19,28.5,0.42,0,,27.84,30.98,True,True
19-12-2025 16:00,LILAK,29.3,29.88,29.26,29.86,2208340.0,0.02,0.56,0.12,359.02,0.56,757935.3,191.36,0.04,True,74.06,0.22,0.08,0.15,2025-12-19,28.4,5.14,0,,27.88,30.0,False,False
19-12-2025 16:00,DOFRB,75.2,75.8,75.05,75.65,652207.0,0.15,0.45,0.02,2150.0,0.45,426065.8,53.08,0.33,True,57.58,0.08,0.03,0.05,2025-12-19,75.0,0.87,0,,73.25,76.1,False,False
19-12-2025 16:00,BIENY,27.3,27.58,27.3,27.52,268216.0,0.06,0.22,0.03,633.33,0.22,137743.8,94.72,0.27,True,55.29,-0.06,-0.08,0.02,2025-12-19,27.26,0.95,0,,27.1,28.2,True,True
19-12-2025 15:00,AGHOL,29.8,30.06,29.78,30.06,539450.0,0.0,0.26,0.01,1757.14,0.26,357531.9,50.88,0.0,True,56.02,0.01,0.02,-0.01,2025-12-19,30.08,-0.07,0,,29.58,30.3,False,False
19-12-2025 15:00,OSMEN,8.08,8.14,8.06,8.14,490080.0,0.0,0.06,0.0,5900.0,0.06,307780.0,59.23,0.0,True,44.31,-0.05,-0.05,0.0,2025-12-19,8.13,0.12,0,,8.05,8.29,True,True
19-12-2025 15:00,ICBCT,13.69,13.78,13.65,13.76,204426.0,0.02,0.07,0.01,600.0,0.07,73330.1,178.78,0.29,True,62.08,0.01,-0.01,0.01,2025-12-19,13.66,0.73,0,,13.58,13.81,False,False
19-12-2025 15:00,ISFIN,18.96,19.36,18.96,19.32,536397.0,0.04,0.36,0.02,1465.22,0.36,117740.7,355.57,0.11,True,66.89,0.01,-0.0,0.01,2025-12-19,19.02,1.58,0,,18.93,ATH,False,False
19-12-2025 15:00,MERKO,12.3,12.37,12.29,12.37,411598.0,0.0,0.07,0.0,2233.33,0.07,270003.8,52.44,0.0,True,51.01,-0.03,-0.05,0.02,2025-12-19,12.3,0.57,0,,12.21,12.9,True,False
19-12-2025 15:00,BULGS,41.7,43.0,41.64,42.68,3336942.0,0.32,0.98,0.12,703.28,0.98,933290.8,257.55,0.33,True,67.05,0.06,-0.06,0.12,2025-12-19,41.22,3.54,0,,41.02,43.7,False,False
19-12-2025 15:00,KTLEV,16.71,17.03,16.7,16.94,5814434.0,0.09,0.23,0.02,1050.0,0.23,2476571.2,134.78,0.39,True,54.84,-0.08,-0.12,0.04,2025-12-19,16.55,2.36,0,,16.45,17.3,False,False
19-12-2025 14:00,RUZYE,12.15,12.44,12.02,12.42,1909947.0,0.02,0.27,0.01,2600.0,0.27,631048.0,202.66,0.07,True,48.29,-0.14,-0.14,0.01,2025-12-19,12.21,1.72,2,12.02,12.02,13.11,True,True
19-12-2025 14:00,PRKME,17.55,17.76,17.55,17.74,422834.0,0.02,0.19,0.02,726.09,0.19,119394.2,254.15,0.11,True,75.21,0.07,0.04,0.02,2025-12-19,17.52,1.26,0,,17.0,ATH,False,False
19-12-2025 13:00,MANAS,13.41,13.95,13.41,13.83,5967529.0,0.12,0.42,0.04,976.92,0.42,1379054.9,332.73,0.29,True,40.15,-0.46,-0.38,-0.08,2025-12-19,14.89,-7.12,0,,13.41,15.8,False,False
19-12-2025 13:00,TERA,326.75,337.0,326.25,336.25,1928518.0,0.75,9.5,0.95,900.0,9.5,386207.7,399.35,0.08,True,71.8,0.93,0.61,0.32,2025-12-19,325.0,3.46,0,,321.25,ATH,False,False
19-12-2025 13:00,BORSK,6.39,6.6,6.36,6.56,4757660.0,0.04,0.17,0.0,8400.0,0.17,1473939.5,222.79,0.24,True,52.85,-0.04,-0.03,-0.01,2025-12-19,6.42,2.18,1,6.6,6.36,6.6,False,False
19-12-2025 12:00,GIPTA,66.75,71.2,64.65,70.9,7482104.0,0.3,4.15,0.5,721.78,4.15,3555278.5,110.45,0.07,True,47.21,-3.38,-2.79,-0.59,2025-12-19,67.1,5.66,0,,60.4,89.3,False,False
19-12-2025 12:00,TRMET,103.0,104.6,102.7,104.4,2093199.0,0.2,1.4,0.15,833.33,1.4,859644.3,143.5,0.14,True,68.55,0.53,0.36,0.16,2025-12-19,101.1,3.26,0,,100.3,105.2,False,False
19-12-2025 12:00,ARDYZ,35.44,36.04,35.44,35.9,1069823.0,0.14,0.46,0.01,4500.0,0.46,540928.9,97.78,0.3,True,47.16,-0.5,-0.58,0.08,2025-12-19,34.96,2.69,0,,34.5,39.56,True,True
19-12-2025 12:00,YKSLN,3.45,3.52,3.44,3.52,2197907.0,0.0,0.07,0.0,2233.33,0.07,1452038.3,51.37,0.0,True,48.43,-0.01,-0.01,-0.0,2025-12-19,3.53,-0.28,2,3.44,3.44,3.57,False,False
19-12-2025 12:00,OSTIM,3.32,3.43,3.3,3.43,3207742.0,0.0,0.11,0.01,685.71,0.11,1487997.5,115.57,0.0,True,63.83,0.02,0.02,0.0,2025-12-19,3.3,3.94,1,3.43,3.24,3.48,False,False
19-12-2025 11:00,HURGZ,5.72,5.88,5.7,5.87,1952403.0,0.01,0.15,0.01,1775.0,0.15,340968.6,472.6,0.07,True,54.79,-0.05,-0.06,0.01,2025-12-19,5.67,3.53,0,,5.85,6.2,True,True
19-12-2025 11:00,GLCVY,81.7,83.95,81.7,83.75,389565.0,0.2,2.05,0.3,594.92,2.05,112308.2,246.87,0.1,True,75.39,0.31,-0.02,0.34,2025-12-19,79.5,5.35,0,,78.0,ATH,False,False
19-12-2025 11:00,SUNTK,47.12,48.28,46.6,48.06,637203.0,0.22,0.94,0.04,2373.68,0.94,320283.2,98.95,0.23,True,67.9,1.08,1.11,-0.02,2025-12-19,47.98,0.17,2,46.6,46.6,ATH,False,False
19-12-2025 11:00,KRONT,12.68,13.32,12.66,13.21,1365851.0,0.11,0.53,0.07,657.14,0.53,256684.9,432.11,0.21,True,76.41,0.03,-0.04,0.07,2025-12-19,12.57,5.09,0,,12.32,13.52,False,False
19-12-2025 11:00,AKENR,11.57,11.75,11.37,11.72,4320730.0,0.03,0.15,0.01,971.43,0.15,1377604.6,213.64,0.2,True,52.74,-0.11,-0.13,0.02,2025-12-19,11.38,2.99,0,,11.27,12.87,True,True
19-12-2025 10:00,USAK,3.38,3.54,3.36,3.51,118000612.0,0.03,0.13,0.02,490.91,0.13,26539577.6,344.62,0.23,True,83.99,0.15,0.12,0.03,2025-12-19,3.3,6.36,0,,2.72,ATH,False,False
19-12-2025 10:00,TRALT,40.34,42.0,40.2,41.64,63152973.0,0.36,1.3,0.18,622.22,1.3,21405403.5,195.03,0.28,True,79.49,0.76,0.67,0.09,2025-12-19,40.14,3.74,0,,34.92,42.92,False,False
19-12-2025 10:00,ALTIN,87.48,88.16,87.48,87.99,5872328.0,0.17,0.51,0.04,1143.9,0.51,3033304.5,93.6,0.33,True,75.14,0.74,0.81,-0.06,2025-12-19,87.39,0.69,0,,86.1,ATH,False,False
19-12-2025 10:00,SAFKR,25.8,26.84,25.72,26.72,2296639.0,0.12,0.92,0.13,630.16,0.92,562378.7,308.38,0.13,True,78.45,0.23,0.13,0.11,2025-12-19,25.72,3.89,0,,24.62,ATH,False,False
19-12-2025 10:00,YESIL,2.12,2.14,2.1,2.14,3091616.0,0.0,0.02,0.0,900.0,0.02,1975356.7,56.51,0.0,True,50.84,-0.01,-0.01,0.0,2025-12-19,2.11,1.42,2,2.1,2.1,2.17,True,True
19-12-2025 10:00,IZFAS,47.14,48.74,47.0,48.32,1371709.0,0.42,1.18,0.06,1743.75,1.18,361542.2,279.4,0.36,True,70.89,0.41,0.35,0.07,2025-12-19,47.0,2.81,0,,45.12,ATH,False,False
19-12-2025 10:00,BEYAZ,26.88,28.3,26.54,27.94,2096663.0,0.36,1.06,0.07,1414.29,1.06,285541.1,634.28,0.34,True,62.8,-0.17,-0.28,0.11,2025-12-19,26.32,6.16,1,28.3,ATL,28.3,True,False
19-12-2025 10:00,MTRKS,22.22,22.96,22.2,22.9,582136.0,0.06,0.68,0.07,844.44,0.68,123591.2,371.02,0.09,True,57.18,-0.27,-0.37,0.1,2025-12-19,22.1,3.62,0,,21.92,24.18,True,False
19-12-2025 10:00,ODAS,5.28,5.3,5.25,5.3,4079431.0,0.0,0.02,0.0,900.0,0.02,1950043.8,109.2,0.0,True,51.81,-0.01,-0.02,0.0,2025-12-19,5.27,0.57,2,5.25,5.25,5.31,True,False
19-12-2025 10:00,LINK,229.7,236.2,227.7,234.4,350690.0,1.8,4.7,0.37,1170.27,4.7,69148.9,407.15,0.38,True,58.9,-0.71,-1.12,0.41,2025-12-19,228.4,2.63,2,227.7,227.7,244.3,False,False
19-12-2025 10:00,BAHKM,59.35,64.95,58.05,64.55,1883604.0,0.4,5.2,0.59,773.95,5.2,415132.5,353.74,0.08,True,68.93,1.06,1.09,-0.03,2025-12-19,59.4,8.67,2,58.05,58.05,68.75,False,False
19-12-2025 10:00,NIBAS,3.86,4.06,3.83,4.01,9950757.0,0.05,0.15,0.01,1400.0,0.15,1715387.0,480.09,0.33,True,56.36,-0.05,-0.07,0.02,2025-12-19,3.85,4.16,2,3.83,3.83,4.2,True,True
18-12-2025 17:00,LRSHO,5.31,5.57,5.28,5.56,9919995.0,0.01,0.25,0.03,861.54,0.25,2318261.9,327.91,0.04,True,61.61,-0.04,-0.06,0.02,2025-12-18,5.31,4.71,0,,5.3,5.58,True,True
18-12-2025 17:00,BJKAS,1.74,1.92,1.73,1.92,22255720.0,0.0,0.18,0.02,900.0,0.18,4333171.7,413.61,0.0,True,81.19,0.02,0.0,0.01,2025-12-18,1.75,9.71,1,1.92,1.72,ATH,False,False
18-12-2025 17:00,ECILC,83.3,85.55,82.95,85.4,1611518.0,0.15,2.1,0.23,813.04,2.1,411722.9,291.41,0.07,True,67.18,-0.31,-0.55,0.24,2025-12-18,83.05,2.83,0,,81.9,ATH,True,False
18-12-2025 17:00,OZYSR,42.9,43.86,42.78,43.86,154711.0,0.0,0.96,0.04,2081.82,0.96,57633.8,168.44,0.0,True,48.49,-0.44,-0.41,-0.03,2025-12-18,43.52,0.78,0,,43.12,47.46,False,False
18-12-2025 16:00,EGEGY,23.76,24.18,23.7,24.1,337702.0,0.08,0.34,0.0,16900.0,0.34,158218.1,113.44,0.24,True,53.26,-0.09,-0.09,0.0,2025-12-18,24.0,0.42,0,,23.42,24.38,False,False
18-12-2025 16:00,KLYPV,58.3,60.5,58.3,60.15,766738.0,0.35,1.85,0.1,1750.0,1.85,160113.1,378.87,0.19,True,64.57,-0.17,-0.3,0.12,2025-12-18,58.3,3.17,1,60.5,58.0,60.5,True,True
18-12-2025 15:00,KZBGY,10.39,10.92,10.36,10.77,6856199.0,0.15,0.38,0.03,1051.52,0.38,1291477.3,430.88,0.39,True,64.69,-0.05,-0.09,0.04,2025-12-18,10.4,3.56,1,10.92,10.31,10.92,True,False
18-12-2025 14:00,MEGMT,57.0,58.8,56.45,58.5,2964805.0,0.3,1.5,0.31,391.8,1.5,1004319.5,195.21,0.2,True,75.69,0.32,0.01,0.31,2025-12-18,54.85,6.65,0,,54.8,ATH,False,False
18-12-2025 14:00,MERIT,17.46,17.84,17.41,17.81,1811106.0,0.03,0.35,0.02,1742.11,0.35,446761.4,305.39,0.09,True,59.08,0.01,-0.0,0.01,2025-12-18,17.42,2.24,0,,17.34,18.28,False,False
18-12-2025 12:00,DENGE,3.41,3.62,3.37,3.58,3868442.0,0.04,0.17,0.02,844.44,0.17,1602628.9,141.38,0.24,True,63.89,-0.04,-0.06,0.02,2025-12-18,3.32,7.83,1,3.62,3.25,3.62,True,False
18-12-2025 12:00,SNICA,4.18,4.31,4.17,4.3,10653063.0,0.01,0.12,0.03,328.57,0.12,2712367.4,292.76,0.08,True,84.34,0.04,0.01,0.03,2025-12-18,3.99,7.77,0,,3.93,ATH,False,False
18-12-2025 11:00,TUCLK,4.7,4.74,4.69,4.73,1197556.0,0.01,0.03,0.0,1.68884986026394e+16,0.03,601530.6,99.08,0.33,True,49.58,-0.02,-0.03,0.01,2025-12-18,4.69,0.85,1,4.74,4.67,4.74,True,True
18-12-2025 11:00,METRO,4.96,5.37,4.92,5.33,9641278.0,0.04,0.37,0.03,1175.86,0.37,2498570.3,285.87,0.11,True,71.52,-0.03,-0.06,0.03,2025-12-18,4.89,9.0,1,5.37,4.85,5.37,True,False
18-12-2025 10:00,ALVES,24.8,25.9,24.68,25.74,4715937.0,0.16,0.94,0.09,993.02,0.94,621597.5,658.68,0.17,True,81.0,0.11,0.04,0.07,2025-12-18,24.54,4.89,0,,24.5,ATH,False,False
18-12-2025 10:00,ANSGR,24.26,24.68,24.18,24.66,2278854.0,0.02,0.4,0.06,525.0,0.4,684297.4,233.02,0.05,True,79.39,0.15,0.1,0.04,2025-12-18,24.26,1.65,1,24.68,23.64,24.68,False,False
18-12-2025 10:00,ATLAS,6.21,6.66,6.01,6.6,1731796.0,0.06,0.39,0.09,319.35,0.39,403751.7,328.93,0.15,True,91.35,0.17,0.09,0.08,2025-12-18,6.19,6.62,0,,5.59,ATH,False,False
18-12-2025 10:00,ISDMR,36.36,36.6,36.26,36.54,601785.0,0.06,0.18,0.01,1185.71,0.18,235505.1,155.53,0.33,True,63.03,0.05,0.03,0.02,2025-12-18,36.28,0.72,0,,35.98,36.64,False,False
18-12-2025 10:00,PGSUS,209.7,212.8,209.2,212.7,8101711.0,0.1,3.0,0.64,368.75,3.0,2269185.9,257.03,0.03,True,78.54,1.01,0.57,0.44,2025-12-18,209.1,1.72,0,,205.5,ATH,False,False
18-12-2025 10:00,MOGAN,8.16,8.24,8.14,8.24,866677.0,0.0,0.08,0.0,1900.0,0.08,395136.9,119.34,0.0,True,62.66,-0.01,-0.01,0.01,2025-12-18,8.14,1.23,1,8.24,8.09,8.33,False,False
18-12-2025 10:00,ALTNY,62.6,64.45,62.3,64.0,2359473.0,0.45,1.4,0.11,1172.73,1.4,416640.5,466.31,0.32,True,69.63,-0.07,-0.23,0.16,2025-12-18,62.2,2.89,0,,61.8,64.55,True,False
18-12-2025 10:00,SOKM,50.55,51.15,50.5,51.1,503004.0,0.05,0.55,0.07,746.15,0.55,301360.1,66.91,0.09,True,53.51,-0.08,-0.02,-0.05,2025-12-18,50.5,1.19,0,,50.4,51.85,False,False
18-12-2025 10:00,QUAGR,2.81,2.91,2.8,2.9,72231371.0,0.01,0.09,0.0,4400.0,0.09,17266423.7,318.33,0.11,True,44.61,-0.06,-0.07,0.01,2025-12-18,2.81,3.2,2,2.8,2.8,3.16,True,True
18-12-2025 10:00,MIATK,38.34,39.56,37.82,39.42,13892640.0,0.14,1.08,0.09,1048.94,1.08,2087111.2,565.64,0.13,True,70.52,0.14,0.05,0.09,2025-12-18,37.7,4.56,0,,37.7,ATH,False,False
18-12-2025 10:00,MAGEN,38.0,38.64,37.66,38.5,4100937.0,0.14,0.5,0.02,2400.0,0.5,1069916.5,283.3,0.28,True,65.77,0.44,0.45,-0.01,2025-12-18,38.0,1.32,0,,35.98,38.8,False,False
18-12-2025 10:00,RYSAS,14.47,15.16,14.47,15.14,7928532.0,0.02,0.67,0.03,1993.75,0.67,1680692.4,371.74,0.03,True,75.01,0.14,0.1,0.04,2025-12-18,14.43,4.92,0,,13.9,ATH,False,False
18-12-2025 10:00,EFOR,30.72,31.66,30.5,31.6,5070410.0,0.06,0.88,0.2,331.37,0.88,1059098.7,378.75,0.07,True,64.68,0.41,0.29,0.12,2025-12-18,30.58,3.34,0,,28.24,31.94,False,False
18-12-2025 10:00,GENTS,10.95,11.14,10.81,11.11,1239506.0,0.03,0.16,0.01,966.67,0.16,532405.3,132.81,0.19,True,58.6,0.0,0.01,-0.0,2025-12-18,10.95,1.46,0,,10.77,11.31,False,False
18-12-2025 10:00,GZNMI,74.0,80.9,74.0,80.9,3220789.0,0.0,6.9,0.38,1740.0,6.9,699920.1,360.17,0.0,True,53.24,-2.76,-3.33,0.57,2025-12-18,73.55,9.99,1,80.9,73.0,93.95,True,True
18-12-2025 10:00,AKGRT,7.3,7.5,7.27,7.46,4534449.0,0.04,0.16,0.02,841.18,0.16,1418236.2,219.72,0.25,True,72.77,0.06,0.05,0.01,2025-12-18,7.3,2.19,0,,7.19,ATH,False,False
18-12-2025 10:00,FENER,9.39,9.55,9.37,9.51,5142487.0,0.04,0.12,0.01,1100.0,0.12,1573952.9,226.72,0.33,True,42.15,-0.1,-0.1,0.0,2025-12-18,9.38,1.39,2,9.37,9.37,9.88,True,True
18-12-2025 10:00,ESCOM,3.15,3.21,3.13,3.2,3344284.0,0.01,0.05,0.01,455.56,0.05,2131905.9,56.87,0.2,True,62.84,0.01,0.01,0.0,2025-12-18,3.15,1.59,0,,3.09,ATH,False,False
17-12-2025 17:00,MARMR,1.91,1.93,1.88,1.93,20534459.0,0.0,0.02,0.0,566.67,0.02,13640468.3,50.54,0.0,True,55.62,0.0,-0.0,0.0,2025-12-17,1.92,0.52,2,1.88,1.88,1.95,False,False
17-12-2025 17:00,EKOS,26.86,28.22,26.84,27.9,1682449.0,0.32,1.04,0.08,1268.42,1.04,365272.4,360.6,0.31,True,64.04,-0.08,-0.1,0.02,2025-12-17,27.14,2.8,0,,26.74,28.02,True,True
17-12-2025 17:00,PASEU,151.9,154.8,150.1,154.8,764266.0,0.0,2.9,0.32,806.25,2.9,232610.5,228.56,0.0,True,64.07,1.3,1.27,0.03,2025-12-17,152.0,1.84,2,150.1,150.1,156.8,False,False
17-12-2025 17:00,TKFEN,71.3,73.75,71.3,73.7,1500131.0,0.05,2.4,0.22,1016.28,2.4,456113.1,228.89,0.02,True,71.87,0.59,0.5,0.09,2025-12-17,71.65,2.86,0,,70.6,ATH,False,False
17-12-2025 17:00,ALKIM,18.4,19.0,18.38,18.83,2619181.0,0.17,0.43,0.06,654.39,0.43,688207.0,280.58,0.4,True,70.47,0.21,0.17,0.04,2025-12-17,18.14,3.8,1,19.0,16.85,19.0,False,False
17-12-2025 17:00,LIDFA,4.28,4.37,4.27,4.36,1220076.0,0.01,0.08,0.01,900.0,0.08,386688.3,215.52,0.12,True,57.59,-0.01,-0.01,0.0,2025-12-17,4.27,2.11,0,,4.26,4.44,False,False
17-12-2025 17:00,RTALB,3.7,3.75,3.69,3.75,8483011.0,0.0,0.05,0.01,525.0,0.05,3582407.4,136.8,0.0,True,62.91,0.0,-0.0,0.01,2025-12-17,3.67,2.18,1,3.75,3.66,3.81,False,False
17-12-2025 16:00,POLHO,17.71,18.0,17.7,17.95,291137.0,0.05,0.24,0.02,1400.0,0.24,182658.9,59.39,0.21,True,47.44,-0.06,-0.06,-0.0,2025-12-17,17.89,0.34,0,,17.91,18.09,False,False
17-12-2025 16:00,AKSA,10.17,10.27,10.17,10.25,3922401.0,0.02,0.08,0.01,566.67,0.08,1365475.3,187.26,0.25,True,63.84,0.02,0.01,0.01,2025-12-17,10.12,1.28,0,,10.08,ATH,False,False
17-12-2025 15:00,KAYSE,18.43,19.76,18.24,19.54,7110967.0,0.22,1.11,0.14,716.18,1.11,1165802.8,509.96,0.2,True,81.04,0.16,0.08,0.07,2025-12-17,18.09,8.02,1,19.76,17.8,19.76,False,False
17-12-2025 15:00,AHSGY,15.13,16.1,15.0,16.1,4969899.0,0.0,0.97,0.17,470.59,0.97,924432.4,437.62,0.0,True,72.59,0.17,0.08,0.08,2025-12-17,14.64,9.97,0,,14.02,ATH,False,False
17-12-2025 15:00,PENTA,13.96,14.39,13.92,14.36,1529823.0,0.03,0.4,0.05,716.33,0.4,252503.2,505.86,0.08,True,74.55,0.03,0.0,0.03,2025-12-17,13.89,3.38,0,,13.81,ATH,False,False
17-12-2025 15:00,BASGZ,43.72,44.32,43.72,44.22,143921.0,0.1,0.5,0.11,371.7,0.5,63646.3,126.13,0.2,True,72.04,0.32,0.25,0.08,2025-12-17,43.0,2.84,0,,41.88,ATH,False,False
17-12-2025 15:00,ERCB,73.15,74.0,73.1,73.8,392468.0,0.2,0.65,0.01,4233.33,0.65,195863.8,100.38,0.31,True,53.21,-0.1,-0.09,-0.01,2025-12-17,73.45,0.48,0,,72.85,79.9,False,False
17-12-2025 14:00,PAPIL,18.41,18.79,18.39,18.77,3810203.0,0.02,0.36,0.04,757.14,0.36,2397354.4,58.93,0.06,True,66.68,0.28,0.27,0.01,2025-12-17,18.2,3.13,0,,16.77,18.99,False,False
17-12-2025 14:00,THYAO,272.0,274.75,271.75,274.5,5536828.0,0.25,2.5,0.28,809.09,2.5,3109544.3,78.06,0.1,True,57.79,-0.05,0.06,-0.1,2025-12-17,273.25,0.46,0,,271.0,276.25,False,False
17-12-2025 13:00,LKMNH,17.2,18.08,17.18,17.99,1534876.0,0.09,0.79,0.08,863.41,0.79,448431.8,242.28,0.11,True,87.17,0.25,0.19,0.06,2025-12-17,17.05,5.51,0,,16.48,ATH,False,False
17-12-2025 13:00,ENERY,9.63,9.85,9.61,9.8,2493732.0,0.05,0.17,0.01,2733.33,0.17,1214211.3,105.38,0.29,True,42.93,-0.11,-0.11,0.0,2025-12-17,9.7,1.03,2,9.61,9.61,10.2,True,True
17-12-2025 13:00,SEGMN,18.5,18.95,18.49,18.86,421042.0,0.09,0.36,0.05,620.0,0.36,123095.0,242.05,0.25,True,64.16,-0.04,-0.06,0.02,2025-12-17,18.4,2.5,1,18.95,18.31,18.95,True,True
17-12-2025 13:00,BEGYO,5.2,5.59,5.19,5.52,20857911.0,0.07,0.32,0.05,595.65,0.32,4627180.8,350.77,0.22,True,80.09,0.03,-0.01,0.04,2025-12-17,5.1,8.24,0,,5.07,ATH,True,False
17-12-2025 13:00,BINHO,9.94,10.27,9.92,10.24,20056206.0,0.03,0.3,0.03,934.48,0.3,6298856.7,218.41,0.1,True,77.34,0.01,-0.01,0.03,2025-12-17,9.89,3.54,0,,9.88,ATH,True,False
17-12-2025 12:00,MTRYO,8.46,8.88,8.46,8.88,931496.0,0.0,0.42,0.07,500.0,0.42,170487.4,446.37,0.0,True,82.95,0.04,-0.02,0.06,2025-12-17,8.08,9.9,0,,8.02,ATH,False,False
17-12-2025 12:00,ECOGR,21.26,23.2,21.24,22.74,32547869.0,0.46,1.48,0.11,1198.25,1.48,4229626.9,669.52,0.31,True,74.02,0.03,-0.03,0.07,2025-12-17,21.4,6.26,1,23.2,21.08,23.2,False,False
17-12-2025 12:00,KIMMR,14.04,14.4,14.01,14.32,269237.0,0.08,0.28,0.02,1066.67,0.28,120272.1,123.86,0.29,True,64.2,0.09,0.07,0.02,2025-12-17,14.23,0.63,1,14.4,13.73,14.4,False,False
17-12-2025 12:00,KRPLS,7.99,8.19,7.98,8.15,434930.0,0.04,0.16,0.02,900.0,0.16,124505.1,249.33,0.25,True,65.98,0.03,0.03,0.0,2025-12-17,8.01,1.75,0,,7.97,8.25,False,False
17-12-2025 12:00,AZTEK,4.46,4.68,4.45,4.62,6268335.0,0.06,0.16,0.02,627.27,0.16,1190564.4,426.5,0.37,True,80.91,0.03,0.01,0.02,2025-12-17,4.39,5.24,0,,4.35,ATH,False,False
17-12-2025 11:00,AKSEN,60.9,61.9,60.85,61.7,1219780.0,0.2,0.8,0.05,1500.0,0.8,623835.7,95.53,0.25,True,59.26,-0.03,-0.1,0.06,2025-12-17,60.8,1.48,0,,58.7,62.6,False,False
17-12-2025 11:00,PNSUT,11.65,11.75,11.51,11.75,199306.0,0.0,0.1,0.0,2400.0,0.1,103222.8,93.08,0.0,True,54.43,-0.05,-0.05,0.01,2025-12-17,11.57,1.56,0,,11.47,12.21,False,False
17-12-2025 11:00,DOFER,53.3,55.3,53.15,55.1,738006.0,0.2,1.8,0.02,8900.0,1.8,441011.8,67.34,0.11,True,48.01,0.03,0.34,-0.3,2025-12-17,55.0,0.18,0,,53.0,58.95,False,False
17-12-2025 11:00,KONKA,15.34,15.88,15.17,15.85,1429789.0,0.03,0.51,0.09,454.35,0.51,635083.8,125.13,0.06,True,79.29,0.3,0.23,0.07,2025-12-17,15.28,3.73,0,,13.55,ATH,False,False
17-12-2025 11:00,PINSU,13.03,13.17,13.0,13.13,617878.0,0.04,0.1,0.01,1566.67,0.1,272521.4,126.73,0.4,True,50.54,-0.04,-0.03,-0.01,2025-12-17,13.05,0.61,0,,12.97,13.34,False,False
17-12-2025 10:00,ICUGS,2.78,2.87,2.77,2.87,7921472.0,0.0,0.09,0.01,900.0,0.09,1363050.4,481.16,0.0,True,71.52,0.0,-0.0,0.01,2025-12-17,2.78,3.24,0,,2.75,2.88,False,False
17-12-2025 10:00,ENDAE,15.02,15.98,15.02,15.86,4316535.0,0.12,0.84,0.12,594.21,0.84,949458.0,354.63,0.14,True,82.74,0.25,0.15,0.09,2025-12-17,15.0,5.73,0,,14.15,ATH,False,False
17-12-2025 10:00,UNLU,15.13,15.86,15.13,15.86,1057634.0,0.0,0.73,0.07,913.89,0.73,219111.9,382.69,0.0,True,67.9,0.03,0.0,0.03,2025-12-17,15.14,4.76,0,,15.06,ATH,False,False
17-12-2025 10:00,LIDER,54.2,56.25,54.1,55.75,650216.0,0.5,1.55,0.24,545.83,1.55,183816.5,253.73,0.32,True,57.79,0.15,0.12,0.03,2025-12-17,54.25,2.76,1,56.25,52.0,56.25,False,False
17-12-2025 10:00,DERHL,13.63,14.8,13.63,14.7,11405499.0,0.1,1.07,0.1,928.85,1.07,1410951.6,708.36,0.09,True,75.75,0.03,-0.03,0.07,2025-12-17,13.59,8.17,0,,13.55,ATH,True,True
17-12-2025 10:00,TRENJ,84.35,86.7,84.35,86.2,1464047.0,0.5,1.85,0.06,3263.64,1.85,412890.0,254.59,0.27,True,61.2,0.15,0.09,0.06,2025-12-17,84.2,2.38,1,86.7,81.0,86.7,False,False
17-12-2025 10:00,OBAMS,6.97,7.13,6.96,7.1,7893775.0,0.03,0.13,0.01,1200.0,0.13,2026214.9,289.58,0.23,True,56.84,-0.03,-0.05,0.02,2025-12-17,6.96,2.01,0,,6.82,7.15,False,False
17-12-2025 10:00,BIGEN,9.65,10.1,9.6,10.01,6733025.0,0.09,0.36,0.05,605.88,0.36,1979391.8,240.16,0.25,True,73.93,0.09,0.07,0.02,2025-12-17,9.63,3.95,3,,9.38,ATH,False,False
17-12-2025 10:00,CRDFA,59.45,65.2,59.3,64.4,905095.0,0.8,4.95,0.64,673.44,4.95,149005.1,507.43,0.16,True,84.75,1.67,1.05,0.63,2025-12-17,59.3,8.6,1,65.2,51.65,65.2,False,False
17-12-2025 10:00,DOGUB,52.8,57.0,51.85,56.9,509610.0,0.1,4.1,0.28,1390.91,4.1,141109.1,261.15,0.02,True,63.12,0.51,0.25,0.26,2025-12-17,54.55,4.31,0,,51.75,56.95,False,False
17-12-2025 10:00,FONET,2.86,2.91,2.84,2.91,8568647.0,0.0,0.05,0.0,1566.67,0.05,2534819.7,238.04,0.0,True,63.22,-0.0,-0.0,0.0,2025-12-17,2.85,2.11,0,,2.83,2.94,False,False
17-12-2025 10:00,FORMT,3.53,3.59,3.51,3.58,14609286.0,0.01,0.05,0.01,614.29,0.05,3260087.8,348.13,0.2,True,64.11,-0.0,-0.01,0.01,2025-12-17,3.5,2.29,1,3.59,3.47,3.59,False,False
17-12-2025 10:00,KLRHO,237.3,249.1,237.3,248.3,495069.0,0.8,11.0,1.8,511.11,11.0,199944.6,147.6,0.07,True,69.56,3.09,1.83,1.26,2025-12-17,237.5,4.55,0,,215.0,ATH,False,False
17-12-2025 10:00,AVGYO,10.96,12.0,10.95,11.98,1788634.0,0.02,1.02,0.1,951.55,1.02,342181.6,422.71,0.02,True,70.28,0.01,-0.03,0.04,2025-12-17,11.0,8.91,0,,10.63,ATH,False,False
17-12-2025 10:00,YAPRK,309.5,325.0,304.0,325.0,793125.0,0.0,15.5,1.55,900.0,15.5,89428.2,786.88,0.0,True,81.26,6.62,2.96,3.66,2025-12-17,295.5,9.98,1,325.0,268.75,ATH,False,False
16-12-2025 17:00,MARBL,12.95,13.04,12.93,13.04,188579.0,0.0,0.09,0.01,1185.71,0.09,106984.7,76.27,0.0,True,57.71,0.03,0.03,-0.01,2025-12-16,13.0,0.31,0,,12.75,13.22,False,False
16-12-2025 17:00,MOBTL,8.29,8.56,8.26,8.55,2908156.0,0.01,0.26,0.03,900.0,0.26,754301.9,285.54,0.04,True,68.1,0.01,-0.01,0.02,2025-12-16,8.27,3.39,0,,8.14,8.6,False,False
16-12-2025 17:00,DURKN,14.22,15.11,14.21,15.07,3911491.0,0.04,0.85,0.08,1018.42,0.85,508739.7,668.86,0.05,True,78.1,0.01,-0.03,0.04,2025-12-16,14.34,5.09,0,,14.17,ATH,True,True
16-12-2025 17:00,ALKA,11.56,12.24,11.3,12.24,13611998.0,0.0,0.68,0.08,806.67,0.68,3621817.3,275.83,0.0,True,80.67,0.42,0.38,0.04,2025-12-16,11.13,9.97,2,11.3,11.3,ATH,False,False
16-12-2025 17:00,KRDMD,28.0,28.46,27.92,28.38,16968853.0,0.08,0.38,0.03,1257.14,0.38,9801332.0,73.13,0.21,True,70.66,0.36,0.32,0.03,2025-12-16,27.2,4.34,0,,25.88,ATH,False,False
16-12-2025 17:00,BERA,17.34,17.62,17.32,17.6,4585595.0,0.02,0.26,0.03,687.88,0.26,882442.7,419.65,0.08,True,66.49,0.05,0.04,0.01,2025-12-16,17.25,2.03,0,,17.01,17.84,False,False
16-12-2025 17:00,FRIGO,9.91,10.15,9.9,10.1,2727568.0,0.05,0.19,0.01,1627.27,0.19,1025157.9,166.06,0.26,True,59.82,0.03,0.01,0.01,2025-12-16,10.02,0.8,0,,9.62,10.14,False,False
16-12-2025 16:00,EDATA,5.37,5.56,5.36,5.51,4701152.0,0.05,0.14,0.03,460.0,0.14,1114979.0,321.64,0.36,True,69.55,0.0,-0.02,0.03,2025-12-16,5.26,4.75,0,,5.24,5.55,False,False
16-12-2025 16:00,CGCAM,33.48,34.08,33.34,33.96,1540340.0,0.12,0.48,0.07,605.88,0.48,385844.5,299.21,0.25,True,67.07,0.0,-0.05,0.05,2025-12-16,33.3,1.98,1,34.08,33.0,34.08,True,False
16-12-2025 16:00,SMART,23.52,25.4,23.52,24.96,2864433.0,0.44,1.44,0.18,708.99,1.44,339948.9,742.61,0.31,True,81.68,0.06,-0.06,0.12,2025-12-16,23.14,7.87,0,,22.92,ATH,True,False
16-12-2025 15:00,CIMSA,48.56,49.06,48.54,49.0,986401.0,0.06,0.44,0.03,1471.43,0.44,581334.8,69.68,0.14,True,60.22,0.08,0.1,-0.02,2025-12-16,48.96,0.08,0,,48.04,49.3,False,False
16-12-2025 15:00,NTGAZ,9.94,10.05,9.94,10.05,869817.0,0.0,0.11,0.01,1000.0,0.11,397844.6,118.63,0.0,True,49.56,-0.05,-0.06,0.01,2025-12-16,10.01,0.4,0,,9.92,10.55,True,True
16-12-2025 15:00,KLKIM,33.54,34.12,33.5,34.06,503216.0,0.06,0.52,0.07,622.22,0.52,257766.6,95.22,0.12,True,70.33,0.26,0.25,0.0,2025-12-16,33.48,1.73,0,,32.5,ATH,False,False
16-12-2025 14:00,SEGYO,5.28,5.42,5.25,5.39,2894296.0,0.03,0.11,0.0,2100.0,0.11,1025792.4,182.15,0.27,True,52.13,-0.03,-0.03,0.0,2025-12-16,5.32,1.32,2,5.25,5.25,5.71,False,False
16-12-2025 14:00,ESEN,4.95,5.21,4.94,5.17,47003683.0,0.04,0.22,0.04,494.59,0.22,17267248.8,172.21,0.18,True,51.26,-0.11,-0.17,0.06,2025-12-16,4.9,5.51,0,,4.78,6.25,True,False
16-12-2025 13:00,KONTR,13.17,13.65,13.16,13.62,42736227.0,0.03,0.45,0.05,733.33,0.45,12370671.9,245.46,0.07,True,54.89,-0.19,-0.26,0.07,2025-12-16,13.21,3.1,0,,12.79,ATH,True,False
16-12-2025 12:00,SELVA,2.76,2.95,2.73,2.91,20517108.0,0.04,0.15,0.03,341.18,0.15,5177663.9,296.26,0.27,True,62.86,0.02,0.01,0.01,2025-12-16,2.8,3.93,0,,2.53,ATH,False,False
16-12-2025 11:00,ETILR,4.0,4.29,3.99,4.21,18902603.0,0.08,0.21,0.02,950.0,0.21,4066076.9,364.89,0.38,True,59.75,-0.04,-0.05,0.01,2025-12-16,3.96,6.31,1,4.29,3.89,4.29,False,False
16-12-2025 10:00,DMRGD,3.5,3.72,3.49,3.71,34092099.0,0.01,0.21,0.02,1135.29,0.21,6384047.3,434.02,0.05,True,78.07,0.05,0.04,0.01,2025-12-16,3.47,6.92,0,,3.04,ATH,False,False
16-12-2025 10:00,OZSUB,19.23,20.18,19.17,20.04,1431541.0,0.14,0.81,0.12,563.93,0.81,228938.7,525.29,0.17,True,83.19,0.14,0.04,0.1,2025-12-16,19.13,4.76,0,,18.45,ATH,False,False
16-12-2025 10:00,PETUN,11.43,11.61,11.42,11.56,504545.0,0.05,0.13,0.0,4233.33,0.13,159661.5,216.01,0.38,True,62.67,0.01,0.01,0.0,2025-12-16,11.38,1.58,1,11.61,11.34,11.61,False,False
16-12-2025 10:00,DSTKF,535.0,564.0,535.0,558.5,1066769.0,5.5,23.5,2.35,900.0,23.5,398573.0,167.65,0.23,True,71.79,-0.2,-2.53,2.32,2025-12-16,534.0,4.59,0,,526.5,ATH,False,False
16-12-2025 10:00,CEMAS,4.77,4.84,4.77,4.82,4405461.0,0.02,0.05,0.0,4900.0,0.05,1638605.9,168.85,0.4,True,56.79,-0.01,-0.02,0.01,2025-12-16,4.76,1.26,1,4.84,4.74,4.84,True,True
16-12-2025 10:00,SMRVA,240.2,281.75,237.7,279.75,4211090.0,2.0,39.55,3.96,900.0,39.55,477216.3,782.43,0.05,True,47.06,-15.17,-17.44,2.27,2025-12-16,260.25,7.49,2,237.7,237.7,396.0,True,True
15-12-2025 17:00,OYAKC,24.86,25.0,24.84,24.98,3253540.0,0.02,0.12,0.0,2900.0,0.12,1817160.6,79.05,0.17,True,51.73,-0.05,-0.07,0.02,2025-12-15,24.88,0.4,0,,24.66,25.3,True,True
15-12-2025 17:00,BMSTL,111.5,117.2,111.0,116.6,484220.0,0.6,5.1,0.99,415.15,5.1,144910.0,234.15,0.12,True,76.52,1.59,0.99,0.6,2025-12-15,107.1,8.87,0,,105.0,ATH,False,False
15-12-2025 16:00,SAMAT,6.61,6.88,6.58,6.84,1815290.0,0.04,0.23,0.06,303.51,0.23,455989.0,298.1,0.17,True,77.8,0.09,0.04,0.05,2025-12-15,6.26,9.27,0,,6.09,ATH,False,False
15-12-2025 16:00,YYLGD,10.24,10.36,10.22,10.35,626464.0,0.01,0.11,0.02,587.5,0.11,356497.8,75.73,0.09,True,70.54,0.03,0.01,0.02,2025-12-15,10.12,2.27,0,,10.07,ATH,False,False
15-12-2025 16:00,SKTAS,4.38,4.59,4.37,4.55,6341624.0,0.04,0.17,0.03,486.21,0.17,1466454.2,332.45,0.24,True,80.52,0.06,0.03,0.02,2025-12-15,4.27,6.56,0,,4.15,ATH,False,False
15-12-2025 15:00,KRDMA,26.56,26.94,26.5,26.88,260179.0,0.06,0.32,0.03,900.0,0.32,170612.9,52.5,0.19,True,63.91,0.19,0.18,0.01,2025-12-15,26.46,1.59,0,,ATL,27.14,False,False
15-12-2025 15:00,ENJSA,88.6,89.55,88.25,89.3,738217.0,0.25,0.7,0.1,636.84,0.7,424971.8,73.71,0.36,True,76.28,0.99,0.92,0.07,2025-12-15,89.0,0.34,0,,83.45,89.8,False,False
15-12-2025 14:00,SURGY,45.86,46.58,45.74,46.56,1082073.0,0.02,0.7,0.03,2592.31,0.7,501301.4,115.85,0.03,True,46.11,-0.37,-0.36,-0.01,2025-12-15,46.0,1.22,0,,ATL,47.94,True,True
15-12-2025 13:00,IHEVA,2.23,2.34,2.23,2.32,1299104.0,0.02,0.09,0.01,650.0,0.09,274112.3,373.93,0.22,True,78.02,0.01,0.0,0.01,2025-12-15,2.24,3.57,1,2.34,2.21,2.34,False,False
15-12-2025 13:00,HALKB,36.06,36.56,36.04,36.52,7223493.0,0.04,0.46,0.02,1816.67,0.46,4493136.8,60.77,0.09,True,51.86,-0.1,-0.13,0.03,2025-12-15,36.34,0.5,0,,35.94,36.62,True,False
15-12-2025 12:00,BMSCH,25.7,26.76,25.64,26.6,699423.0,0.16,0.9,0.09,857.45,0.9,232032.5,201.43,0.18,True,73.72,0.2,0.15,0.05,2025-12-15,25.26,5.3,0,,23.82,ATH,False,False
15-12-2025 12:00,BOBET,19.09,19.23,19.08,19.21,344941.0,0.02,0.12,0.01,1233.33,0.12,174252.7,97.95,0.17,True,65.64,0.02,0.01,0.01,2025-12-15,19.02,1.0,1,19.23,18.98,19.23,False,False
15-12-2025 12:00,KAREL,8.89,9.17,8.82,9.11,1873006.0,0.06,0.22,0.01,3042.86,0.22,700169.8,167.51,0.27,True,62.12,-0.03,-0.05,0.02,2025-12-15,8.8,3.52,1,9.17,8.75,9.17,True,False
15-12-2025 12:00,ISMEN,41.24,41.52,41.1,41.5,1333365.0,0.02,0.26,0.03,712.5,0.26,584015.3,128.31,0.08,True,64.07,0.08,0.03,0.04,2025-12-15,41.24,0.63,0,,40.56,ATH,False,False
15-12-2025 12:00,YAYLA,30.14,31.86,30.14,31.46,732945.0,0.4,1.32,0.16,704.88,1.32,136741.6,436.01,0.3,True,73.96,0.05,-0.08,0.13,2025-12-15,29.72,5.85,1,31.86,29.54,31.86,False,False
15-12-2025 12:00,EUPWR,30.46,31.56,30.44,31.5,2948074.0,0.06,1.04,0.13,712.5,1.04,1079343.7,173.14,0.06,True,71.14,0.0,-0.15,0.15,2025-12-15,30.2,4.3,0,,29.8,ATH,True,False
15-12-2025 11:00,FROTO,97.2,99.2,97.2,98.95,4285641.0,0.25,1.75,0.27,560.38,1.75,1841640.8,132.71,0.14,True,82.09,1.41,1.2,0.21,2025-12-15,96.9,2.12,0,,90.35,ATH,False,False
15-12-2025 11:00,TOASO,239.2,242.0,239.2,241.3,1075934.0,0.7,2.1,0.23,813.04,2.1,442210.6,143.31,0.33,True,64.37,1.05,0.53,0.52,2025-12-15,240.0,0.54,0,,232.7,ATH,False,False
15-12-2025 11:00,XU030,12402.37,12504.9,12402.37,12484.91,453230026.0,19.99,82.54,23.3,254.22,82.54,237295545.1,91.0,0.24,True,82.6,46.52,24.88,21.64,2025-12-15,12289.11,1.59,1,12504.9,12143.02,12504.9,False,False
15-12-2025 11:00,YYAPI,2.07,2.12,2.07,2.11,50020052.0,0.01,0.04,0.01,344.44,0.04,16543986.5,202.35,0.25,True,65.55,0.01,0.0,0.01,2025-12-15,2.05,2.93,0,,2.0,ATH,False,False
15-12-2025 11:00,SAHOL,86.15,87.2,86.15,87.05,5715029.0,0.15,0.9,0.08,958.82,0.9,2367440.0,141.4,0.17,True,64.75,0.24,0.13,0.11,2025-12-15,86.15,1.04,0,,85.3,87.2,False,False
15-12-2025 11:00,XU100,11387.53,11460.04,11387.36,11448.18,766927468.0,11.86,60.65,16.0,278.97,60.65,489596372.1,56.64,0.2,True,80.97,33.91,18.33,15.57,2025-12-15,11311.31,1.21,0,,11170.79,ATH,False,False
15-12-2025 11:00,MGROS,532.5,542.0,532.0,541.5,468112.0,0.5,9.0,0.25,3500.0,9.0,229117.6,104.31,0.06,True,74.86,3.12,2.79,0.33,2025-12-15,533.0,1.59,0,,530.5,ATH,False,False
15-12-2025 11:00,DURDO,3.9,4.01,3.89,4.0,1884278.0,0.01,0.1,0.02,334.78,0.1,1039483.0,81.27,0.1,True,81.37,0.04,0.02,0.02,2025-12-15,3.76,6.38,1,4.01,3.65,4.01,False,False
15-12-2025 11:00,GOZDE,22.18,22.4,22.16,22.38,201488.0,0.02,0.2,0.01,3233.33,0.2,96737.3,108.28,0.1,True,64.9,0.05,0.04,0.01,2025-12-15,22.18,0.9,0,,22.0,22.5,False,False
15-12-2025 11:00,KCHOL,175.6,177.6,175.6,177.2,8218884.0,0.4,1.6,0.2,700.0,1.6,2804632.2,193.05,0.25,True,68.44,0.73,0.5,0.24,2025-12-15,175.4,1.03,0,,171.4,ATH,False,False
15-12-2025 11:00,TAVHL,302.25,310.25,302.25,309.0,587712.0,1.25,6.75,0.98,592.31,6.75,200357.0,193.33,0.19,True,75.22,2.57,2.24,0.34,2025-12-15,303.25,1.9,0,,ATL,ATH,False,False
15-12-2025 11:00,BIMAS,562.0,574.5,562.0,574.5,1188288.0,0.0,12.5,2.05,509.76,12.5,580043.1,104.86,0.0,True,84.38,6.39,5.29,1.1,2025-12-15,557.0,3.14,0,,531.0,ATH,False,False
15-12-2025 11:00,ULKER,115.6,116.5,115.6,116.3,751248.0,0.2,0.7,0.08,775.0,0.7,401283.2,87.21,0.29,True,61.63,0.24,0.15,0.1,2025-12-15,115.8,0.43,0,,115.1,116.4,False,False
15-12-2025 11:00,BESLR,12.73,12.87,12.73,12.84,861202.0,0.03,0.11,0.01,816.67,0.11,207865.9,314.31,0.27,True,67.4,0.01,-0.01,0.02,2025-12-15,12.67,1.34,1,12.87,12.56,12.87,False,False
15-12-2025 10:00,TUREX,7.6,7.68,7.59,7.68,3329244.0,0.0,0.08,0.0,3900.0,0.08,1373260.7,142.43,0.0,True,57.61,-0.01,-0.01,0.0,2025-12-15,7.58,1.32,0,,7.57,7.69,True,True
15-12-2025 10:00,ASTOR,105.2,108.6,104.9,108.4,10553532.0,0.2,3.2,0.42,661.9,3.2,3167173.3,233.22,0.06,True,82.58,0.76,0.35,0.41,2025-12-15,104.3,3.93,0,,102.5,ATH,False,False
15-12-2025 10:00,AKFYE,17.58,17.71,17.55,17.69,727288.0,0.02,0.11,0.0,3.0962247438172904e+16,0.11,323557.7,124.78,0.18,True,62.61,0.02,0.02,0.01,2025-12-15,17.54,0.86,0,,17.32,17.76,False,False
15-12-2025 10:00,VAKFA,13.11,14.17,13.07,14.03,40765618.0,0.14,0.92,0.07,1214.29,0.92,6038804.7,575.06,0.15,True,64.02,-0.1,-0.13,0.04,2025-12-15,13.07,7.35,3,,13.07,14.25,True,True
15-12-2025 10:00,A1YEN,30.32,30.8,30.3,30.76,318568.0,0.04,0.44,0.0,10900.0,0.44,122455.8,160.15,0.09,True,59.71,-0.03,-0.04,0.0,2025-12-15,30.28,1.59,1,30.8,30.06,30.8,True,True
15-12-2025 10:00,PRDGS,6.11,6.21,6.1,6.19,1195169.0,0.02,0.08,0.0,7900.0,0.08,436114.3,174.05,0.25,True,55.31,-0.02,-0.02,0.0,2025-12-15,6.1,1.48,0,,6.07,6.31,True,True
15-12-2025 10:00,EREGL,24.6,24.96,24.58,24.88,48862147.0,0.08,0.28,0.03,775.0,0.28,25063435.1,94.95,0.29,True,72.84,0.1,0.08,0.02,2025-12-15,24.56,1.3,0,,23.98,25.04,False,False
15-12-2025 10:00,IHYAY,2.16,2.2,2.16,2.2,1894828.0,0.0,0.04,0.0,1233.33,0.04,969426.9,95.46,0.0,True,61.28,-0.0,-0.0,0.0,2025-12-15,2.16,1.85,0,,2.14,ATH,False,False
15-12-2025 10:00,IHLGM,2.27,2.34,2.26,2.34,9177275.0,0.0,0.07,0.01,600.0,0.07,1906233.4,381.44,0.0,True,70.56,0.01,0.0,0.01,2025-12-15,2.26,3.54,1,2.34,2.22,2.36,False,False
15-12-2025 10:00,IHLAS,2.51,2.61,2.48,2.61,37375724.0,0.0,0.1,0.01,1566.67,0.1,12539298.9,198.07,0.0,True,57.38,-0.02,-0.02,0.0,2025-12-15,2.5,4.4,0,,2.47,2.66,True,True
15-12-2025 10:00,KTSKR,80.55,83.25,80.15,82.95,261366.0,0.3,2.4,0.23,921.28,2.4,54169.5,382.5,0.12,True,73.91,0.52,0.32,0.2,2025-12-15,80.1,3.56,0,,77.3,ATH,False,False
15-12-2025 10:00,EMKEL,75.15,80.0,75.15,79.3,3434931.0,0.7,4.15,0.34,1120.59,4.15,941746.8,264.74,0.17,True,77.66,0.83,0.6,0.23,2025-12-15,73.6,7.74,1,80.0,ATL,80.0,False,False
15-12-2025 10:00,DGNMO,5.36,5.45,5.36,5.44,529537.0,0.01,0.08,0.0,1500.0,0.08,133879.1,295.53,0.12,True,70.44,0.0,-0.0,0.01,2025-12-15,5.35,1.68,0,,5.3,5.46,False,False
12-12-2025 17:00,HOROZ,64.95,66.55,64.8,66.2,332047.0,0.35,1.25,0.14,792.86,1.25,175747.7,88.93,0.28,True,74.81,0.82,0.64,0.17,2025-12-12,64.9,2.0,0,,60.8,ATH,False,False
12-12-2025 17:00,OYLUM,10.15,10.5,10.14,10.49,367817.0,0.01,0.34,0.01,2733.33,0.34,237040.6,55.17,0.03,True,57.18,0.05,0.06,-0.01,2025-12-12,10.55,-0.57,0,,10.08,10.68,False,False
12-12-2025 17:00,LMKDC,28.42,28.94,28.42,28.86,656257.0,0.08,0.44,0.02,1733.33,0.44,279032.6,135.19,0.18,True,66.64,0.07,0.06,0.01,2025-12-12,28.56,1.05,0,,28.32,ATH,False,False
12-12-2025 17:00,GENIL,194.6,198.0,194.5,197.9,399835.0,0.1,3.3,0.51,547.06,3.3,75435.1,430.04,0.03,True,68.0,0.06,-0.51,0.57,2025-12-12,192.6,2.75,0,,188.5,199.6,False,False
12-12-2025 16:00,TCELL,102.3,104.2,102.3,103.8,5755855.0,0.4,1.5,0.22,581.82,1.5,2864505.2,100.94,0.27,True,72.48,0.29,0.06,0.23,2025-12-12,100.5,3.28,0,,ATL,ATH,False,False
12-12-2025 16:00,HATEK,16.8,17.58,16.72,17.55,822976.0,0.03,0.75,0.06,1193.1,0.75,327917.9,150.97,0.04,True,53.79,-0.25,-0.32,0.07,2025-12-12,16.77,4.65,0,,16.57,18.58,True,False
12-12-2025 16:00,ZEDUR,8.76,8.99,8.76,8.97,1027316.0,0.02,0.21,0.01,1300.0,0.21,279841.2,267.11,0.1,True,66.63,0.06,0.06,0.0,2025-12-12,8.73,2.75,0,,8.7,8.99,False,False
12-12-2025 15:00,BOSSA,6.7,6.76,6.69,6.76,237301.0,0.0,0.06,0.0,2900.0,0.06,107785.7,120.16,0.0,True,52.46,-0.0,0.0,-0.0,2025-12-12,6.73,0.45,2,6.69,6.69,6.82,False,False
12-12-2025 15:00,TSPOR,1.2,1.21,1.19,1.21,42202698.0,0.0,0.01,0.0,900.0,0.01,27720436.7,52.24,0.0,True,57.25,0.0,0.0,0.0,2025-12-12,1.21,0.0,2,1.19,1.19,1.25,False,False
12-12-2025 15:00,HKTM,11.79,12.17,11.76,12.1,772286.0,0.07,0.31,0.02,1966.67,0.31,227584.4,239.34,0.23,True,57.22,-0.05,-0.07,0.01,2025-12-12,11.9,1.68,0,,ATL,ATH,True,True
12-12-2025 14:00,SEKUR,3.97,4.04,3.95,4.03,223162.0,0.01,0.06,0.0,1400.0,0.06,135350.8,64.88,0.17,True,49.42,-0.02,-0.02,-0.0,2025-12-12,4.0,0.75,0,,3.91,4.14,True,True
12-12-2025 14:00,KOPOL,5.74,6.23,5.7,6.23,20025203.0,0.0,0.49,0.05,860.78,0.49,2617485.7,665.05,0.0,True,85.16,0.05,0.02,0.03,2025-12-12,5.67,9.88,0,,ATL,ATH,False,False
12-12-2025 13:00,YUNSA,8.22,8.35,8.22,8.33,1122207.0,0.02,0.11,0.02,478.95,0.11,447844.3,150.58,0.18,True,67.17,0.01,-0.01,0.02,2025-12-12,8.13,2.46,0,,7.87,8.38,False,False
12-12-2025 13:00,GSDDE,10.14,10.5,10.13,10.5,968977.0,0.0,0.36,0.03,1025.0,0.36,528506.7,83.34,0.0,True,69.33,0.11,0.09,0.02,2025-12-12,10.26,2.34,1,10.5,9.62,ATH,False,False
12-12-2025 12:00,GSDHO,4.8,4.91,4.79,4.89,2977835.0,0.02,0.09,0.01,1400.0,0.09,976446.7,204.97,0.22,True,68.4,0.01,-0.0,0.01,2025-12-12,4.75,2.95,1,4.91,4.73,4.91,False,False
12-12-2025 12:00,BLCYT,33.74,34.64,33.7,34.6,277706.0,0.04,0.86,0.1,777.55,0.86,135067.7,105.61,0.05,True,65.59,0.12,0.05,0.07,2025-12-12,33.7,2.67,1,34.64,33.28,34.64,False,False
12-12-2025 11:00,SKBNK,7.72,7.97,7.72,7.9,11644954.0,0.07,0.18,0.01,1900.0,0.18,3731369.8,212.08,0.39,True,65.48,0.0,-0.01,0.01,2025-12-12,7.7,2.6,0,,7.68,ATH,False,False
12-12-2025 11:00,DOAS,192.2,194.1,192.1,193.7,502210.0,0.4,1.5,0.2,650.0,1.5,195371.1,157.05,0.27,True,71.29,0.9,0.57,0.33,2025-12-12,190.8,1.52,1,194.1,187.2,194.1,False,False
12-12-2025 10:00,AFYON,13.59,13.7,13.59,13.68,477060.0,0.02,0.09,0.01,1025.0,0.09,284178.5,67.87,0.22,True,70.37,0.04,0.03,0.01,2025-12-12,13.57,0.81,1,13.7,13.38,13.7,False,False
12-12-2025 10:00,AKFIS,21.58,21.72,21.48,21.68,355227.0,0.04,0.1,0.0,2400.0,0.1,179709.7,97.67,0.4,True,63.03,0.01,-0.01,0.02,2025-12-12,21.5,0.84,0,,21.24,ATH,False,False
12-12-2025 10:00,AKYHO,2.86,2.89,2.84,2.89,336164.0,0.0,0.03,0.01,500.0,0.03,166896.0,101.42,0.0,True,50.68,-0.0,-0.01,0.0,2025-12-12,2.87,0.7,0,,2.82,2.91,False,False
12-12-2025 10:00,MAVI,38.5,39.74,38.5,39.64,5466117.0,0.1,1.14,0.08,1361.54,1.14,1834686.2,197.93,0.09,True,75.28,0.38,0.3,0.08,2025-12-12,38.48,3.01,0,,36.88,39.8,False,False
12-12-2025 10:00,CRFSA,122.0,133.0,122.0,131.5,1637680.0,1.5,9.5,0.96,889.58,9.5,224950.9,628.02,0.16,True,83.1,2.0,1.48,0.52,2025-12-12,121.0,8.68,0,,112.0,ATH,False,False
12-12-2025 10:00,KRSTL,10.48,10.67,10.45,10.67,850994.0,0.0,0.19,0.03,578.57,0.19,498589.4,70.68,0.0,True,64.58,0.03,0.02,0.01,2025-12-12,10.45,2.11,0,,10.34,10.85,False,False
11-12-2025 17:00,SELEC,70.55,72.35,70.35,72.3,436338.0,0.05,1.75,0.34,414.71,1.75,130372.5,234.69,0.03,True,72.95,0.12,-0.14,0.26,2025-12-11,69.05,4.71,0,,68.65,ATH,False,False
11-12-2025 17:00,PAHOL,1.6,1.67,1.59,1.66,344710895.0,0.01,0.06,0.0,1100.0,0.06,95855092.2,259.62,0.17,True,55.68,-0.01,-0.01,0.0,2025-12-11,1.61,3.11,3,,1.59,1.73,False,False
11-12-2025 17:00,IZMDC,7.03,7.18,7.03,7.15,3164597.0,0.03,0.12,0.03,328.57,0.12,932954.7,239.2,0.25,True,63.05,-0.01,-0.03,0.03,2025-12-11,6.85,4.38,0,,6.7,7.28,False,False
11-12-2025 16:00,SKYMD,12.18,12.35,12.13,12.33,600018.0,0.02,0.15,0.02,650.0,0.15,227350.7,163.92,0.13,True,62.09,0.02,0.0,0.01,2025-12-11,12.09,1.99,0,,12.04,ATH,False,False
11-12-2025 15:00,CONSE,3.12,3.2,3.11,3.19,15162203.0,0.01,0.07,0.0,1650.0,0.07,2194639.9,590.87,0.14,True,69.49,0.01,0.0,0.0,2025-12-11,3.11,2.57,0,,3.08,ATH,False,False
11-12-2025 15:00,IMASM,5.11,5.52,5.11,5.49,94790010.0,0.03,0.38,0.05,616.98,0.38,14572357.2,550.48,0.08,True,70.36,0.04,0.01,0.03,2025-12-11,5.02,9.36,0,,4.87,ATH,False,False
11-12-2025 12:00,CELHA,9.57,10.57,9.55,10.57,8833762.0,0.0,1.0,0.07,1349.28,1.0,1211247.8,629.31,0.0,True,75.25,0.03,-0.01,0.04,2025-12-11,9.61,9.99,0,,9.53,ATH,False,False
11-12-2025 12:00,AGROT,6.98,7.06,6.98,7.05,2334067.0,0.01,0.07,0.0,2233.33,0.07,866240.3,169.45,0.14,True,61.44,-0.01,-0.01,0.0,2025-12-11,6.95,1.44,1,7.06,6.95,7.06,False,False
11-12-2025 11:00,PENGD,8.37,8.45,8.35,8.44,486658.0,0.01,0.07,0.0,3400.0,0.07,274553.8,77.25,0.14,True,66.5,0.01,-0.0,0.01,2025-12-11,8.25,2.3,0,,8.24,ATH,False,False
11-12-2025 11:00,TRILC,16.97,17.11,16.94,17.09,535156.0,0.02,0.12,0.01,823.08,0.12,322398.9,65.99,0.17,True,66.23,0.04,0.02,0.01,2025-12-11,16.78,1.85,0,,16.7,ATH,False,False
11-12-2025 11:00,HUBVC,2.91,3.0,2.87,2.98,1412677.0,0.02,0.07,0.01,1066.67,0.07,928292.1,52.18,0.29,True,90.9,0.05,0.04,0.01,2025-12-11,2.87,3.83,0,,2.6,3.04,False,False
11-12-2025 11:00,VKING,37.9,39.44,37.62,39.02,505775.0,0.42,1.12,0.11,882.46,1.12,179097.7,182.4,0.37,True,58.82,-0.21,-0.29,0.09,2025-12-11,37.0,5.46,0,,36.28,ATH,False,False
11-12-2025 11:00,JANTS,19.42,19.63,19.41,19.61,878256.0,0.02,0.19,0.02,1017.65,0.19,260663.0,236.93,0.11,True,72.31,0.02,0.01,0.01,2025-12-11,19.4,1.08,0,,19.27,ATH,False,False
11-12-2025 11:00,EPLAS,5.15,5.2,5.14,5.19,379640.0,0.01,0.04,0.0,3900.0,0.04,202444.6,87.53,0.25,True,58.12,-0.0,-0.01,0.0,2025-12-11,5.13,1.17,0,,5.1,5.21,False,False
11-12-2025 10:00,ANGEN,11.62,11.73,11.62,11.72,239814.0,0.01,0.1,0.0,4900.0,0.1,157282.3,52.47,0.1,True,60.54,-0.0,-0.0,-0.0,2025-12-11,11.6,1.03,0,,11.49,ATH,False,False
11-12-2025 10:00,CANTE,2.14,2.19,2.14,2.18,137566480.0,0.01,0.04,0.0,900.0,0.04,48454795.8,183.91,0.25,True,57.91,0.0,0.01,-0.0,2025-12-11,2.13,2.35,0,,2.13,2.23,False,False
11-12-2025 10:00,EKSUN,5.62,5.68,5.61,5.67,320768.0,0.01,0.05,0.0,4900.0,0.05,142654.5,124.86,0.2,True,65.79,0.0,0.0,0.0,2025-12-11,5.6,1.25,0,,5.59,ATH,False,False
11-12-2025 10:00,KOTON,15.5,15.83,15.35,15.75,880767.0,0.08,0.25,0.01,1685.71,0.25,439851.7,100.24,0.32,True,66.93,0.11,0.1,0.01,2025-12-11,15.49,1.68,2,15.35,15.35,15.85,False,False
11-12-2025 10:00,HDFGS,2.84,2.91,2.79,2.9,32431649.0,0.01,0.06,0.0,1900.0,0.06,8667315.6,274.18,0.17,True,52.89,-0.01,-0.01,0.0,2025-12-11,2.82,2.84,3,,2.79,2.94,False,False
11-12-2025 10:00,HEDEF,56.0,58.45,54.85,58.35,2006327.0,0.1,2.35,0.24,900.0,2.35,374637.4,435.54,0.04,True,78.84,0.41,0.16,0.25,2025-12-11,55.8,4.57,0,,54.0,ATH,False,False
11-12-2025 10:00,SEYKM,6.3,6.7,6.17,6.61,1359070.0,0.09,0.31,0.06,434.48,0.31,488924.6,177.97,0.29,True,83.53,0.14,0.11,0.03,2025-12-11,6.36,3.93,1,6.7,ATL,6.7,False,False
10-12-2025 17:00,DCTTR,25.56,26.2,25.44,26.02,1257129.0,0.18,0.46,0.03,1337.5,0.46,246884.7,409.2,0.39,True,64.45,0.03,0.01,0.01,2025-12-10,25.6,1.64,2,25.44,25.44,ATH,False,False
10-12-2025 17:00,DYOBY,13.61,14.38,13.6,14.21,3442003.0,0.17,0.6,0.09,552.17,0.6,530533.2,548.78,0.28,True,92.36,0.09,0.03,0.06,2025-12-10,13.28,7.0,1,14.38,13.23,14.38,False,False
10-12-2025 15:00,EGEPO,7.12,7.5,7.11,7.43,2983276.0,0.07,0.31,0.02,1531.58,0.31,562030.2,430.8,0.23,True,69.39,-0.0,-0.01,0.01,2025-12-10,7.18,3.48,1,7.5,7.08,7.5,False,False
10-12-2025 15:00,SERNT,8.32,8.87,8.31,8.8,5803092.0,0.07,0.48,0.05,860.0,0.48,1152604.0,403.48,0.15,True,86.77,0.05,0.03,0.03,2025-12-10,8.23,6.93,0,,ATL,ATH,False,False
10-12-2025 14:00,IHGZT,1.74,1.77,1.74,1.77,6684352.0,0.0,0.03,0.01,400.0,0.03,3557758.0,87.88,0.0,True,63.98,0.0,-0.0,0.0,2025-12-10,1.73,2.31,1,1.77,1.72,ATH,False,False
10-12-2025 12:00,KOCMT,2.98,3.03,2.98,3.03,10082186.0,0.0,0.05,0.0,1566.67,0.05,6543091.5,54.09,0.0,True,66.39,0.0,0.0,0.0,2025-12-10,2.99,1.34,0,,ATL,ATH,False,False
10-12-2025 12:00,TUPRS,197.2,199.4,196.8,199.2,2794569.0,0.2,2.0,0.03,6566.67,2.0,1774490.8,57.49,0.1,True,56.21,-0.1,-0.15,0.06,2025-12-10,197.5,0.86,0,,196.6,ATH,False,False
10-12-2025 11:00,BARMA,31.92,32.8,31.92,32.76,554141.0,0.04,0.84,0.07,1066.67,0.84,307328.2,80.31,0.05,True,65.33,0.08,0.04,0.04,2025-12-10,32.3,1.42,0,,ATL,ATH,False,False
10-12-2025 11:00,MERCN,18.37,19.19,18.23,18.96,2721084.0,0.23,0.59,0.11,431.53,0.59,808184.2,236.69,0.39,True,77.44,0.1,0.03,0.06,2025-12-10,18.34,3.38,0,,ATL,ATH,False,False
10-12-2025 10:00,GSRAY,1.28,1.29,1.27,1.29,71608217.0,0.0,0.01,0.0,900.0,0.01,24878984.1,187.83,0.0,True,40.16,-0.0,-0.0,-0.0,2025-12-10,1.3,-0.77,0,,ATL,1.31,False,False
10-12-2025 10:00,MOPAS,32.12,34.04,32.0,34.02,2214373.0,0.02,1.9,0.23,711.97,1.9,453462.1,388.33,0.01,True,88.48,0.16,0.05,0.11,2025-12-10,32.02,6.25,0,,ATL,ATH,False,False
10-12-2025 10:00,YIGIT,23.86,24.1,23.84,24.04,399983.0,0.06,0.18,0.03,462.5,0.18,140490.6,184.7,0.33,True,77.41,0.02,0.01,0.02,2025-12-10,23.86,0.75,0,,ATL,ATH,False,False
10-12-2025 10:00,BORLS,6.55,6.69,6.43,6.69,34165229.0,0.0,0.14,0.01,900.0,0.14,5683403.3,501.14,0.0,True,100.0,0.09,0.06,0.04,2025-12-10,6.09,9.85,1,6.69,ATL,ATH,False,False
10-12-2025 10:00,SRVGY,3.55,3.63,3.53,3.63,17922885.0,0.0,0.08,0.02,433.33,0.08,6657054.8,169.23,0.0,True,76.72,0.01,0.01,0.0,2025-12-10,3.55,2.25,0,,ATL,ATH,False,False
09-12-2025 17:00,PATEK,24.62,26.5,24.52,26.44,10538542.0,0.06,1.82,0.22,734.86,1.82,2392770.9,340.43,0.03,True,93.2,0.13,0.04,0.08,2025-12-09,24.16,9.44,0,,ATL,ATH,False,False
09-12-2025 17:00,DZGYO,7.62,7.9,7.6,7.87,5482954.0,0.03,0.25,0.02,1462.5,0.25,1426864.1,284.27,0.12,True,69.53,0.0,-0.0,0.0,2025-12-09,7.74,1.68,0,,7.57,ATH,False,False
09-12-2025 17:00,BIGCH,70.35,75.0,69.55,75.0,552636.0,0.0,4.65,0.3,1476.27,4.65,337858.3,63.57,0.0,True,68.48,0.05,-0.05,0.1,2025-12-09,72.4,3.59,1,75.0,ATL,ATH,False,False
09-12-2025 17:00,TATGD,12.78,13.32,12.74,13.2,1785952.0,0.12,0.42,0.03,1400.0,0.42,324978.5,449.56,0.29,True,75.48,0.01,-0.0,0.01,2025-12-09,12.88,2.48,3,,ATL,ATH,False,False
05-12-2025 10:00,BURCE,47.7,52.9,47.66,51.6,559291.0,1.3,3.9,0.37,954.05,3.9,139002.4,302.36,0.33,True,57.4,1.29,1.69,-0.4,2025-12-05,52.95,-2.55,2,47.66,47.66,54.6,False,False
